Player,Nation,Pos,Secondary_Pos,Born
Patrick van Aanholt,nl NED,DF,MF,1990
Patrick van Aanholt,nl NED,DF,MF,1990
Ignazio Abate,it ITA,DF,,1986
Yunis Abdelhamid,ma MAR,DF,,1987
Aymen Abdennour,tn TUN,DF,,1989
Mehdi Abeid,dz ALG,MF,,1992
David Abraham,ar ARG,DF,,1986
Amir Abrashi,al ALB,MF,,1990
Francesco Acerbi,it ITA,DF,,1988
Geoffrey Acheampong,gh GHA,MF,,1997
Maxwell Acosty,gh GHA,MF,FW,1991
Afriyie Acquah,gh GHA,MF,,1992
Charlie Adam,sco SCO,MF,,1985
Jordan Adéoti,bj BEN,DF,,1989
Claud Adjapong,it ITA,DF,FW,1998
Ali Adnan Kadhim,iq IRQ,DF,FW,1993
Albert Adomah,gh GHA,DF,FW,1987
Luiz Adriano,br BRA,DF,FW,1987
Aritz Aduriz,es ESP,DF,FW,1981
Ibrahim Afellay,nl NED,MF,,1986
Akram Afif,qa QAT,MF,,1996
Benik Afobe,cd COD,FW,,1993
Sergio Agüero,ar ARG,FW,,1988
Dan Agyei,eng ENG,FW,,1997
Emmanuel Agyemang-Badu,gh GHA,MF,,1990
Ola Aina,ng NGA,DF,MF,1996
Youssef Aït Bennasser,ma MAR,MF,,1996
Rachid Aït-Atmane,dz ALG,MF,,1993
Arlind Ajeti,al ALB,DF,,1993
Nathan Aké,nl NED,DF,,1995
Nathan Aké,nl NED,DF,,1995
Jean-Daniel Akpa-Akpro,ci CIV,DF,MF,1992
David Alaba,at AUT,DF,,1992
Javi Álamo,es ESP,FW,MF,1988
Jordi Alba,es ESP,DF,,1989
Raúl Albentosa,es ESP,DF,,1988
Luis Alberto,es ESP,MF,FW,1992
Raúl Albiol,es ESP,DF,,1985
Marc Albrighton,eng ENG,MF,,1989
Paco Alcácer,es ESP,FW,,1993
Paco Alcácer,es ESP,FW,,1993
Thiago Alcántara,es ESP,MF,,1991
Toby Alderweireld,be BEL,DF,,1989
Haitam Aleesami,no NOR,MF,DF,1991
Álex Alegría,es ESP,FW,,1992
Alexis Alegue,fr FRA,FW,,1996
Carles Aleñá,es ESP,MF,,1998
Romain Alessandrini,fr FRA,FW,MF,1989
Alexander,ar ARG,MF,,1988
Trent Alexander-Arnold,eng ENG,MF,DF,1998
Alexis,es ESP,DF,,1985
Jérémie Aliadière,fr FRA,FW,,1983
Sami Allagui,tn TUN,FW,MF,1986
Allan,br BRA,MF,,1997
Allan,br BRA,MF,,1991
Joe Allen,wal WAL,MF,,1990
Dele Alli,eng ENG,MF,,1996
Júnior Alonso,py PAR,DF,,1993
Marcos Alonso,es ESP,MF,,1990
Marcos Alonso,es ESP,MF,,1990
Xabi Alonso,es ESP,MF,,1981
Halil Altıntop,tr TUR,MF,,1982
Hamit Altıntop,tr TUR,MF,,1982
Ricky Álvarez,ar ARG,MF,,1988
Sergio Álvarez,es ESP,MF,,1992
Víctor Álvarez,es ESP,DF,,1993
Yeray Álvarez,es ESP,DF,,1995
Bruno Alves,pt POR,DF,,1981
Dani Alves,br BRA,DF,MF,1983
Ibrahim Amadou,fr FRA,MF,,1993
Morgan Amalfitano,fr FRA,MF,,1985
Morgan Amalfitano,fr FRA,MF,FW,1985
Romain Amalfitano,fr FRA,MF,,1989
Daniel Amartey,gh GHA,MF,,1994
Jordi Amat,es ESP,DF,,1992
Kelvin Amian,fr FRA,DF,,1998
Nadiem Amiri,de GER,MF,FW,1996
Fernando Amorebieta,ve VEN,DF,,1985
Nordin Amrabat,ma MAR,MF,FW,1987
Felipe Anderson,br BRA,FW,MF,1993
Florin Andone,ro ROU,FW,,1993
Benjamin André,fr FRA,MF,,1990
Marco Andreolli,it ITA,DF,,1986
Yoann Andreu,fr FRA,DF,,1989
Victorien Angban,ci CIV,MF,,1996
Miguel Ángel Guerrero,es ESP,FW,,1990
José Ángel,es ESP,DF,,1989
Gabriele Angella,it ITA,DF,MF,1989
Benjamin Angoua,ci CIV,DF,,1986
Victor Anichebe,ng NGA,FW,MF,1988
Cristian Ansaldi,ar ARG,DF,,1986
Luca Antei,it ITA,DF,,1992
Luca Antonelli,it ITA,DF,,1987
José Antonio Reyes,es ESP,MF,FW,1983
Michail Antonio,eng ENG,MF,FW,1990
Ikechi Anya,sco SCO,FW,MF,1988
Siniša Anđelković,si SVN,DF,,1986
Dennis Aogo,de GER,MF,DF,1987
Houssem Aouar,fr FRA,FW,,1998
Carlos Apna Embaló,gw GNB,FW,MF,1994
Alberto Aquilani,it ITA,MF,,1984
Alberto Aquilani,it ITA,MF,FW,1984
Mauro Arambarri,uy URU,MF,,1995
Mattia Aramu,it ITA,FW,,1995
Charles Aránguiz,cl CHI,MF,,1989
Sergio Araujo,ar ARG,FW,,1992
Álvaro Arbeloa,es ESP,DF,,1983
Anaitz Arbilla,es ESP,DF,,1987
Scott Arfield,ca CAN,MF,,1988
Fernando Aristeguieta,ve VEN,FW,,1992
Sylvain Armand,fr FRA,DF,,1980
Pablo Armero,co COL,DF,,1986
Marko Arnautović,at AUT,MF,FW,1989
Maximilian Arnold,de GER,MF,,1994
Alejandro Arribas,es ESP,DF,,1989
Harry Arter,ie IRL,MF,,1989
Aythami Artiles,es ESP,DF,,1986
Kwadwo Asamoah,gh GHA,DF,MF,1988
Marco Asensio,es ESP,FW,MF,1996
Joel Asoro,se SWE,FW,,1999
Iago Aspas,es ESP,FW,MF,1987
Benoît Assou-Ekotto,cm CMR,DF,,1984
Davide Astori,it ITA,DF,,1987
Barış Atik,de GER,MF,,1995
Omer Atzili,il ISR,MF,,1993
Pierre-Emerick Aubameyang,ga GAB,FW,,1989
Jean-Kévin Augustin,fr FRA,FW,,1997
Serge Aurier,ci CIV,DF,,1992
Charlie Austin,eng ENG,FW,,1989
Donis Avdijaj,xk KVX,MF,,1996
Danilo Avelar,br BRA,DF,,1989
Daniel Ayala,es ESP,DF,,1990
André Ayew,gh GHA,MF,FW,1989
Jordan Ayew,gh GHA,FW,MF,1991
César Azpilicueta,es ESP,DF,,1989
Florian Baak,de GER,DF,,1999
Ludovic Baal,gf GUF,DF,MF,1986
Mame Baba Thiam,sn SEN,FW,,1992
Khouma Babacar,sn SEN,FW,,1993
Ryan Babel,nl NED,MF,FW,1986
Jean-Sylvain Babin,mq MTQ,DF,,1986
Carlos Bacca,co COL,FW,,1986
Milan Badelj,hr CRO,MF,,1989
Tobias Badila,cg CGO,DF,,1993
Holger Badstuber,de GER,DF,,1989
Holger Badstuber,de GER,DF,,1989
Dylan Bahamboula,cg CGO,FW,,1995
Jean-Christophe Bahebeck,fr FRA,FW,,1993
Farès Bahlouli,fr FRA,MF,,1995
Nabil Bahoui,se SWE,MF,,1991
Daniel Baier,de GER,MF,,1984
Leon Bailey,jm JAM,FW,MF,1997
Eric Bailly,ci CIV,DF,,1994
Leighton Baines,eng ENG,DF,MF,1984
Cédric Bakambu,cd COD,FW,,1991
Tiemoué Bakayoko,fr FRA,MF,,1994
Zakaria Bakkali,be BEL,FW,,1996
Keita Baldé,sn SEN,FW,,1995
Gareth Bale,wal WAL,FW,,1989
Mikel Balenziaga,es ESP,DF,,1988
Andrija Balić,hr CRO,MF,FW,1997
Iván Balliu,al ALB,DF,,1992
Florent Balmont,fr FRA,MF,,1980
Norbert Balogh,hu HUN,MF,FW,1996
Leon Balogun,ng NGA,DF,,1988
Mario Balotelli,it ITA,FW,,1990
Abdoulaye Bamba,ci CIV,DF,,1990
Jonathan Bamba,fr FRA,FW,,1996
Patrick Bamford,eng ENG,FW,MF,1993
Patrick Bamford,eng ENG,FW,,1993
Yacine Bammou,ma MAR,FW,MF,1991
Éver Banega,ar ARG,MF,,1988
Patrick Banggaard,dk DEN,DF,,1994
Léo Baptistão,br BRA,FW,MF,1992
Federico Barba,it ITA,DF,,1993
Andrea Barberis,it ITA,MF,,1993
Gabriel Barbosa,br BRA,FW,MF,1996
Phil Bardsley,sco SCO,DF,,1985
Nicolò Barella,it ITA,MF,,1997
Philipp Bargfrede,de GER,MF,,1989
Ross Barkley,eng ENG,MF,FW,1993
Aymen Barkok,ma MAR,MF,,1998
Ashley Barnes,eng ENG,FW,,1989
Antonio Barragán,es ESP,DF,,1987
David Barral,es ESP,FW,,1983
Antonio Barreca,it ITA,DF,,1995
Édgar Barreto,py PAR,MF,,1984
Modou Barrow,gm GAM,MF,FW,1992
Gareth Barry,eng ENG,MF,,1981
Fin Bartels,de GER,FW,MF,1987
Maxime Barthelmé,fr FRA,FW,MF,1988
Joey Barton,eng ENG,MF,,1982
Marc Bartra,es ESP,DF,,1991
Andrea Barzagli,it ITA,DF,,1981
Marko Baša,me MNE,DF,,1982
Daniele Baselli,it ITA,MF,,1992
Nicolas Basin,fr FRA,DF,,1998
Amine Bassi,fr FRA,MF,,1997
Dušan Basta,rs SRB,DF,MF,1984
Samuel Bastien,be BEL,MF,FW,1996
Borja Bastón,es ESP,FW,,1992
Alessandro Bastoni,it ITA,DF,,1999
Bastos,ao ANG,DF,MF,1991
Michy Batshuayi,be BEL,FW,,1993
Robert Bauer,de GER,DF,MF,1995
Julian Baumgartlinger,at AUT,MF,,1988
Éric Bauthéac,fr FRA,MF,FW,1987
Jon Bautista,es ESP,FW,,1995
Paul Baysse,fr FRA,DF,,1988
Hervé Bazile,ht HAI,MF,FW,1990
Riechedly Bazoer,nl NED,MF,,1996
Claudio Beauvue,GPE,FW,,1988
Bebé,pt POR,MF,FW,1990
Henri Bedimo,cm CMR,DF,,1984
Andrea Beghetto,it ITA,MF,,1994
Valon Behrami,ch SUI,MF,,1985
Jérémie Bela,ao ANG,MF,FW,1993
Younès Belhanda,ma MAR,FW,MF,1990
Stefan Bell,de GER,DF,,1991
Karim Bellarabi,de GER,MF,,1990
Héctor Bellerín,es ESP,DF,MF,1995
François Bellugou,fr FRA,MF,DF,1987
Giuseppe Bellusci,it ITA,DF,,1989
Anthony Belmonte,fr FRA,MF,,1995
Andrea Belotti,it ITA,FW,,1993
Hatem Ben Arfa,fr FRA,MF,FW,1987
Issam Ben Khémis,tn TUN,MF,,1996
Wissam Ben Yedder,fr FRA,FW,,1990
Syam Ben Youssef,tn TUN,DF,,1989
Änis Ben-Hatira,tn TUN,MF,,1988
Ahmad Benali,ly LBY,FW,MF,1992
Yohan Benalouane,tn TUN,DF,,1987
Marco Benassi,it ITA,MF,,1994
Medhi Benatia,ma MAR,DF,,1987
Lars Bender,de GER,MF,DF,1989
Sven Bender,de GER,DF,,1989
László Bénes,sk SVK,MF,,1997
Nicolas Benezet,fr FRA,FW,,1991
Pierre Bengtsson,se SWE,DF,MF,1988
Ramy Bensebaini,dz ALG,DF,,1995
Nabil Bentaleb,dz ALG,MF,,1994
Christian Benteke,be BEL,FW,,1990
Jonathan Benteke,be BEL,FW,,1995
Accursio Bentivegna,it ITA,MF,FW,1996
Karim Benzema,fr FRA,FW,,1987
Yassine Benzia,dz ALG,MF,,1994
Saido Berahino,bi BDI,FW,,1993
Saido Berahino,bi BDI,FW,,1993
Domenico Berardi,it ITA,FW,,1994
Yuri Berchiche,es ESP,DF,,1990
Álex Berenguer,es ESP,DF,MF,1995
Bartosz Bereszyński,pl POL,DF,,1992
Jóhann Berg Guðmundsson,is ISL,MF,,1990
Álex Bergantiños,es ESP,MF,DF,1985
Markel Bergara,es ESP,MF,,1986
Franck Béria,fr FRA,DF,,1983
Robert Berić,si SVN,FW,,1991
Kévin Bérigaud,fr FRA,FW,,1988
Kévin Bérigaud,fr FRA,MF,FW,1988
Quentin Bernard,fr FRA,DF,,1989
Federico Bernardeschi,it ITA,MF,FW,1994
Bernardo,br BRA,DF,,1995
Juan Bernat,es ESP,DF,,1993
Andrea Bertolacci,it ITA,MF,,1991
Ryan Bertrand,eng ENG,DF,,1989
Vincent Bessat,fr FRA,DF,MF,1985
Max Besuschkow,de GER,MF,,1997
Roman Bezjak,si SVN,MF,,1989
Jonathan Biabiany,fr FRA,FW,MF,1988
Roberto Biancu,it ITA,MF,,2000
Ermin Bičakčić,ba BIH,DF,MF,1990
Thievy Bifouma,cg CGO,FW,MF,1992
Pedro Bigas,es ESP,DF,,1990
Lucas Biglia,ar ARG,MF,,1986
Davide Biondini,it ITA,MF,,1983
Cristiano Biraghi,it ITA,DF,,1992
Mame Biram Diouf,sn SEN,MF,FW,1987
Davide Biraschi,it ITA,DF,MF,1994
Valter Birsa,si SVN,MF,FW,1986
Milan Biševac,rs SRB,DF,,1983
Yves Bissouma,ml MLI,MF,FW,1996
Luca Bittante,it ITA,DF,,1993
Leonardo Bittencourt,de GER,MF,FW,1993
Ludovic Blas,fr FRA,MF,,1997
Pablo de Blasis,ar ARG,MF,,1988
Alexis Blin,fr FRA,MF,,1996
Daley Blind,nl NED,DF,,1990
Danny Blum,de GER,MF,,1991
Jérôme Boateng,de GER,DF,,1988
Kevin-Prince Boateng,gh GHA,FW,MF,1987
Raúl Bobadilla,py PAR,FW,MF,1987
Yann Bodiger,fr FRA,MF,,1995
Mathieu Bodmer,fr FRA,MF,,1982
Mathieu Bodmer,fr FRA,MF,DF,1982
Jeremie Boga,ci CIV,MF,FW,1997
Yannick Bolasie,cd COD,MF,FW,1989
Yannick Bolasie,cd COD,FW,MF,1989
Giacomo Bonaventura,it ITA,MF,FW,1989
Daniele Bonera,it ITA,DF,,1981
Theo Bongonda,be BEL,MF,FW,1995
Tano Bonnín,do DOM,DF,,1990
Leonardo Bonucci,it ITA,DF,,1987
Wilfried Bony,ci CIV,FW,,1988
Celso Borges,cr CRC,MF,,1988
Fabio Borini,it ITA,FW,MF,1991
Rafael Borré,co COL,FW,,1995
Marco Borriello,it ITA,FW,,1982
Olivier Boscagli,fr FRA,DF,,1997
Gabriel Boschilia,br BRA,MF,FW,1996
Ryad Boudebouz,dz ALG,MF,FW,1990
Sofiane Boufal,ma MAR,FW,MF,1993
Arnold Bouka Moutou,cg CGO,DF,,1988
Farid Boulaya,dz ALG,FW,,1993
Grégory Bourillon,fr FRA,DF,MF,1984
Ouasim Bouy,nl NED,DF,MF,1993
Mounir Bouziane,fr FRA,FW,MF,1991
Eneko Bóveda,es ESP,DF,,1988
Cesare Bovo,it ITA,DF,,1983
Cesare Bovo,it ITA,DF,,1983
Jarrod Bowen,eng ENG,MF,,1996
George Boyd,sco SCO,MF,,1985
Terrence Boyd,us USA,FW,,1991
Lucas Boyé,ar ARG,FW,MF,1996
Robbie Brady,ie IRL,MF,,1992
Martin Braithwaite,dk DEN,FW,MF,1991
Julian Brandt,de GER,MF,FW,1996
Darko Brašanac,rs SRB,MF,,1992
Romain Brégerie,fr FRA,DF,,1986
Josip Brekalo,hr CRO,FW,MF,1998
Jimmy Briand,fr FRA,FW,,1985
Miguel Britos,uy URU,DF,,1985
Leon Britton,eng ENG,MF,,1982
John Brooks,us USA,DF,,1993
Daniel Brosinski,de GER,DF,MF,1988
Marcelo Brozović,hr CRO,MF,,1992
Gastón Brugman,uy URU,MF,,1992
Jeffrey Bruma,nl NED,DF,,1991
Alessandro Bruno,it ITA,MF,DF,1983
Massimo Bruno,be BEL,FW,MF,1993
Chris Brunt,nir NIR,MF,DF,1984
Marcel Büchel,li LIE,MF,FW,1991
Ante Budimir,hr CRO,FW,,1991
Alberto Bueno,es ESP,FW,MF,1988
Alberto Bueno,es ESP,MF,,1988
Onur Bulut,tr TUR,MF,,1994
Niko Bungert,de GER,DF,,1986
Aitor Buñuel,es ESP,DF,MF,1998
Nicolás Burdisso,ar ARG,DF,,1981
Guido Burgstaller,at AUT,FW,,1989
Burgui,es ESP,MF,FW,1993
Oliver Burke,sco SCO,FW,MF,1997
Patrick Burner,fr FRA,MF,DF,1996
Dženis Burnić,de GER,DF,,1998
Alexis Busin,fr FRA,MF,FW,1995
Sergio Busquets,es ESP,MF,,1988
Gaëtan Bussmann,fr FRA,DF,,1991
Unai Bustinza,es ESP,DF,,1992
Sam Byram,eng ENG,DF,MF,1993
Jakub Błaszczykowski,pl POL,MF,DF,1985
Erick Cabaco,uy URU,DF,,1995
Yohan Cabaye,fr FRA,MF,,1986
Rémy Cabella,fr FRA,FW,MF,1990
Bryan Cabezas,ec ECU,MF,,1997
Jimmy Cabot,fr FRA,MF,FW,1994
Gustavo Cabral,ar ARG,DF,,1985
Jerson Cabral,nl NED,FW,,1991
Fabrizio Cacciatore,it ITA,DF,,1986
Martín Cáceres,uy URU,DF,,1987
Mathieu Cafaro,fr FRA,FW,MF,1997
Cafú,pt POR,MF,,1993
Gary Cahill,eng ENG,DF,,1985
Yannick Cahuzac,fr FRA,MF,,1985
Júnior Caiçara,br BRA,DF,,1989
Felipe Caicedo,ec ECU,FW,,1988
Caiuby,br BRA,MF,,1988
Davide Calabria,it ITA,DF,,1996
Mattia Caldara,it ITA,DF,,1994
Luca Caldirola,it ITA,DF,,1991
Hakan Çalhanoğlu,tr TUR,MF,FW,1994
Daniel Caligiuri,it ITA,MF,FW,1988
Daniel Caligiuri,it ITA,MF,,1988
Lorenzo Callegari,fr FRA,MF,,1998
José Callejón,es ESP,FW,,1987
Jonathan Calleri,ar ARG,FW,,1993
Jan-Ingwer Callsen-Bracker,de GER,DF,,1984
Dominic Calvert-Lewin,eng ENG,MF,FW,1997
Ignacio Camacho,es ESP,MF,,1990
Souleymane Camara,sn SEN,MF,FW,1982
Víctor Camarasa,es ESP,MF,,1994
Geoff Cameron,us USA,MF,DF,1985
Hugo Campagnaro,ar ARG,DF,,1980
Fraizer Campbell,eng ENG,FW,,1987
Emre Can,de GER,MF,,1994
Sergio Canales,es ESP,MF,FW,1991
João Cancelo,pt POR,DF,MF,1994
Antonio Candreva,it ITA,MF,FW,1987
Roberto Canella,es ESP,DF,,1988
Paolo Cannavaro,it ITA,DF,,1981
Aitor Cantalapiedra,es ESP,FW,MF,1996
Ander Capa,es ESP,DF,,1992
Pierrick Capelle,fr FRA,FW,MF,1987
Leonardo Capezzi,it ITA,MF,,1995
Étienne Capoue,fr FRA,MF,,1988
Gianluca Caprari,it ITA,FW,MF,1993
Marco Capuano,it ITA,DF,,1991
Mehdi Carcela,ma MAR,MF,FW,1989
Irvin Cardona,fr FRA,FW,,1997
Baily Cargill,eng ENG,DF,,1995
Carlão,br BRA,DF,,1986
Diego Carlos,br BRA,DF,,1993
José Carlos,es ESP,DF,,1996
Carlos Carmona,cl CHI,MF,,1987
Carlos Carmona,es ESP,MF,FW,1987
Yannick Carrasco,be BEL,MF,FW,1993
Michael Carrick,eng ENG,MF,,1981
Daniel Carriço,pt POR,DF,,1988
Guido Carrillo,ar ARG,FW,,1991
Andy Carroll,eng ENG,FW,,1989
Tom Carroll,eng ENG,MF,,1992
Tom Carroll,eng ENG,MF,,1992
Federico Cartabia,ar ARG,MF,FW,1993
Dani Carvajal,es ESP,DF,,1992
Casemiro,br BRA,MF,,1992
Nacho Cases,es ESP,MF,,1987
Leandro Castán,br BRA,DF,,1986
Dani Castellano,es ESP,DF,,1987
Javi Castellano,es ESP,DF,MF,1987
Samu Castillejo,es ESP,MF,,1995
Carlos Castro,es ESP,FW,,1995
Chory Castro,uy URU,MF,FW,1984
Gonzalo Castro,de GER,MF,,1987
Jonny Castro,es ESP,DF,,1994
Lucas Castro,ar ARG,MF,,1989
Rubén Castro,es ESP,FW,,1981
Danilo Cataldi,it ITA,MF,,1994
Danilo Cataldi,it ITA,MF,,1994
Craig Cathcart,nir NIR,DF,,1989
Lee Cattermole,eng ENG,MF,,1988
Goran Čaušić,rs SRB,MF,,1992
Ivan Cavaleiro,pt POR,FW,,1993
Edinson Cavani,uy URU,FW,,1987
Dimitri Cavaré,fr FRA,DF,,1995
Santi Cazorla,es ESP,MF,,1984
Dani Ceballos,es ESP,MF,,1996
Federico Ceccherini,it ITA,DF,,1992
Álvaro Cejudo,es ESP,MF,FW,1984
Luca Ceppitelli,it ITA,DF,,1989
Alessio Cerci,it ITA,FW,MF,1987
Alberto Cerri,it ITA,FW,,1996
Boštjan Cesar,si SVN,DF,,1982
Julien Cétout,fr FRA,MF,DF,1988
Nacer Chadli,be BEL,MF,FW,1989
Fouad Chafik,ma MAR,DF,,1986
Nathaniel Chalobah,eng ENG,MF,,1994
Calum Chambers,eng ENG,DF,,1995
Calum Chambers,eng ENG,DF,,1995
Timothy Chandler,us USA,MF,DF,1990
Kwon Chang-hoon,kr KOR,FW,,1994
Clément Chantôme,fr FRA,MF,,1987
Charles,br BRA,FW,,1984
Pape Cheikh Diop,sn SEN,MF,FW,1997
Denis Cheryshev,ru RUS,MF,,1990
Giorgio Chiellini,it ITA,DF,,1984
Federico Chiesa,it ITA,MF,FW,1997
Ben Chilwell,eng ENG,DF,MF,1996
Vlad Chiricheș,ro ROU,DF,,1989
Ivaylo Chochev,bg BUL,MF,,1993
Michaël Chrétien,ma MAR,DF,,1984
Andreas Christensen,dk DEN,DF,,1996
Max Christiansen,de GER,MF,,1996
Lee Chung-yong,kr KOR,MF,,1988
Michaël Ciani,fr FRA,DF,,1984
Michaël Ciani,fr FRA,DF,,1984
Luca Cigarini,it ITA,MF,,1986
Per Ciljan Skjelbred,no NOR,MF,,1987
Thiago Cionek,pl POL,DF,,1986
Gilles Cioni,fr FRA,DF,,1984
Issa Cissokho,sn SEN,DF,,1985
Renato Civelli,ar ARG,DF,,1983
Claiton,br BRA,DF,,1984
Jordy Clasie,nl NED,MF,,1991
Adam Clayton,eng ENG,MF,,1989
Cléber,br BRA,DF,,1990
Christian Clemens,de GER,MF,FW,1991
Christian Clemens,de GER,MF,,1991
Jérémy Clément,fr FRA,MF,,1984
Carlos Clerc,es ESP,DF,MF,1992
Tom Cleverley,eng ENG,MF,,1989
Tom Cleverley,eng ENG,MF,,1989
Gaël Clichy,fr FRA,DF,,1985
Sam Clucas,eng ENG,MF,,1990
Nathaniel Clyne,eng ENG,DF,,1991
Marcus Coco,fr FRA,MF,FW,1996
Andrea Coda,it ITA,DF,,1985
Fábio Coentrão,pt POR,DF,,1988
Isaac Cofie,gh GHA,MF,,1991
Renaud Cohade,fr FRA,MF,,1984
Almog Cohen,il ISR,MF,,1988
Coke,es ESP,DF,MF,1987
Antonio Čolak,hr CRO,FW,,1993
Emre Çolak,tr TUR,MF,,1991
Séamus Coleman,ie IRL,DF,MF,1988
James Collins,wal WAL,DF,,1983
Kingsley Coman,fr FRA,MF,FW,1996
Marvin Compper,de GER,DF,,1985
David Concha,es ESP,MF,,1996
Daniel Congré,fr FRA,DF,,1985
Diego Contento,de GER,DF,,1990
Andrea Conti,it ITA,MF,,1994
Lewis Cook,eng ENG,MF,,1997
Steve Cook,eng ENG,DF,,1991
Duje Čop,hr CRO,FW,,1990
Francis Coquelin,fr FRA,MF,,1991
Sébastien Corchia,fr FRA,DF,MF,1990
Jhon Córdoba,co COL,FW,,1993
Benjamin Corgnet,fr FRA,FW,MF,1987
Jack Cork,eng ENG,MF,,1989
Maxwel Cornet,ci CIV,FW,MF,1996
Ángel Correa,ar ARG,MF,FW,1995
Joaquín Correa,ar ARG,MF,FW,1994
Uroš Ćosić,rs SRB,DF,,1992
Andrea Costa,it ITA,DF,,1986
Danny da Costa,de GER,DF,,1993
Diego Costa,es ESP,FW,,1988
Douglas Costa,br BRA,MF,FW,1990
Filippo Costa,it ITA,DF,MF,1995
Jaume Costa,es ESP,DF,,1988
David Costas,es ESP,DF,,1995
Karim Coulibaly,fr FRA,FW,MF,1993
Lassana Coulibaly,ml MLI,MF,,1996
Mamadou Coulibaly,sn SEN,MF,,1999
Philippe Coutinho,br BRA,FW,MF,1992
Luca Crecco,it ITA,MF,,1995
Alessandro Crescenzi,it ITA,DF,MF,1991
Aaron Cresswell,eng ENG,DF,MF,1989
Lorenzo Crisetig,it ITA,MF,,1993
Bryan Cristante,it ITA,MF,,1995
Bryan Cristante,it ITA,MF,,1995
Sebastián Cristóforo,uy URU,MF,,1993
Enzo Crivelli,fr FRA,FW,,1995
Daniele Croce,it ITA,MF,,1982
Peter Crouch,eng ENG,FW,,1981
Juan Cuadrado,co COL,MF,FW,1988
Adrián Cubas,py PAR,MF,,1996
Isaac Cuenca,es ESP,MF,DF,1991
Joffrey Cuffaut,fr FRA,DF,,1988
Giuseppe Cuomo,it ITA,DF,,1998
Patrick Cutrone,it ITA,FW,,1998
Wylan Cyprien,fr FRA,MF,,1995
Marco D'Alessandro,it ITA,MF,FW,1991
Danilo D'Ambrosio,it ITA,DF,,1988
Damien Da Silva,fr FRA,DF,,1988
Bryan Dabo,bf BFA,MF,DF,1992
Mouhamadou Dabo,fr FRA,DF,,1986
Mahmoud Dahoud,de GER,MF,,1996
Dario Dainelli,it ITA,DF,,1979
Felipe dal Belo,br BRA,DF,,1984
Maurice Dalé,fr FRA,FW,,1985
Gaël Danic,fr FRA,MF,,1981
Charlie Daniels,eng ENG,DF,,1986
Danilo,br BRA,DF,,1991
Scott Dann,eng ENG,DF,,1987
Kevin Danso,at AUT,DF,,1998
Dante,br BRA,DF,,1983
Romain Danzé,fr FRA,DF,,1986
Sergi Darder,es ESP,MF,,1993
Vladimír Darida,cz CZE,MF,,1990
Matteo Darmian,it ITA,DF,,1989
Ben Davies,wal WAL,DF,MF,1993
Curtis Davies,eng ENG,DF,,1985
Tom Davies,eng ENG,MF,,1998
Steven Davis,nir NIR,MF,,1985
Craig Dawson,eng ENG,DF,,1990
Michael Dawson,eng ENG,DF,,1983
Kevin De Bruyne,be BEL,MF,,1991
Pietro De Giorgio,it ITA,MF,,1983
Sebastien De Maio,fr FRA,DF,,1987
Rodrigo De Paul,ar ARG,FW,MF,1994
Nill De Pauw,cd COD,FW,MF,1990
Daniele De Rossi,it ITA,MF,,1983
Mattia De Sciglio,it ITA,DF,,1992
Lorenzo De Silvestri,it ITA,DF,,1988
Lucas Deaux,fr FRA,MF,,1988
Mathieu Debuchy,fr FRA,DF,,1985
Troy Deeney,eng ENG,FW,,1988
Jermain Defoe,eng ENG,FW,,1982
Steven Defour,be BEL,MF,,1988
Grégoire Defrel,mq MTQ,FW,,1991
Alessandro Deiola,it ITA,MF,,1995
Damien Delaney,ie IRL,DF,,1981
Thomas Delaney,dk DEN,MF,,1991
Jonathan Delaplace,fr FRA,MF,,1986
Cristian Dell'Orco,it ITA,DF,,1994
Andy Delort,dz ALG,FW,,1991
Fabian Delph,eng ENG,MF,,1989
Mousa Dembélé,be BEL,MF,,1987
Ousmane Dembélé,fr FRA,MF,FW,1997
Martín Demichelis,ar ARG,DF,,1980
Martín Demichelis,ar ARG,DF,,1980
Kerem Demirbay,de GER,MF,,1993
Diego Demme,de GER,MF,,1991
Jason Denayer,be BEL,MF,DF,1995
Fabio Depaoli,it ITA,MF,DF,1997
Memphis Depay,nl NED,FW,MF,1994
Memphis Depay,nl NED,MF,FW,1994
Quentin Depehi,fr FRA,FW,,1997
Mathieu Deplagne,fr FRA,DF,,1991
Mike van der Hoorn,nl NED,DF,,1992
Daniele Dessena,it ITA,MF,,1987
Mattia Destro,it ITA,FW,,1991
Gerard Deulofeu,es ESP,FW,MF,1994
Gerard Deulofeu,es ESP,FW,MF,1994
Deyverson,br BRA,FW,,1991
Federico Di Francesco,it ITA,FW,MF,1994
Davide Di Gennaro,it ITA,MF,FW,1988
Ángel Di María,ar ARG,FW,,1988
Nunzio Di Roberto,it ITA,FW,,1985
Franco Di Santo,ar ARG,FW,MF,1989
Issiar Dia,sn SEN,FW,,1987
Cheick Diabaté,ml MLI,FW,,1988
Abou Diaby,fr FRA,MF,,1986
Fallou Diagne,sn SEN,MF,,1989
Fallou Diagne,sn SEN,DF,,1989
Modou Diagne,sn SEN,DF,,1994
Adama Diakhaby,fr FRA,MF,,1996
Mouctar Diakhaby,fr FRA,DF,,1996
Abdou Diallo,sn SEN,DF,,1996
Habib Diallo,sn SEN,FW,MF,1995
Mustapha Diallo,sn SEN,MF,,1986
Sadio Diallo,gn GUI,MF,FW,1990
Alessandro Diamanti,it ITA,FW,MF,1983
Alou Diarra,fr FRA,MF,,1981
Lassana Diarra,fr FRA,MF,,1985
Amadou Diawara,gn GUI,MF,,1997
Marcelo Díaz,cl CHI,MF,,1986
Víctor Díaz,es ESP,DF,,1988
Daniel Didavi,de GER,MF,,1990
Étienne Didot,fr FRA,MF,,1983
Famara Diedhiou,sn SEN,FW,,1992
Dennis Diekmeier,de GER,DF,,1989
Eric Dier,eng ENG,DF,MF,1994
Didier Digard,fr FRA,MF,,1986
Lucas Digne,fr FRA,DF,,1993
Virgil van Dijk,nl NED,DF,,1991
Kevin Diks,nl NED,DF,,1996
Federico Dimarco,it ITA,DF,,1997
Adama Diomande,no NOR,FW,MF,1990
Ismaël Diomandé,ci CIV,MF,DF,1992
Lois Diony,fr FRA,FW,,1992
Issa Diop,fr FRA,DF,,1997
Papakouli Diop,sn SEN,MF,,1986
Assane Dioussé,sn SEN,MF,,1997
Nabil Dirar,ma MAR,MF,DF,1986
Koffi Djidji,ci CIV,DF,MF,1992
Alexander Djiku,gh GHA,DF,,1994
Papy Djilobodji,sn SEN,DF,,1988
Johan Djourou,ch SUI,DF,,1987
Dodô,br BRA,DF,,1992
Keagan Dolly,za RSA,MF,,1993
Giulio Donati,it ITA,DF,,1990
Ji Dong-won,kr KOR,FW,MF,1991
Anastasios Donis,gr GRE,FW,MF,1996
Ryan Donk,sr SUR,MF,DF,1986
Godfred Donsah,gh GHA,MF,,1996
Férébory Doré,cg CGO,FW,,1989
Dória,br BRA,DF,,1994
Gabriel Dos Santos,br BRA,DF,,1997
Jonathan dos Santos,mx MEX,MF,,1990
Mauro dos Santos,ar ARG,DF,,1989
Bas Dost,nl NED,FW,,1989
Abdoulaye Doucouré,fr FRA,MF,,1993
Douglas,br BRA,DF,MF,1990
Cheick Doukouré,ci CIV,MF,,1992
Tongo Doumbia,ml MLI,MF,,1989
Stewart Downing,eng ENG,MF,FW,1984
Aleksandar Dragović,at AUT,DF,,1991
Boukary Dramé,sn SEN,MF,DF,1985
Julian Draxler,de GER,FW,,1993
Julian Draxler,de GER,MF,FW,1993
Danny Drinkwater,eng ENG,MF,,1990
Josip Drmić,ch SUI,FW,,1992
Óscar Duarte,cr CRC,DF,,1989
Rubén Duarte,es ESP,DF,,1995
Leo Dubois,fr FRA,DF,,1994
Duda,pt POR,MF,,1980
Ondrej Duda,sk SVK,FW,MF,1994
Alfred Duncan,gh GHA,MF,,1993
Erik Durm,de GER,MF,DF,1992
Jimmy Durmaz,se SWE,MF,,1989
Riza Durmisi,dk DEN,DF,,1994
Noë Dussenne,be BEL,DF,,1992
Paulo Dybala,ar ARG,MF,FW,1993
Nathan Dyer,eng ENG,MF,FW,1987
Edin Džeko,ba BIH,FW,,1986
Blerim Džemaili,ch SUI,MF,,1986
Elderson Echiéjilé,ng NGA,DF,,1988
Edenílson,br BRA,MF,FW,1989
Éder,pt POR,FW,,1987
Éder,it ITA,FW,MF,1986
Odsonne Édouard,fr FRA,FW,MF,1998
Maximilian Eggestein,de GER,MF,,1996
Ovie Ejaria,eng ENG,MF,,1997
Albin Ekdal,se SWE,MF,DF,1989
Omar Elabdellaoui,no NOR,DF,MF,1991
Andrew Eleftheriou,eng ENG,DF,,1997
Ahmed Elmohamady,eg EGY,DF,MF,1987
Mohamed Elneny,eg EGY,MF,,1992
Aritz Elustondo,es ESP,DF,,1994
Gorka Elustondo,es ESP,DF,,1987
Nico Elvedi,ch SUI,DF,,1996
Rodrigo Ely,br BRA,DF,,1993
Breel Embolo,ch SUI,FW,MF,1997
Youssef En-Nesyri,ma MAR,FW,,1997
Sergi Enrich,es ESP,FW,,1990
Juanan Entrena,es ESP,MF,,1996
Mirko Eramo,it ITA,MF,,1989
Kermit Erasmus,za RSA,FW,,1990
Javier Eraso,es ESP,MF,,1990
Mevlüt Erdinç,tr TUR,FW,,1987
Christian Eriksen,dk DEN,MF,,1992
Gonzalo Escalante,ar ARG,MF,,1993
Sergio Escudero,es ESP,DF,MF,1989
Bernardo Espinosa,co COL,DF,,1989
Cristian Espinoza,ar ARG,MF,,1995
Alexander Esswein,de GER,MF,,1990
Pervis Estupiñán,ec ECU,DF,,1998
Beñat Etxebarria,es ESP,MF,,1987
Xabier Etxeita,es ESP,DF,,1987
Lucas Evangelista,br BRA,MF,,1995
Jonny Evans,nir NIR,DF,,1988
Patrice Evra,fr FRA,DF,,1981
Patrice Evra,fr FRA,DF,MF,1981
Ewandro,br BRA,FW,MF,1996
Edu Expósito,es ESP,MF,,1996
Erik Expósito,es ESP,FW,,1996
Valentin Eysseric,fr FRA,FW,MF,1992
Marco Fabián,mx MEX,MF,FW,1989
Fabinho,br BRA,MF,,1993
Fábio,br BRA,DF,,1990
Cesc Fàbregas,es ESP,MF,,1987
Fayçal Fajr,ma MAR,MF,,1988
Radamel Falcao,co COL,FW,,1986
Diego Falcinelli,it ITA,FW,,1991
Diego Falcinelli,it ITA,FW,,1991
Simon Falette,gn GUI,DF,,1992
Iago Falque,es ESP,FW,MF,1990
Rod Fanni,fr FRA,DF,,1981
Paolo Faragò,it ITA,MF,,1993
Davide Faraoni,it ITA,DF,,1991
Diego Farias,br BRA,MF,FW,1990
Federico Fazio,ar ARG,DF,,1987
Nicolò Fazzi,it ITA,DF,MF,1995
Zouhair Feddal,ma MAR,DF,,1989
Artem Fedetskyi,ua UKR,DF,,1985
Sofiane Feghouli,dz ALG,MF,FW,1989
Nabil Fekir,fr FRA,MF,FW,1993
Marouane Fellaini,be BEL,MF,,1987
Kiko Femenía,es ESP,DF,,1991
Leroy Fer,nl NED,MF,,1990
Julien Féret,fr FRA,MF,,1982
Bruno Fernandes,pt POR,MF,,1994
Edimilson Fernandes,ch SUI,MF,,1996
Gelson Fernandes,ch SUI,MF,,1986
Augusto Fernández,ar ARG,MF,,1986
Carlos Fernández,es ESP,FW,,1996
Federico Fernández,ar ARG,DF,,1989
Matías Fernández,cl CHI,MF,,1986
Pablo Fernández,es ESP,MF,,1996
Fernandinho,br BRA,MF,DF,1985
Fernando,br BRA,MF,DF,1987
Alex Ferrari,it ITA,DF,,1994
Jordan Ferri,fr FRA,MF,,1992
Markus Feulner,de GER,MF,,1982
Riccardo Fiamozzi,it ITA,MF,,1993
Sam Field,eng ENG,MF,,1998
Afonso Figueiredo,pt POR,DF,,1993
Alfreð Finnbogason,is ISL,FW,,1989
Roberto Firmino,br BRA,FW,,1991
Viktor Fischer,dk DEN,FW,MF,1994
Mathieu Flamini,fr FRA,MF,,1984
Jon Flanagan,eng ENG,DF,,1993
Javier Flaño,es ESP,DF,,1984
Miguel Flaño,es ESP,DF,,1984
Ashley Fletcher,eng ENG,FW,,1995
Darren Fletcher,sco SCO,MF,,1984
Sergio Floccari,it ITA,FW,,1981
Alessandro Florenzi,it ITA,DF,MF,1991
Antonio Floro Flores,it ITA,FW,,1983
Moryké Fofana,ci CIV,MF,,1991
Seko Fofana,ci CIV,MF,,1995
Jonas Föhrenbach,de GER,DF,,1996
Michael Folivi,eng ENG,FW,,1998
Andreu Fontàs,es ESP,DF,,1989
José Fonte,pt POR,DF,,1983
José Fonte,pt POR,DF,,1983
Pablo Fornals,es ESP,MF,,1996
Michele Fornasier,it ITA,DF,,1993
Emil Forsberg,se SWE,MF,FW,1991
Adam Forshaw,eng ENG,MF,,1991
Timothy Fosu-Mensah,nl NED,DF,,1998
Dimitri Foulquier,fr FRA,DF,,1993
Raphael Framberger,de GER,MF,DF,1995
Simon Francis,eng ENG,DF,,1985
Mike Frantz,de GER,MF,,1986
Ryan Fraser,sco SCO,MF,,1994
Fabian Frei,ch SUI,MF,,1989
Remo Freuler,ch SUI,MF,,1992
Nicolas Frey,fr FRA,DF,,1984
George Friend,eng ENG,DF,,1987
Clemens Fritz,de GER,MF,,1980
Lukas Fröde,de GER,MF,,1995
Zeki Fryers,eng ENG,DF,,1992
Christian Fuchs,at AUT,DF,,1986
Javi Fuego,es ESP,MF,,1984
Jay Fulton,sco SCO,MF,,1994
Ramiro Funes Mori,ar ARG,DF,,1991
Manolo Gabbiadini,it ITA,FW,,1991
Manolo Gabbiadini,it ITA,FW,,1991
Gabi,es ESP,MF,,1983
Gabriel,br BRA,MF,FW,1993
Mijat Gaćinović,rs SRB,MF,FW,1995
Roberto Gagliardini,it ITA,MF,,1994
Roberto Gagliardini,it ITA,MF,,1994
Nicolás Gaitán,ar ARG,MF,,1988
Milan Gajić,rs SRB,DF,,1996
Serge Gakpé,tg TOG,FW,,1987
Serge Gakpé,tg TOG,FW,,1987
Brendan Galloway,eng ENG,DF,,1996
Álex Gálvez,es ESP,DF,,1989
Bruno Gama,pt POR,MF,,1987
Alessandro Gamberini,it ITA,DF,,1981
Kévin Gameiro,fr FRA,FW,,1987
Idrissa Gana Gueye,sn SEN,MF,,1989
Ganso,br BRA,MF,,1989
Ezequiel Garay,ar ARG,DF,,1986
Aleix García,es ESP,MF,,1997
Dani García,es ESP,MF,,1990
David García,es ESP,DF,,1982
David García,es ESP,DF,,1994
Imanol García,es ESP,MF,DF,1995
Manu García,es ESP,MF,,1986
Mateo García,ar ARG,FW,MF,1996
Raúl García,es ESP,MF,,1986
Raúl García,es ESP,DF,,1989
Samu García,es ESP,MF,,1990
Santiago García,ar ARG,DF,MF,1988
Ulisses Garcia,ch SUI,DF,MF,1996
Unai García,es ESP,DF,,1992
Craig Gardner,eng ENG,MF,,1986
Jordy Gaspar,fr FRA,MF,DF,1997
Mario Gaspar,es ESP,DF,,1990
Daniele Gastaldello,it ITA,DF,,1983
Johan Gastien,fr FRA,MF,,1988
Jon Gaztañaga,es ESP,DF,MF,1991
Alessandro Gazzi,it ITA,MF,,1983
Marcello Gazzola,it ITA,DF,,1985
Jean-Philippe Gbamin,ci CIV,MF,,1995
Theodor Gebre Selassie,cz CZE,DF,MF,1986
Johannes Geis,de GER,MF,,1993
Romain Genevois,ht HAI,DF,,1987
Santiago Gentiletti,ar ARG,DF,,1985
Yannick Gerhardt,de GER,MF,DF,1994
Valère Germain,fr FRA,FW,,1990
Gerson,br BRA,MF,,1997
Rudy Gestede,bj BEN,FW,,1988
Anwar El Ghazi,nl NED,MF,FW,1995
Lamine Ghezali,fr FRA,MF,,1999
Rachid Ghezzal,dz ALG,MF,FW,1992
Faouzi Ghoulam,dz ALG,DF,,1991
Emanuele Giaccherini,it ITA,FW,,1985
Niccolò Giannetti,it ITA,FW,,1991
Kieran Gibbs,eng ENG,MF,DF,1989
Ben Gibson,eng ENG,DF,,1993
Darron Gibson,ie IRL,MF,,1987
Carles Gil,es ESP,MF,,1992
Nacho Gil,es ESP,MF,,1995
Alberto Gilardino,it ITA,FW,,1982
Alberto Gilardino,it ITA,FW,,1982
Guillaume Gillet,be BEL,MF,,1984
Matthias Ginter,de GER,DF,,1994
Thibault Giresse,fr FRA,MF,,1981
Olivier Giroud,fr FRA,FW,,1986
Kamil Glik,pl POL,DF,,1988
Serge Gnabry,de GER,MF,FW,1995
Joris Gnagnon,fr FRA,DF,,1997
Eddy Gnahoré,fr FRA,MF,,1993
Assane Gnoukouri,ci CIV,MF,,1996
Massimo Gobbi,it ITA,DF,,1980
Diego Godín,uy URU,DF,,1986
Evandro Goebel,br BRA,MF,,1986
Edoardo Goldaniga,it ITA,DF,,1993
André Gomes,pt POR,MF,,1993
Angel Gomes,eng ENG,MF,,2000
Gustavo Gómez,py PAR,DF,,1993
Ibai Gómez,es ESP,MF,,1989
Mario Gómez,de GER,FW,,1985
Moi Gómez,es ESP,MF,,1994
Papu Gómez,ar ARG,FW,MF,1988
Sergi Gómez,es ESP,DF,,1992
Vicente Gómez,es ESP,MF,,1988
Bafétimbi Gomis,fr FRA,FW,,1985
Maxime Gonalons,fr FRA,MF,,1989
Jérôme Gondorf,de GER,MF,,1988
Adrián González,es ESP,MF,,1988
Álvaro González,es ESP,DF,,1990
Álvaro González,es ESP,DF,,1990
Bruno González,es ESP,DF,,1990
Diego González,es ESP,DF,,1995
Giancarlo González,cr CRC,DF,,1988
Mario González,es ESP,FW,,1996
Mikel González,es ESP,DF,,1985
Lynden Gooch,us USA,MF,,1995
Leon Goretzka,de GER,MF,,1995
Benjamin Gorka,de GER,DF,,1984
Dan Gosling,eng ENG,MF,,1990
Ashton Götz,de GER,DF,,1993
Mario Götze,de GER,MF,,1992
Yoann Gourcuff,fr FRA,MF,FW,1986
Jeffrey Gouweleeuw,nl NED,DF,,1991
Lewis Grabban,eng ENG,FW,MF,1988
Max Gradel,ci CIV,FW,MF,1987
Esteban Granero,es ESP,MF,,1987
Alberto Grassi,it ITA,MF,,1995
Andre Gray,jm JAM,FW,,1991
Demarai Gray,eng ENG,MF,FW,1996
Michael Gregoritsch,at AUT,MF,FW,1994
Clément Grenier,fr FRA,MF,,1991
Clément Grenier,fr FRA,MF,,1991
Antoine Griezmann,fr FRA,FW,,1991
Vincenzo Grifo,it ITA,MF,,1993
Florian Grillitsch,at AUT,MF,,1995
Pascal Groß,de GER,MF,,1991
Kamil Grosicki,pl POL,MF,,1988
Kamil Grosicki,pl POL,MF,,1988
Marko Grujić,rs SRB,MF,,1996
Karim Guédé,sk SVK,FW,,1985
Gonçalo Guedes,pt POR,FW,,1996
Adlène Guedioura,dz ALG,MF,,1985
Adlène Guedioura,dz ALG,MF,,1985
Mattéo Guendouzi,fr FRA,MF,,1999
Raphaël Guerreiro,pt POR,MF,,1993
John Guidetti,se SWE,FW,,1992
Diallo Guidileye,mr MTN,MF,,1989
Josuha Guilavogui,fr FRA,MF,,1990
Frederic Guilbert,fr FRA,DF,,1994
Frederic Guilbert,fr FRA,DF,MF,1994
Guilherme,br BRA,MF,,1991
Sehrou Guirassy,fr FRA,FW,,1996
Manuel Gulde,de GER,DF,,1991
İlkay Gündoğan,de GER,MF,,1990
Christian Günter,de GER,DF,MF,1993
Julian Günther-Schmidt,de GER,FW,MF,1994
Jon Guridi,es ESP,MF,,1995
Samuel Gustafson,se SWE,MF,,1995
Luiz Gustavo,br BRA,MF,DF,1987
Felipe Gutiérrez,cl CHI,MF,,1990
Leon Guwara,de GER,DF,,1996
Jonathan de Guzmán,nl NED,MF,,1987
Norbert Gyömbér,sk SVK,DF,,1992
Janik Haberer,de GER,FW,MF,1994
Alexander Hack,de GER,DF,,1993
Munir El Haddadi,ma MAR,FW,MF,1995
Munir El Haddadi,ma MAR,FW,MF,1995
Oussama Haddadi,tn TUN,DF,,1992
Florent Hadergjonaj,xk KVX,MF,DF,1994
Youssouf Hadji,ma MAR,FW,,1980
Ianis Hagi,ro ROU,FW,MF,1998
André Hahn,de GER,FW,MF,1990
Izet Hajrović,ba BIH,MF,,1991
Alen Halilović,hr CRO,MF,,1996
Alen Halilović,hr CRO,MF,FW,1996
Emil Hallfreðsson,is ISL,MF,,1984
Marcel Halstenberg,de GER,DF,,1991
Pierre-Yves Hamel,fr FRA,FW,,1994
Romain Hamouma,fr FRA,MF,FW,1987
Marek Hamšík,sk SVK,MF,,1987
Hendrik Hansen,de GER,DF,,1994
Genki Haraguchi,jp JPN,MF,,1991
Amine Harit,ma MAR,MF,,1997
Josh Harrop,eng ENG,FW,,1995
Marcel Hartel,de GER,MF,,1996
Moritz Hartmann,de GER,MF,FW,1986
Makoto Hasebe,jp JPN,MF,DF,1984
Hans Hateboer,nl NED,MF,,1994
Kai Havertz,de GER,MF,FW,1999
Eden Hazard,be BEL,FW,MF,1991
Thorgan Hazard,be BEL,FW,MF,1993
Jonas Hector,de GER,MF,DF,1990
Michael Hector,jm JAM,DF,,1992
Jens Hegeler,de GER,DF,,1988
Gauthier Hein,fr FRA,MF,,1996
Dominique Heintz,de GER,DF,,1993
Filip Helander,se SWE,DF,,1993
Marcel Heller,de GER,MF,,1986
Jordan Henderson,eng ENG,MF,,1990
Jeff Hendrick,ie IRL,MF,,1992
Benjamin Henrichs,de GER,DF,,1997
Markus Henriksen,no NOR,MF,,1992
Bruno Henrique,br BRA,MF,,1990
Bruno Henrique,br BRA,MF,,1989
Dalbert Henrique,br BRA,DF,MF,1993
Pedro Henrique,br BRA,MF,,1990
Uche Henry Agbo,ng NGA,MF,,1995
Hernán,es ESP,MF,,1990
Abel Hernández,uy URU,FW,,1990
Héctor Hernández,es ESP,DF,,1991
Héctor Hernández,es ESP,DF,MF,1991
Javier Hernández,mx MEX,FW,,1988
Lucas Hernández,fr FRA,DF,,1996
Luis Hernández,es ESP,DF,,1989
Luis Hernández,es ESP,DF,,1989
Pablo Hernández,cl CHI,MF,,1986
Theo Hernández,fr FRA,DF,,1997
Hernanes,br BRA,MF,,1985
Ander Herrera,es ESP,MF,,1989
Patrick Herrmann,de GER,MF,,1991
Përparim Hetemaj,fi FIN,MF,,1986
Son Heung-min,kr KOR,MF,FW,1992
Thomas Heurtaux,fr FRA,DF,,1988
Gonzalo Higuaín,ar ARG,FW,,1987
Roberto Hilbert,de GER,DF,,1984
Oscar Hiljemark,se SWE,MF,,1992
Oscar Hiljemark,se SWE,MF,,1992
Vitorino Hilton,br BRA,DF,,1977
Martin Hinteregger,at AUT,DF,,1992
Lukas Hinterseer,at AUT,FW,MF,1991
Andrew Hjulsager,dk DEN,MF,,1995
Wesley Hoedt,nl NED,DF,,1994
Nicolas Höfler,de GER,MF,DF,1990
Jonas Hofmann,de GER,MF,FW,1992
Marco Höger,de GER,MF,,1989
Immanuel Höhn,de GER,DF,,1991
Rob Holding,eng ENG,DF,,1995
José Holebas,gr GRE,DF,MF,1984
Mason Holgate,eng ENG,DF,,1996
Fabian Holland,de GER,DF,,1990
Lewis Holtby,de GER,MF,,1990
Gerrit Holtmann,de GER,MF,,1995
Keisuke Honda,jp JPN,FW,,1986
George Honeyman,eng ENG,MF,,1994
Martin Hongla,cm CMR,DF,MF,1998
Jannes Horn,de GER,DF,MF,1997
Benedikt Höwedes,de GER,DF,,1988
Branimir Hrgota,se SWE,FW,,1993
Benjamin Hübner,de GER,DF,,1989
Tomáš Hubočan,sk SVK,DF,,1985
Tom Huddlestone,eng ENG,MF,,1986
Mats Hummels,de GER,DF,,1988
Adrien Hunou,fr FRA,MF,,1994
Aaron Hunt,de GER,MF,,1986
Klaas-Jan Huntelaar,nl NED,FW,,1983
James Husband,eng ENG,DF,,1994
Szabolcs Huszti,hu HUN,MF,,1983
Robert Huth,de GER,DF,,1984
Elseid Hysaj,al ALB,DF,,1994
Pierre Højbjerg,dk DEN,MF,,1995
Robert Ibáñez,es ESP,MF,,1993
Víctor Ibarbo,co COL,FW,MF,1990
Jordon Ibe,eng ENG,MF,FW,1995
Vedad Ibišević,ba BIH,FW,,1984
Vicente Iborra,es ESP,MF,,1988
Didier Ibrahim Ndong,ga GAB,MF,,1994
Didier Ibrahim Ndong,ga GAB,MF,,1994
Zlatan Ibrahimović,se SWE,FW,,1981
Mauro Icardi,ar ARG,FW,,1993
Pietro Iemmello,it ITA,FW,,1992
Odion Ighalo,ng NGA,FW,,1989
Aleksandar Ignjovski,rs SRB,DF,MF,1991
Kelechi Iheanacho,ng NGA,FW,,1996
Jordan Ikoko,cd COD,DF,,1994
Jonathan Ikone,fr FRA,MF,FW,1998
Jonathan Ikone,fr FRA,MF,FW,1998
Josip Iličić,si SVN,MF,FW,1988
Asier Illarramendi,es ESP,MF,,1990
Jules Iloki,fr FRA,MF,FW,1992
Stefan Ilsanker,at AUT,MF,DF,1989
Giannelli Imbula,cd COD,MF,,1992
Ciro Immobile,it ITA,FW,,1990
Emmanuel Imorou,bj BEN,DF,,1988
Sverrir Ingi Ingason,is ISL,DF,,1993
Roberto Inglese,it ITA,FW,,1991
Andrés Iniesta,es ESP,MF,,1984
Lorenzo Insigne,it ITA,FW,,1991
Pablo Insua,es ESP,DF,,1993
Takashi Inui,jp JPN,MF,,1988
Artur Ioniță,md MDA,MF,,1990
Isco,es ESP,MF,FW,1992
Mauricio Isla,cl CHI,DF,MF,1988
Juan Iturbe,py PAR,FW,MF,1993
Juan Iturbe,py PAR,MF,FW,1993
Ander Iturraspe,es ESP,MF,,1989
Branislav Ivanović,rs SRB,DF,,1984
Alex Iwobi,ng NGA,MF,,1996
Armando Izzo,it ITA,DF,,1992
Koo Ja-cheol,kr KOR,MF,,1989
Phil Jagielka,eng ENG,DF,,1982
Mato Jajalo,ba BIH,MF,,1988
Arnel Jakupović,at AUT,FW,,1998
Christophe Jallet,fr FRA,DF,,1983
Lamin Jallow,gm GAM,FW,,1994
Matty James,eng ENG,MF,,1991
Vasilije Janjicic,ch SUI,MF,,1998
Christoph Janker,de GER,DF,,1985
Jakub Jankto,cz CZE,MF,,1996
Daryl Janmaat,nl NED,MF,DF,1989
Vincent Janssen,nl NED,FW,,1994
Tony Jantschke,de GER,DF,MF,1990
Adnan Januzaj,be BEL,MF,FW,1995
Nicolas Janvier,fr FRA,MF,,1998
Bakery Jatta,gm GAM,MF,,1998
Corentin Jean,fr FRA,FW,,1995
Corentin Jean,fr FRA,MF,,1995
Benjamin Jeannot,fr FRA,FW,,1992
Mile Jedinak,au AUS,MF,,1984
Tin Jedvaj,hr CRO,DF,,1995
Jemerson,br BRA,DF,,1992
Carl Jenkinson,eng ENG,DF,,1992
Jesé,es ESP,FW,,1993
Jesé,es ESP,MF,FW,1993
Gabriel Jesus,br BRA,FW,MF,1997
Juan Jesus,br BRA,DF,,1991
Joaquín,es ESP,FW,MF,1981
Aron Jóhannsson,us USA,FW,,1990
Ola John,nl NED,MF,FW,1992
Fabian Johnson,us USA,MF,FW,1987
Glen Johnson,eng ENG,DF,,1984
Miloš Jojić,rs SRB,MF,,1992
Billy Jones,eng ENG,DF,MF,1987
David Jones,eng ENG,MF,,1984
Phil Jones,eng ENG,DF,,1992
Jony,es ESP,MF,,1991
Park Joo-ho,kr KOR,DF,,1987
Jorge,br BRA,DF,,1996
Jorginho,gw GNB,MF,,1995
Jorginho,it ITA,MF,,1991
Willian José,br BRA,FW,,1991
Joselu,es ESP,FW,,1990
Jota,es ESP,MF,,1991
Yann Jouffre,fr FRA,MF,,1984
Vukašin Jovanović,rs SRB,DF,,1996
Stevan Jovetić,me MNE,FW,MF,1989
Stevan Jovetić,me MNE,FW,,1989
Jozabed,es ESP,MF,,1991
Juanfran,es ESP,DF,,1985
Juanfran,es ESP,DF,,1988
Juankar,es ESP,DF,MF,1990
Juanmi,es ESP,FW,MF,1993
Juanpi,ve VEN,MF,FW,1994
Mariano Julio Izco,ar ARG,MF,DF,1983
Christopher Jullien,fr FRA,DF,,1993
David Juncà,es ESP,DF,,1993
Anthony Jung,de GER,MF,DF,1991
Gideon Jung,de GER,MF,DF,1994
Sebastian Jung,de GER,DF,,1990
Florian Jungwirth,de GER,MF,DF,1989
Zlatko Junuzović,at AUT,MF,,1987
Lukas Jutkiewicz,eng ENG,FW,,1989
Christian Kabasele,be BEL,DF,MF,1991
Younès Kaboul,fr FRA,DF,,1986
Younès Kaboul,fr FRA,DF,,1986
Alexander Kačaniklić,se SWE,MF,FW,1991
Gojko Kačar,rs SRB,MF,DF,1987
Omar El Kaddouri,ma MAR,MF,,1990
Omar El Kaddouri,ma MAR,MF,,1990
Julius Kade,de GER,MF,,1999
Pavel Kadeřábek,cz CZE,MF,DF,1992
Shinji Kagawa,jp JPN,MF,,1989
Sullay Kaikai,eng ENG,FW,MF,1995
Florian Kainz,at AUT,MF,,1992
Dominik Kaiser,de GER,MF,,1988
Gaël Kakuta,cd COD,MF,,1991
Nikola Kalinić,hr CRO,FW,,1988
Salomon Kalou,ci CIV,MF,,1985
Aldo Kalulu,fr FRA,FW,,1996
Aldo Kalulu,fr FRA,FW,MF,1996
François Kamano,gn GUI,FW,,1996
Wilson Kamavuaka,cd COD,MF,,1990
Kevin Kampl,si SVN,MF,,1990
Harry Kane,eng ENG,FW,,1993
N'Golo Kanté,fr FRA,MF,,1991
Abdelhamid El Kaoutari,ma MAR,DF,,1990
Yann Karamoh,fr FRA,MF,FW,1998
Benjamin Karamoko,ml MLI,DF,,1995
Grigoris Kastanos,cy CYP,MF,FW,1998
Aleksandar Katai,rs SRB,MF,FW,1991
Moise Kean,it ITA,FW,,2000
Michael Keane,eng ENG,DF,,1993
Will Keane,eng ENG,FW,,1993
Thilo Kehrer,de GER,DF,,1996
Abdoulaye Keita,ml MLI,DF,MF,1994
Naby Keïta,gn GUI,MF,,1995
Keko,es ESP,MF,,1991
Martin Kelly,eng ENG,DF,,1990
Olivier Kemen,fr FRA,MF,,1996
Marc-Oliver Kempf,de GER,DF,,1995
Kenedy,br BRA,MF,,1996
Kenedy,br BRA,FW,MF,1996
Jonjoe Kenny,eng ENG,DF,FW,1997
Christophe Kerbrat,fr FRA,DF,,1986
Franck Kessié,ci CIV,MF,,1996
Billy Ketkeophomphone,fr FRA,FW,MF,1990
Hamidou Keyta,fr FRA,MF,FW,1994
Saîf-Eddine Khaoui,tn TUN,MF,,1995
Wahbi Khazri,tn TUN,MF,FW,1991
Rani Khedira,de GER,MF,,1994
Sami Khedira,de GER,MF,,1987
Isaac Kiese Thelin,se SWE,FW,,1992
Stefan Kießling,de GER,FW,,1984
Michael Kightly,eng ENG,MF,,1986
Kike,es ESP,FW,,1989
Joshua Kimmich,de GER,MF,DF,1995
Presnel Kimpembe,fr FRA,DF,,1995
Andy King,wal WAL,MF,,1988
Joshua King,no NOR,MF,FW,1992
Stephen Kingsley,sco SCO,DF,,1994
Jan Kirchhoff,de GER,MF,,1990
Ricardo Kishna,nl NED,MF,FW,1995
Ricardo Kishna,nl NED,FW,,1995
Sonny Kittel,de GER,MF,FW,1993
Sofian Kiyine,ma MAR,MF,,1997
Hiroshi Kiyotake,jp JPN,MF,FW,1989
Ragnar Klavan,ee EST,DF,,1985
László Kleinheisler,hu HUN,MF,,1994
Lukas Klostermann,de GER,DF,,1996
Lukas Klünter,de GER,DF,,1996
Robin Knoche,de GER,DF,,1992
Kenan Kodro,ba BIH,FW,,1993
Erwin Koffi,fr FRA,DF,,1995
Dominik Kohr,de GER,MF,,1994
Koke,es ESP,MF,,1992
Aleksandar Kolarov,rs SRB,DF,,1985
Sead Kolašinac,ba BIH,MF,DF,1993
Timothée Kolodziejczak,fr FRA,DF,,1991
Timothée Kolodziejczak,fr FRA,DF,,1991
Vincent Kompany,be BEL,DF,,1986
Geoffrey Kondogbia,cf CTA,MF,,1993
Arouna Koné,ci CIV,FW,,1983
Bakary Koné,bf BFA,DF,,1988
Lamine Koné,ci CIV,DF,,1989
Mamadou Koné,ci CIV,FW,,1991
Panagiotis Kone,gr GRE,MF,,1987
Panagiotis Kone,gr GRE,MF,,1987
Youssouf Koné,ml MLI,DF,,1995
Abdoulay Konko,fr FRA,MF,DF,1984
Yevhen Konoplyanka,ua UKR,FW,MF,1989
Julian Korb,de GER,DF,MF,1992
Laurent Koscielny,fr FRA,DF,,1985
Filip Kostić,rs SRB,MF,,1992
Andrej Kotnik,si SVN,MF,,1995
Kalidou Koulibaly,sn SEN,DF,,1991
Anthony Koura,bf BFA,FW,MF,1993
Cheikhou Kouyaté,sn SEN,MF,DF,1989
Mateo Kovačić,hr CRO,MF,,1994
Vincent Koziello,fr FRA,MF,,1995
Emil Krafth,se SWE,DF,,1994
Andrej Kramarić,hr CRO,FW,MF,1991
Christoph Kramer,de GER,MF,,1991
Matías Kranevitter,ar ARG,MF,,1993
Artem Kravets,ua UKR,FW,,1989
Ladislav Krejčí,cz CZE,FW,MF,1992
Rene Krhin,si SVN,MF,,1990
Bojan Krkić,es ESP,MF,FW,1990
Bojan Krkić,es ESP,MF,FW,1990
Michael Krohn-Dehli,dk DEN,MF,FW,1983
Toni Kroos,de GER,MF,,1990
Nenad Krstičić,rs SRB,MF,,1990
Rade Krunić,ba BIH,MF,,1993
Max Kruse,de GER,FW,,1988
Grzegorz Krychowiak,pl POL,MF,,1990
Lukas Kübler,de GER,DF,,1992
Juraj Kucka,sk SVK,MF,,1987
Sven Kums,be BEL,MF,,1988
Sinan Kurt,tr TUR,FW,MF,1996
Jasmin Kurtić,si SVN,MF,FW,1989
Layvin Kurzawa,fr FRA,DF,,1992
Zdravko Kuzmanović,rs SRB,MF,,1987
Han Kwang-song,kp PRK,FW,,1998
Enock Kwateng,fr FRA,DF,,1997
Gaëtan Laborde,fr FRA,FW,,1994
Alexandre Lacazette,fr FRA,FW,,1991
Léo Lacroix,ch SUI,DF,,1992
Víctor Laguardia,es ESP,DF,,1989
Philipp Lahm,de GER,DF,,1983
Adam Lallana,eng ENG,MF,FW,1988
Rickie Lambert,eng ENG,FW,,1982
Érik Lamela,ar ARG,MF,,1992
Ádám Lang,hu HUN,DF,,1993
Sebastian Langkamp,de GER,DF,,1988
Manuel Lanzini,ar ARG,MF,,1993
Gianluca Lapadula,pe PER,FW,,1990
Aymeric Laporte,fr FRA,DF,,1994
Danilo Larangeira,br BRA,DF,,1984
Seb Larsson,se SWE,MF,,1985
Miguel de las Cuevas,es ESP,MF,,1986
Paul Lasne,fr FRA,MF,,1989
Pierre-Michel Lasogga,de GER,FW,,1991
Toni Lato,es ESP,DF,,1997
Danny Latza,de GER,MF,,1989
Laure,es ESP,DF,,1985
Vincent Laurini,fr FRA,DF,,1989
Wesley Lautoa,nc NCL,MF,DF,1987
Diego Laxalt,uy URU,MF,,1993
Darko Lazović,rs SRB,MF,FW,1990
Mickaël Le Bihan,fr FRA,FW,,1990
Vincent Le Goff,fr FRA,DF,,1989
Maxime Le Marchand,fr FRA,DF,,1989
James Lea Siliki,fr FRA,FW,MF,1996
Grant Leadbitter,eng ENG,MF,,1986
Jordan Leborgne,fr FRA,DF,,1995
Mathew Leckie,au AUS,MF,FW,1991
Joe Ledley,wal WAL,MF,,1987
Pierre Lees-Melou,fr FRA,MF,FW,1993
Matthias Lehmann,de GER,MF,,1983
Robert Leipertz,de GER,FW,MF,1993
Moritz Leitner,de GER,MF,,1992
Moritz Leitner,de GER,MF,,1992
Lucas Leiva,br BRA,MF,DF,1987
Florian Lejeune,fr FRA,DF,,1991
Kevin Lejeune,fr FRA,MF,,1985
Jonathan Leko,eng ENG,FW,MF,1999
Iñigo Lekue,es ESP,MF,DF,1993
Thomas Lemar,fr FRA,MF,,1995
Mario Lemina,ga GAB,MF,,1993
Fabien Lemoine,fr FRA,MF,,1987
Álvaro Lemos,es ESP,DF,MF,1993
Mauricio Lemos,uy URU,DF,,1995
Clément Lenglet,fr FRA,DF,,1995
Clément Lenglet,fr FRA,DF,,1995
Ermir Lenjani,al ALB,DF,FW,1989
Aaron Lennon,eng ENG,MF,FW,1987
Jeremain Lens,nl NED,FW,MF,1987
Pedro León,es ESP,MF,,1986
Sergio León,es ESP,FW,,1989
Joleon Lescott,eng ENG,DF,,1982
Filip Lesniak,sk SVK,MF,,1996
Timo Letschert,nl NED,DF,,1993
Tobias Levels,de GER,DF,,1986
Dorian Lévêque,fr FRA,DF,,1989
Robert Lewandowski,pl POL,FW,,1988
Igor Lewczuk,pl POL,DF,,1985
Stefan Lex,de GER,MF,,1989
Aaron Leya Iseka,be BEL,MF,FW,1997
Dario Lezcano,py PAR,FW,,1990
Stephan Lichtsteiner,ch SUI,DF,MF,1984
Lillo,es ESP,DF,,1989
Lucas Lima,br BRA,DF,,1991
Karol Linetty,pl POL,MF,,1995
Jesse Lingard,eng ENG,MF,FW,1992
Pol Lirola,es ESP,DF,,1997
Marko Livaja,hr CRO,FW,,1993
Jake Livermore,eng ENG,MF,,1989
Jake Livermore,eng ENG,MF,DF,1989
Adem Ljajić,rs SRB,FW,MF,1991
Diego Llorente,es ESP,DF,MF,1993
Fernando Llorente,es ESP,FW,,1985
Marcos Llorente,es ESP,MF,,1995
Alexandre Llovet,fr FRA,FW,,1997
Giovani Lo Celso,ar ARG,MF,,1996
Simone Lo Faso,it ITA,MF,,1998
Manuel Locatelli,it ITA,MF,,1998
Francesco Lodi,it ITA,MF,,1984
Raoul Loé,cm CMR,MF,,1989
Ruben Loftus-Cheek,eng ENG,MF,,1996
David Lombán,es ESP,DF,,1987
Cristiano Lombardi,it ITA,FW,,1995
Kevin Long,ie IRL,DF,,1990
Shane Long,ie IRL,FW,,1987
Ademola Lookman,eng ENG,FW,,1997
Hélder Lopes,pt POR,DF,,1989
Rony Lopes,pt POR,MF,FW,1995
Adrián López,es ESP,FW,MF,1988
David López,es ESP,DF,MF,1989
Isma López,es ESP,DF,MF,1990
Javi López,es ESP,DF,,1986
Maxi López,ar ARG,FW,,1984
Maxime Lopez,fr FRA,MF,,1997
Unai López,es ESP,MF,,1995
Alberto Lora,es ESP,DF,,1987
Jordan Lotiès,fr FRA,DF,,1984
Jeff Louis,ht HAI,MF,FW,1992
Donald Love,sco SCO,DF,,1994
Dejan Lovren,hr CRO,DF,,1989
Matthew Lowton,eng ENG,DF,,1989
Luciano,br BRA,FW,,1993
José Luis Gayà,es ESP,DF,,1995
Filipe Luís,br BRA,DF,,1985
Luisinho,pt POR,DF,MF,1985
David Luiz,br BRA,DF,,1987
David Luiz,br BRA,DF,,1987
Jordan Lukaku,be BEL,MF,DF,1994
Romelu Lukaku,be BEL,FW,,1993
Dodi Lukebakio,be BEL,FW,MF,1997
Saša Lukić,rs SRB,MF,,1996
Senad Lulić,ba BIH,MF,FW,1986
Antonio Luna,es ESP,DF,,1991
Arnaud Lusamba,fr FRA,FW,MF,1997
Fabian Lustenberger,ch SUI,MF,DF,1988
Cheikh M'Bengue,sn SEN,DF,MF,1988
Massimo Maccarone,it ITA,FW,,1979
Zinédine Machach,fr FRA,MF,,1996
Darwin Machís,ve VEN,MF,FW,1993
Christian Maggio,it ITA,DF,,1982
Francesco Magnanelli,it ITA,MF,,1984
Harry Maguire,eng ENG,DF,,1993
Hicham Mahou,fr FRA,MF,,1999
Riyad Mahrez,dz ALG,MF,,1991
Raffaele Maiello,it ITA,MF,,1991
Arne Maier,de GER,MF,,1999
Domenico Maietta,it ITA,DF,,1982
Habib Maïga,ci CIV,DF,MF,1996
Ainsley Maitland-Niles,eng ENG,DF,FW,1997
Abdul Majeed Waris,gh GHA,FW,MF,1991
Jean-Victor Makengo,fr FRA,MF,,1998
Nikola Maksimović,rs SRB,DF,,1991
Steed Malbranque,fr FRA,MF,,1980
Malcom,br BRA,FW,MF,1997
Kévin Malcuit,ma MAR,DF,MF,1991
Aly Mallé,ml MLI,MF,FW,1998
Yunus Mallı,tr TUR,MF,,1992
Yunus Mallı,tr TUR,MF,FW,1992
Hugo Mallo,es ESP,DF,,1991
Shaun Maloney,sco SCO,MF,,1983
Emanuel Mammana,ar ARG,DF,,1996
Rey Manaj,al ALB,FW,,1997
Vincent Manceau,fr FRA,DF,,1989
Christophe Mandanne,fr FRA,FW,,1985
Aïssa Mandi,dz ALG,DF,,1991
Georges Mandjeck,cm CMR,MF,,1988
Rolando Mandragora,it ITA,MF,,1997
Mario Mandžukić,hr CRO,FW,MF,1986
Alexis Mané,sn SEN,MF,,1997
Sadio Mané,sn SEN,FW,,1992
Eliaquim Mangala,fr FRA,DF,,1991
Thomas Mangani,fr FRA,MF,,1987
Ousman Manneh,gm GAM,FW,,1997
Kostas Manolas,gr GRE,DF,,1991
Javier Manquillo,es ESP,DF,MF,1994
Martín Mantovani,ar ARG,DF,,1984
José Manuel Jurado,es ESP,MF,,1986
Faitout Maouassa,fr FRA,MF,FW,1998
Mohamed Mara,gn GUI,MF,FW,1996
Florian Marange,fr FRA,DF,,1986
Fernando Marçal,br BRA,DF,,1989
Vincent Marcel,fr FRA,FW,MF,1997
Marcelo,br BRA,DF,,1988
Giovanni Marchese,it ITA,DF,,1984
Vincent Marchetti,fr FRA,MF,,1997
Claudio Marchisio,it ITA,MF,,1986
Gian Marco Ferrari,it ITA,DF,,1992
Óscar de Marcos,es ESP,DF,,1989
José María Giménez,uy URU,DF,MF,1995
Mariano,do DOM,FW,,1993
Mariano,br BRA,DF,MF,1986
Adrian Mariappa,jm JAM,DF,,1986
Jordan Marié,fr FRA,MF,,1991
Guido Marilungo,it ITA,FW,,1989
Adrián Marín,es ESP,DF,,1997
João Mário,pt POR,MF,,1993
Lazar Marković,rs SRB,MF,,1994
Marlon,br BRA,DF,,1995
Dean Marney,eng ENG,MF,,1984
Dominic Maroh,si SVN,DF,,1987
Iván Márquez,es ESP,DF,,1994
Javi Márquez,es ESP,MF,,1986
Marquinhos,br BRA,DF,,1994
Bruno Martella,it ITA,DF,MF,1992
Anthony Martial,fr FRA,MF,FW,1995
Aarón Martín,es ESP,DF,,1997
Alberto Martín,es ESP,MF,,1989
Jonas Martin,fr FRA,MF,,1990
Marvin Martin,fr FRA,FW,MF,1988
Cuco Martina,cw CUW,DF,,1989
Álex Martínez,es ESP,DF,,1990
Carlos Martínez,es ESP,DF,,1986
Iñigo Martínez,es ESP,DF,,1991
Javi Martínez,es ESP,DF,,1988
Josef Martínez,ve VEN,FW,,1993
Pablo Martinez,fr FRA,DF,,1989
Bruno Martins Indi,nl NED,DF,,1992
Jonathan Martins Pereira,fr FRA,DF,,1986
Luís Martins,pt POR,DF,,1992
Joris Marveaux,mq MTQ,MF,,1982
Sylvain Marveaux,fr FRA,MF,FW,1986
Omar Mascarell,es ESP,MF,,1993
Javier Mascherano,ar ARG,DF,,1984
Andrea Masiello,it ITA,DF,,1986
Adam Masina,ma MAR,DF,,1994
Brandon Mason,eng ENG,DF,,1997
Ryan Mason,eng ENG,MF,,1991
Arthur Masuaku,cd COD,DF,MF,1993
Juan Mata,es ESP,MF,FW,1988
Jean-Philippe Mateta,fr FRA,FW,,1997
Jérémy Mathieu,fr FRA,DF,,1983
Boris Mathis,fr FRA,FW,,1997
Nemanja Matić,rs SRB,MF,,1988
Joël Matip,cm CMR,DF,,1991
Marvin Matip,cm CMR,DF,,1985
Ryder Matos,br BRA,FW,MF,1993
Alessandro Matri,it ITA,FW,,1984
Blaise Matuidi,fr FRA,MF,,1987
José Mauri,it ITA,MF,,1996
Mërgim Mavraj,al ALB,DF,,1986
Mërgim Mavraj,al ALB,DF,,1986
Rio Mavuba,fr FRA,MF,,1984
Alfie Mawson,eng ENG,DF,,1994
Philipp Max,de GER,MF,DF,1993
Eric Maxim Choupo-Moting,cm CMR,MF,FW,1989
Maxwell,br BRA,DF,,1981
Borja Mayoral,es ESP,FW,,1997
Youssef Maziz,fr FRA,MF,,1998
Luca Mazzitelli,it ITA,MF,,1995
Kylian Mbappé,fr FRA,FW,MF,1998
Ibrahima Mbaye,sn SEN,DF,,1994
Isaac Mbenza,be BEL,MF,,1996
Dieumerci Mbokani,cd COD,FW,,1985
James McArthur,sco SCO,MF,,1987
Gareth McAuley,nir NIR,DF,,1979
Oliver McBurnie,sco SCO,FW,,1996
James McCarthy,ie IRL,MF,,1990
James McClean,ie IRL,MF,FW,1989
Levan Mchedlidze,ge GEO,FW,,1990
Weston McKennie,us USA,MF,,1998
Paddy McNair,nir NIR,MF,,1995
Sam McQueen,eng ENG,DF,,1995
Scott McTominay,sco SCO,MF,,1996
Gary Medel,cl CHI,DF,MF,1987
Carl Medjani,dz ALG,DF,,1985
Álvaro Medrán,es ESP,MF,,1994
Ben Mee,eng ENG,DF,,1989
Jonas Meffert,de GER,MF,,1994
Riccardo Meggiorini,it ITA,FW,,1985
Admir Mehmedi,ch SUI,MF,FW,1991
Alexander Meier,de GER,FW,MF,1983
Federico Melchiorri,it ITA,FW,,1987
Filippo Melegoni,it ITA,MF,,1999
Óscar Melendo,es ESP,MF,,1997
Felipe Melo,br BRA,MF,,1983
Ledian Memushaj,al ALB,MF,,1986
Pedro Mendes,pt POR,DF,,1990
Ryan Mendes,cv CPV,MF,FW,1990
Tiago Mendes,pt POR,MF,,1981
Edgar Mendez,es ESP,MF,,1990
Alexandre Mendy,gw GNB,FW,,1994
Benjamin Mendy,fr FRA,DF,,1994
Nampalys Mendy,sn SEN,MF,,1992
Hamza Mendyl,ma MAR,DF,,1997
Jérémy Ménez,fr FRA,FW,,1987
Gabriel Mercado,ar ARG,DF,,1987
Jorge Meré,es ESP,DF,,1997
Fran Mérida,es ESP,MF,,1990
Mikel Merino,es ESP,DF,,1996
Sabin Merino,es ESP,FW,MF,1992
Dries Mertens,be BEL,FW,,1987
Per Mertesacker,de GER,DF,,1984
Roque Mesa,es ESP,MF,,1989
Djamel Mesbah,dz ALG,DF,,1984
Walid Mesloub,dz ALG,MF,,1985
Lionel Messi,ar ARG,FW,,1987
Thomas Meunier,be BEL,DF,,1991
Mexer,mz MOZ,DF,,1988
Max Meyer,de GER,MF,FW,1995
David Meyler,ie IRL,MF,DF,1989
Senna Miangue,be BEL,DF,,1997
Senna Miangue,be BEL,DF,,1997
Michel,br BRA,DF,,1990
Clément Michelin,fr FRA,MF,DF,1997
Giulio Migliaccio,it ITA,DF,MF,1981
Guido Milán,ar ARG,DF,,1987
Hrvoje Milić,hr CRO,MF,DF,1989
Hrvoje Miličević,hr CRO,DF,,1993
Arkadiusz Milik,pl POL,FW,,1994
Sergej Milinković-Savić,rs SRB,MF,,1995
Luka Milivojević,rs SRB,MF,,1991
James Milner,eng ENG,DF,,1986
Alexander Milošević,se SWE,DF,,1992
Santi Mina,es ESP,FW,MF,1995
Tyrone Mings,eng ENG,DF,,1993
Rafa Mir,es ESP,FW,,1997
Kevin Mirallas,be BEL,FW,MF,1987
Miranda,br BRA,DF,,1984
Simone Missiroli,it ITA,MF,,1986
Demetri Mitchell,eng ENG,DF,,1997
Alexandru Mitriță,ro ROU,MF,FW,1995
Maximilian Mittelstädt,de GER,DF,MF,1997
Henrikh Mkhitaryan,am ARM,FW,MF,1989
Filip Mladenović,rs SRB,DF,MF,1991
Jan Mlakar,si SVN,FW,,1998
Justin Möbius,de GER,MF,,1997
Anthony Modeste,fr FRA,FW,,1988
Luka Modrić,hr CRO,MF,,1985
Wilfried Moimbé,fr FRA,MF,,1988
Niklas Moisander,fi FIN,DF,,1985
Cristian Molinaro,it ITA,DF,,1983
Florent Mollet,fr FRA,MF,,1991
Momo,es ESP,MF,FW,1982
Cédric Mongongu,cd COD,DF,,1989
Kévin Monnet-Paquet,fr FRA,MF,FW,1988
Nacho Monreal,es ESP,DF,,1986
Jefferson Montero,ec ECU,MF,FW,1989
Riccardo Montolivo,it ITA,MF,,1985
Ángel Montoro,es ESP,MF,,1988
Martín Montoya,es ESP,DF,,1991
Walter Montoya,ar ARG,FW,,1993
Emre Mor,tr TUR,MF,FW,1997
Alfredo Morales,us USA,MF,,1990
Erik Morán,es ESP,MF,,1991
Álvaro Morata,es ESP,FW,,1992
Jan Morávek,cz CZE,MF,,1989
Steven Moreira,fr FRA,DF,,1994
Steven Moreira,fr FRA,DF,,1994
Jérémy Morel,mg MAD,DF,,1984
Alberto Moreno,es ESP,DF,,1992
Gerard Moreno,es ESP,FW,,1992
Marlos Moreno,co COL,MF,FW,1996
Emiliano Moretti,it ITA,DF,,1981
Wes Morgan,jm JAM,DF,,1984
Michel Morganella,ch SUI,MF,DF,1989
Archimede Morleo,it ITA,DF,,1983
Leonardo Morosini,it ITA,MF,,1995
James Morrison,sco SCO,MF,,1986
Victor Moses,ng NGA,MF,,1990
Pedro Mosquera,es ESP,MF,,1988
Mehdi Mostefa,dz ALG,MF,,1983
Thiago Motta,it ITA,MF,,1982
François Moubandje,ch SUI,DF,,1990
Benjamin Moukandjo,cm CMR,FW,MF,1988
Steve Mounié,bj BEN,FW,,1994
Anthony Mounier,fr FRA,FW,MF,1987
Anthony Mounier,fr FRA,FW,,1987
Lucas Moura,br BRA,FW,MF,1992
Lys Mousset,fr FRA,FW,,1996
João Moutinho,pt POR,MF,,1986
Ndombe Mubele,cd COD,MF,FW,1994
Nordi Mukiele,fr FRA,DF,,1997
Nicolai Müller,de GER,MF,,1987
Thomas Müller,de GER,MF,FW,1989
Maurice Multhaup,de GER,MF,,1996
Gianni Munari,it ITA,MF,,1983
Iker Muniain,es ESP,MF,,1992
Marc Muniesa,es ESP,DF,,1992
Ezequiel Muñoz,ar ARG,DF,,1990
Luis Muñoz,es ESP,DF,,1997
Sulley Muntari,gh GHA,MF,,1984
Vincent Muratori,fr FRA,DF,,1987
Alessandro Murgia,it ITA,MF,,1996
Robert Murić,hr CRO,FW,,1996
Luis Muriel,co COL,FW,,1991
Jeison Murillo,co COL,DF,,1992
Nicola Murru,it ITA,DF,,1994
Ahmed Musa,ng NGA,MF,FW,1992
Mateo Musacchio,ar ARG,DF,,1990
Yrondu Musavu-King,ga GAB,DF,,1992
Charly Musonda Jr.,be BEL,MF,,1996
Shkodran Mustafi,de GER,DF,,1992
Shkodran Mustafi,de GER,DF,,1992
Jordon Mutch,eng ENG,MF,,1991
Yoshinori Mutō,jp JPN,FW,,1992
Arnold Mvuemba,cd COD,MF,,1985
Mats Møller Dæhli,no NOR,MF,,1995
Alfred N'Diaye,sn SEN,MF,,1990
Alfred N'Diaye,sn SEN,MF,,1990
Mamadou N'Diaye,sn SEN,MF,,1995
Kévin N'Doram,fr FRA,MF,,1996
Cheikh N'Doye,sn SEN,MF,,1986
Serge N'Guessan,ci CIV,MF,,1994
Clinton N'Jie,cm CMR,FW,MF,1993
Georges-Kévin N'Koudou,fr FRA,MF,,1995
Nacho,es ESP,DF,,1990
Mickael Nade,fr FRA,DF,,1999
Yuto Nagatomo,jp JPN,DF,,1986
Ádám Nagy,hu HUN,MF,,1995
Matías Nahuel,es ESP,FW,MF,1996
Radja Nainggolan,be BEL,MF,,1988
Préjuce Nakoulma,bf BFA,FW,MF,1987
Naldo,br BRA,DF,,1982
Andrea Nalini,it ITA,MF,FW,1990
Lenny Nangis,fr FRA,MF,FW,1994
Nani,pt POR,MF,FW,1986
Nano,es ESP,FW,,1995
Luciano Narsingh,nl NED,FW,,1990
Samir Nasri,fr FRA,FW,MF,1987
Samir Nasri,fr FRA,MF,FW,1987
Matija Nastasić,rs SRB,DF,,1993
Kyle Naughton,eng ENG,DF,,1988
Fernando Navarro,es ESP,DF,,1982
Marc Navarro,es ESP,DF,,1995
Rafa Navarro,es ESP,DF,,1994
Jesús Navas,es ESP,MF,DF,1985
Raúl Navas,es ESP,DF,,1988
Dani Ndi,cm CMR,MF,,1995
Wilfred Ndidi,ng NGA,MF,,1996
Álvaro Negredo,es ESP,FW,,1985
Ilija Nestorovski,mk MKD,FW,,1990
Neymar,br BRA,FW,,1992
Axel Ngando,fr FRA,MF,FW,1993
Exaucé Ngassaki,cg CGO,FW,,1997
Julien Ngoy,be BEL,FW,,1997
Opa Nguette,sn SEN,MF,FW,1994
M'Baye Niang,sn SEN,MF,FW,1994
M'Baye Niang,sn SEN,FW,,1994
Oumar Niasse,sn SEN,FW,,1990
Florian Niederlechner,de GER,FW,,1990
Georg Niedermeier,de GER,DF,,1986
Håvard Nielsen,no NOR,FW,MF,1993
Peter Niemeyer,de GER,DF,MF,1983
Saúl Ñíguez,es ESP,MF,,1994
Casimir Ninga,td CHA,MF,FW,1993
Pavle Ninkov,rs SRB,DF,,1985
Nikola Ninković,rs SRB,FW,MF,1994
Nicolas Nkoulou,cm CMR,DF,,1990
Christopher Nkunku,fr FRA,MF,FW,1997
Mark Noble,eng ENG,MF,,1987
Nolito,es ESP,MF,FW,1986
Arnaud Nordin,fr FRA,MF,FW,1998
Håvard Nordtveit,no NOR,DF,MF,1990
Emilio Nsue,gq EQG,DF,MF,1989
Olivier Ntcham,fr FRA,MF,FW,1996
Paul-Georges Ntep,cm CMR,MF,,1992
Paul-Georges Ntep,cm CMR,MF,,1992
David Nugent,eng ENG,FW,,1985
Dickson Nwakaeme,ng NGA,FW,,1986
Simeon Nwankwo,ng NGA,FW,,1992
Allan Nyom,cm CMR,DF,,1988
Steven Nzonzi,fr FRA,MF,,1988
Aiden O'Neill,au AUS,MF,,1998
John O'Shea,ie IRL,DF,,1981
Mounir Obbadi,ma MAR,MF,,1983
Mounir Obbadi,ma MAR,MF,,1983
Joel Obi,ng NGA,MF,,1991
Pedro Obiang,gq EQG,MF,,1992
Victor Obinna,ng NGA,FW,,1987
Lucas Ocampos,ar ARG,FW,,1994
Lucas Ocampos,ar ARG,FW,,1994
Philipp Ochs,de GER,MF,DF,1997
Bastian Oczipka,de GER,DF,MF,1989
Álvaro Odriozola,es ESP,DF,,1995
Angelo Ogbonna,it ITA,DF,,1988
Marios Oikonomou,gr GRE,DF,,1992
Stefano Okaka,it ITA,FW,,1989
Shinji Okazaki,jp JPN,FW,MF,1986
Orji Okwonkwo,ng NGA,MF,,1998
Miguel Olavide,es ESP,MF,DF,1996
Sérgio Oliveira,pt POR,MF,,1992
Weligton Oliveira,br BRA,DF,,1979
Maximiliano Olivera,uy URU,MF,DF,1992
Denys Oliynyk,ua UKR,MF,,1987
Paweł Olkowski,pl POL,DF,MF,1990
Jonas Olsson,se SWE,DF,,1983
Martin Olsson,se SWE,DF,,1988
Prince Oniangué,cg CGO,MF,FW,1988
Karim Onisiwo,at AUT,MF,FW,1992
Josh Onomah,eng ENG,FW,MF,1997
Javier Ontiveros,es ESP,MF,,1997
Lucas Orbán,ar ARG,DF,,1989
Willi Orban,hu HUN,DF,,1992
Anderson Ordóñez,ec ECU,DF,,1994
Fabián Orellana,cl CHI,MF,FW,1986
Fabián Orellana,cl CHI,MF,FW,1986
Divock Origi,be BEL,FW,,1995
Yuya Osako,jp JPN,FW,MF,1990
Oscar,br BRA,MF,,1991
Victor Osimhen,ng NGA,FW,,1998
Matthias Ostrzolek,de GER,DF,MF,1990
Nicolás Otamendi,ar ARG,DF,,1988
Antonio Otegui,es ESP,MF,,1998
Adam Ounas,dz ALG,MF,FW,1996
Bryan Oviedo,cr CRC,DF,,1990
Bryan Oviedo,cr CRC,DF,MF,1990
Alex Oxlade-Chamberlain,eng ENG,MF,,1993
Mikel Oyarzabal,es ESP,FW,MF,1997
Salih Özcan,de GER,MF,,1998
Mesut Özil,de GER,MF,,1988
Levin Öztunalı,de GER,MF,,1996
Simone Padoin,it ITA,MF,,1984
Asdrúbal Padrón,es ESP,FW,MF,1991
Marko Pajač,hr CRO,MF,,1993
Vincent Pajot,fr FRA,MF,,1990
Rodrigo Palacio,ar ARG,FW,,1982
Federico Palacios Martínez,de GER,FW,,1995
Gabriel Paletta,it ITA,DF,,1986
Raffaele Palladino,it ITA,FW,MF,1984
Raffaele Palladino,it ITA,FW,MF,1984
Nicolas Pallois,fr FRA,DF,,1987
Emerson Palmieri,it ITA,DF,MF,1994
Julian Palmieri,fr FRA,DF,MF,1986
Angelo Palombo,it ITA,DF,,1981
Alberto Paloschi,it ITA,FW,,1990
Goran Pandev,mk MKD,FW,MF,1983
Aleksandar Pantić,rs SRB,DF,,1992
Kyriakos Papadopoulos,gr GRE,DF,MF,1992
Kyriakos Papadopoulos,gr GRE,DF,,1992
Sokratis Papastathopoulos,gr GRE,DF,,1988
Felipe Pardo,co COL,MF,,1990
Rubén Pardo,es ESP,MF,,1992
Rubén Pardo,es ESP,MF,,1992
Leandro Paredes,ar ARG,MF,,1994
Nicolás Pareja,ar ARG,DF,,1984
Daniel Parejo,es ESP,MF,,1989
Vittorio Parigini,it ITA,FW,MF,1996
Marco Parolo,it ITA,MF,,1985
Thomas Partey,gh GHA,MF,DF,1993
Mario Pašalić,hr CRO,MF,,1995
Manuel Pasqual,it ITA,DF,,1982
Bryan Passi,fr FRA,DF,,1997
Felix Passlack,de GER,DF,MF,1998
Javier Pastore,ar ARG,MF,FW,1989
Alexandre Pato,br BRA,FW,,1989
Patric,es ESP,DF,MF,1993
Gabriel Paulista,br BRA,DF,,1990
Daniel Pavlović,ba BIH,DF,,1988
Mateo Pavlović,ba BIH,DF,FW,1990
Leonardo Pavoletti,it ITA,FW,,1988
Leonardo Pavoletti,it ITA,FW,,1988
Dimitri Payet,fr FRA,MF,FW,1987
Dimitri Payet,fr FRA,FW,,1987
Benoît Pedretti,fr FRA,MF,,1980
Pedro,es ESP,FW,MF,1987
João Pedro,br BRA,MF,FW,1992
Peter Pekarík,sk SVK,DF,,1986
Pietro Pellegri,it ITA,FW,,2001
Lorenzo Pellegrini,it ITA,MF,,1996
Théo Pellenard,fr FRA,DF,,1994
Sergio Pellissier,it ITA,FW,,1979
Federico Peluso,it ITA,DF,,1984
Rubén Peña,es ESP,MF,FW,1991
Adalberto Peñaranda,ve VEN,FW,,1997
Adalberto Peñaranda,ve VEN,FW,,1997
Matthew Pennington,eng ENG,DF,,1994
Pepe,pt POR,DF,,1983
Nicolas Pépé,ci CIV,FW,,1995
Simone Pepe,it ITA,MF,FW,1983
Luis Perea,es ESP,MF,,1997
Andreas Pereira,br BRA,MF,,1996
Dion Pereira,eng ENG,MF,,1999
Matheus Pereira,br BRA,FW,MF,1996
Pedro Pereira,pt POR,FW,,1984
Ricardo Pereira,pt POR,MF,DF,1993
Bruno Peres,br BRA,MF,DF,1990
Roberto Pereyra,ar ARG,MF,FW,1991
Enzo Pérez,ar ARG,MF,,1986
Hernán Pérez,py PAR,MF,,1989
Joshua Pérez,us USA,FW,,1998
Lucas Pérez,es ESP,MF,FW,1988
Lucas Pérez,es ESP,FW,,1988
Rubén Pérez,es ESP,MF,,1989
Stipe Perica,hr CRO,FW,MF,1995
Ivan Perišić,hr CRO,MF,FW,1989
Diego Perotti,ar ARG,MF,FW,1988
Loïc Perrin,fr FRA,DF,,1985
Aleksandar Pešić,rs SRB,FW,,1992
Andrea Petagna,it ITA,FW,,1995
Nils Petersen,de GER,FW,,1988
Bruno Petković,hr CRO,FW,,1994
Petros,br BRA,MF,,1989
Thanos Petsos,gr GRE,MF,,1991
Stefano Pettinari,it ITA,FW,,1992
Mathieu Peybernes,fr FRA,DF,,1990
Mathieu Peybernes,fr FRA,DF,,1990
Germán Pezzella,ar ARG,DF,,1991
Giuseppe Pezzella,it ITA,DF,MF,1997
Maximilian Philipp,de GER,FW,MF,1994
Romain Philippoteaux,fr FRA,MF,,1988
Chris Philipps,lu LUX,MF,DF,1994
Matt Phillips,sco SCO,MF,,1991
Jessy Pi,fr FRA,MF,,1993
Pablo Piatti,ar ARG,MF,,1989
Cristiano Piccini,it ITA,DF,,1992
Jérémy Pied,fr FRA,DF,,1989
Steven Pienaar,za RSA,MF,FW,1982
Ronaël Pierre-Gabriel,fr FRA,DF,,1998
Erik Pieters,nl NED,DF,MF,1988
Andrea Pinamonti,it ITA,FW,,1999
Óscar Pinchi,es ESP,MF,,1996
Mauricio Pinilla,cl CHI,FW,,1984
Mauricio Pinilla,cl CHI,FW,,1984
Gerard Piqué,es ESP,DF,,1987
Fabio Pisacane,it ITA,DF,,1986
Łukasz Piszczek,pl POL,DF,MF,1985
Claudio Pizarro,pe PER,FW,,1978
Marko Pjaca,hr CRO,MF,,1995
Miralem Pjanić,ba BIH,MF,,1990
Carles Planas,es ESP,DF,,1991
Jaroslav Plašil,cz CZE,MF,,1982
Felix Platte,de GER,FW,MF,1996
Marvin Plattenhardt,de GER,DF,,1992
Alassane Pléa,fr FRA,FW,,1993
Morgan Poaty,cg CGO,DF,,1997
Florentin Pogba,gn GUI,DF,,1990
Paul Pogba,fr FRA,MF,,1993
Joel Pohjanpalo,fi FIN,FW,,1994
Lukáš Pokorný,cz CZE,DF,,1993
Eugen Polanski,pl POL,MF,,1986
Andrea Poli,it ITA,MF,DF,1989
Matteo Politano,it ITA,FW,,1993
Pierre-Yves Polomat,fr FRA,DF,MF,1993
Ezequiel Ponce,ar ARG,FW,,1997
Finn Porath,de GER,MF,,1997
Yussuf Poulsen,dk DEN,FW,,1994
Maxime Poundjé,fr FRA,DF,,1992
Dennis Praet,be BEL,MF,,1994
Franjo Prce,hr CRO,DF,,1996
Sanjin Prcić,ba BIH,MF,,1993
Nicolas de Préville,fr FRA,MF,FW,1991
Xabi Prieto,es ESP,MF,,1983
Sloan Privat,fr FRA,FW,,1989
Sebastian Prödl,at AUT,DF,,1987
Manuel Pucciarelli,it ITA,FW,,1991
Marc Pugh,eng ENG,MF,,1987
Erick Pulgar,cl CHI,MF,,1994
Christian Pulisic,us USA,MF,,1998
Jason Puncheon,eng ENG,MF,,1986
Loïc Puyo,fr FRA,FW,,1988
Fabio Quagliarella,it ITA,FW,,1983
Robin Quaison,se SWE,MF,FW,1993
Robin Quaison,se SWE,FW,MF,1993
Antoine Rabillard,fr FRA,FW,,1995
Adrien Rabiot,fr FRA,MF,,1995
Nemanja Radoja,rs SRB,MF,,1993
Ivan Radovanović,rs SRB,MF,,1988
Ștefan Radu,ro ROU,DF,,1986
Rafael,br BRA,DF,MF,1990
Juan Rafael Fuentes,es ESP,DF,,1990
Raffael,br BRA,FW,,1985
Rafinha,br BRA,DF,,1985
Rafinha,br BRA,MF,,1993
Andrea Raggi,it ITA,DF,,1984
Antonino Ragusa,it ITA,FW,MF,1990
Baba Rahman,gh GHA,DF,MF,1994
Cristian Raimondi,it ITA,MF,DF,1981
Slobodan Rajković,rs SRB,DF,,1989
Ivan Rakitić,hr CRO,MF,,1988
André Ramalho,br BRA,MF,DF,1992
Adil Rami,fr FRA,DF,,1985
Benito Ramírez,es ESP,MF,,1995
Gastón Ramírez,uy URU,MF,FW,1990
Sandro Ramírez,es ESP,FW,,1995
Iván Ramis,es ESP,DF,,1984
Adrián Ramos,co COL,FW,,1986
Adrián Ramos,co COL,FW,,1986
Omar Ramos,es ESP,MF,,1988
Sergio Ramos,es ESP,DF,,1986
Aaron Ramsey,wal WAL,MF,,1990
Àngel Rangel,es ESP,DF,,1982
Andrea Ranocchia,it ITA,DF,,1988
Andrea Ranocchia,it ITA,DF,,1988
Marcus Rashford,eng ENG,FW,MF,1997
Florian Raspentino,fr FRA,FW,,1989
Konstantin Rausch,ru RUS,MF,DF,1990
Ante Rebić,hr CRO,MF,FW,1993
Recio,es ESP,MF,,1991
Nathan Redmond,eng ENG,FW,MF,1994
Harrison Reed,eng ENG,MF,,1995
Fabian Reese,de GER,FW,,1997
Vasco Regini,it ITA,DF,,1990
Winston Reid,nz NZL,DF,,1988
Karim Rekik,nl NED,DF,,1994
Loïc Rémy,fr FRA,FW,,1987
William Rémy,fr FRA,DF,MF,1991
Marco Reus,de GER,FW,MF,1989
Diego Reyes,mx MEX,DF,,1992
Jordan Rhodes,sco SCO,FW,,1990
Franck Ribéry,fr FRA,MF,FW,1983
Federico Ricca,uy URU,DF,,1994
Federico Ricci,it ITA,FW,,1994
Declan Rice,eng ENG,DF,MF,1999
Diego Rico,es ESP,DF,,1993
Fran Rico,es ESP,MF,,1987
Mikel Rico,es ESP,MF,,1984
Tim Rieder,de GER,MF,,1993
Oriol Riera,es ESP,FW,,1986
Sascha Riether,de GER,DF,,1983
Luca Rigoni,it ITA,MF,FW,1984
Nicola Rigoni,it ITA,MF,,1990
Tomás Rincón,ve VEN,MF,,1988
Tomás Rincón,ve VEN,MF,,1988
Andrea Rispoli,it ITA,MF,DF,1988
Marcel Risse,de GER,MF,,1989
Cristian Rivera,es ESP,MF,,1997
Emmanuel Rivière,fr FRA,FW,MF,1990
Yohann Rivière,fr FRA,FW,,1984
Jonathan Rivierez,fr FRA,DF,,1989
Luca Rizzo,it ITA,FW,,1992
Arjen Robben,nl NED,MF,FW,1984
Sergi Roberto,es ESP,DF,,1992
Andrew Robertson,sco SCO,DF,MF,1994
Antony Robic,fr FRA,FW,MF,1986
Hal Robson-Kanu,wal WAL,FW,,1989
Marc Roca,es ESP,MF,,1996
Kenny Rocha Santos,cv CPV,MF,,2000
Sebastian Rode,de GER,MF,,1990
Ronny Rodelin,fr FRA,MF,FW,1989
Rodri,es ESP,MF,,1996
Rodrigo,es ESP,FW,MF,1991
Kévin Rodrigues,pt POR,DF,,1994
Gonzalo Rodríguez,ar ARG,DF,,1984
James Rodríguez,co COL,MF,FW,1991
Jay Rodriguez,eng ENG,FW,,1989
José Rodríguez,es ESP,MF,,1994
José Rodríguez,es ESP,MF,,1994
Juan Rodríguez,es ESP,DF,,1995
Ricardo Rodríguez,ch SUI,DF,,1992
Víctor Rodríguez,es ESP,MF,,1989
Jack Rodwell,eng ENG,MF,,1991
Marko Rog,hr CRO,MF,,1995
Roger,br BRA,MF,DF,1985
Marcus Rohdén,se SWE,MF,,1991
Marcos Rojo,ar ARG,DF,,1990
Diego Rolán,uy URU,FW,,1993
Rolando,pt POR,DF,,1985
Alessio Romagnoli,it ITA,DF,,1995
Jaime Romero,es ESP,MF,FW,1990
Óscar Romero,py PAR,MF,,1992
Oriol Romeu,es ESP,MF,,1991
Cristiano Ronaldo,pt POR,FW,,1985
Facundo Roncaglia,ar ARG,DF,,1987
Salomón Rondón,ve VEN,FW,,1989
Valentin Rongier,fr FRA,MF,,1994
Marten de Roon,nl NED,MF,,1991
Wayne Rooney,eng ENG,MF,FW,1985
Roberto Rosales,ve VEN,DF,,1988
Danny Rose,eng ENG,DF,MF,1990
Lindsay Rose,mu MRI,DF,,1992
Lindsay Rose,mu MRI,DF,,1992
Jan Rosenthal,de GER,MF,FW,1986
Aleandro Rosi,it ITA,DF,MF,1987
Valentin Rosier,fr FRA,DF,,1996
Luca Rossettini,it ITA,DF,,1985
Alessandro Rossi,it ITA,FW,,1997
Giuseppe Rossi,it ITA,FW,,1987
Giuseppe Rossi,it ITA,FW,,1987
Jérôme Roussillon,fr FRA,DF,,1993
Wayne Routledge,eng ENG,FW,MF,1985
Nolan Roux,fr FRA,FW,,1988
Antonio Rüdiger,de GER,DF,,1993
Artjoms Rudņevs,lv LVA,FW,MF,1988
Sebastian Rudy,de GER,MF,,1990
Vincent Rüfli,ch SUI,DF,MF,1988
Daniele Rugani,it ITA,DF,,1994
Gennaro Ruggiero,it ITA,MF,,2000
Mário Rui,pt POR,MF,DF,1991
Fabián Ruiz Peña,es ESP,MF,,1996
Víctor Ruiz,es ESP,DF,,1989
Antonio Rukavina,rs SRB,DF,,1984
Lukas Rupp,de GER,MF,,1991
Marco Russ,de GER,DF,,1985
Maciej Rybus,pl POL,DF,MF,1989
Youssouf Sabaly,sn SEN,DF,,1993
Marcel Sabitzer,at AUT,MF,FW,1994
Enric Saborit,es ESP,DF,MF,1992
Umar Sadiq,ng NGA,FW,,1997
Bacary Sagna,fr FRA,DF,,1983
Nuri Şahin,tr TUR,MF,,1988
Wesley Saïd,fr FRA,MF,FW,1995
Jamel Saihi,tn TUN,MF,,1987
Jamel Saihi,tn TUN,MF,,1987
Trent Sainsbury,au AUS,DF,,1992
Dylan Saint-Louis,cg CGO,MF,,1995
Allan Saint-Maximin,fr FRA,MF,FW,1997
Nicolas Saint-Ruf,fr FRA,DF,,1992
Nicolas Saint-Ruf,fr FRA,DF,,1992
Henri Saivet,sn SEN,MF,,1990
Gōtoku Sakai,jp JPN,DF,MF,1991
Hiroki Sakai,jp JPN,DF,,1990
Diafra Sakho,sn SEN,FW,,1989
Mamadou Sakho,fr FRA,DF,,1990
Bakary Sako,ml MLI,MF,,1988
Emiliano Sala,ar ARG,FW,,1990
Jacopo Sala,it ITA,DF,,1991
Mohamed Salah,eg EGY,MF,FW,1992
Bartosz Salamon,pl POL,DF,,1991
Carlos Salcedo,mx MEX,DF,,1993
Yannis Salibur,fr FRA,MF,FW,1991
Roland Sallai,hu HUN,FW,MF,1997
Aniello Salzano,it ITA,MF,,1991
Sidney Sam,de GER,MF,,1988
Frédéric Sammaritano,fr FRA,MF,FW,1986
Sergi Samper,es ESP,MF,,1995
Jairo Samperio,es ESP,MF,,1993
Mario Sampirisi,it ITA,DF,MF,1992
Mikel San José,es ESP,MF,,1989
Antonio Sanabria,py PAR,FW,,1996
Renato Sanches,pt POR,MF,,1997
Alexis Sánchez,cl CHI,FW,MF,1988
Carlos Sánchez,co COL,DF,MF,1986
Rubén Sánchez,es ESP,MF,,1994
Víctor Sánchez,es ESP,DF,MF,1987
Alex Sandro,br BRA,MF,DF,1991
Lamine Sané,sn SEN,DF,,1987
Leroy Sané,de GER,MF,FW,1996
Pape Sané,sn SEN,FW,,1991
Ibrahim Sangaré,ci CIV,MF,,1997
Oier Sanjurjo,es ESP,DF,MF,1986
Younousse Sankharé,sn SEN,MF,,1989
Younousse Sankharé,sn SEN,MF,,1989
Baissama Sankoh,gn GUI,MF,DF,1992
Killian Sanson,fr FRA,MF,,1997
Morgan Sanson,fr FRA,MF,,1994
Morgan Sanson,fr FRA,MF,,1994
Nicola Sansone,it ITA,FW,,1991
Baptiste Santamaria,fr FRA,MF,,1995
Ivan Santini,hr CRO,FW,,1989
Davide Santon,it ITA,DF,,1991
Aderlan Santos,br BRA,DF,,1989
Christian Santos,ve VEN,FW,,1988
Douglas Santos,br BRA,DF,,1994
Michael Santos,uy URU,FW,MF,1993
Samir Santos,br BRA,DF,,1994
Riccardo Saponara,it ITA,MF,,1991
Riccardo Saponara,it ITA,MF,,1991
Pablo Sarabia,es ESP,MF,,1992
Gennaro Sardo,it ITA,DF,,1979
Bouna Sarr,gn GUI,MF,FW,1992
Ismaila Sarr,sn SEN,MF,,1998
Malang Sarr,fr FRA,DF,,1999
Lluís Sastre,es ESP,MF,,1986
Marco Sau,it ITA,FW,MF,1987
Matthieu Saunier,fr FRA,DF,,1990
Stefan Savić,me MNE,DF,,1991
Marcel Schäfer,de GER,MF,DF,1984
Fabian Schär,ch SUI,DF,,1991
Patrik Schick,cz CZE,FW,,1996
Julian Schieber,de GER,FW,,1989
Sven Schipplock,de GER,FW,,1988
Jeffrey Schlupp,gh GHA,MF,,1992
Jeffrey Schlupp,gh GHA,DF,,1992
Marcel Schmelzer,de GER,DF,MF,1988
Jonathan Schmid,fr FRA,MF,,1990
Niklas Schmidt,de GER,FW,MF,1998
Benno Schmitz,de GER,DF,,1994
Morgan Schneiderlin,fr FRA,MF,,1989
Morgan Schneiderlin,fr FRA,MF,,1989
Alessandro Schöpf,at AUT,MF,,1994
Nico Schulz,de GER,DF,,1993
André Schürrle,de GER,MF,FW,1990
Julian Schuster,de GER,MF,DF,1985
Pirmin Schwegler,ch SUI,MF,,1987
Haris Seferović,ch SUI,FW,MF,1992
Paul Seguin,de GER,MF,DF,1995
Faïz Selemani,km COM,FW,MF,1993
Davie Selke,de GER,FW,,1995
Ole Selnæs,no NOR,MF,,1994
Josep Señé,es ESP,MF,FW,1991
Stefano Sensi,it ITA,MF,,1995
Suat Serdar,de GER,MF,,1997
Jean Seri,ci CIV,MF,,1991
Federico Serra,it ITA,MF,,1997
Grégory Sertic,fr FRA,DF,MF,1989
Grégory Sertic,fr FRA,MF,DF,1989
Stéphane Sessègnon,bj BEN,MF,,1984
Nicolas Seube,fr FRA,MF,,1979
Salva Sevilla,es ESP,MF,,1984
Aaron Seydel,de GER,FW,,1996
Moussa Seydi,sn SEN,FW,,1996
Stephan El Shaarawy,it ITA,MF,FW,1992
Xherdan Shaqiri,ch SUI,MF,,1991
Luke Shaw,eng ENG,DF,,1995
Ryan Shawcross,eng ENG,DF,,1987
Djibril Sidibé,fr FRA,DF,,1992
Sidnei,br BRA,DF,,1989
Franck Signorino,fr FRA,DF,,1981
Gylfi Sigurðsson,is ISL,FW,MF,1989
Kolbeinn Sigþórsson,is ISL,FW,,1990
Bernardo Silva,pt POR,MF,,1994
David Silva,es ESP,MF,,1986
Gabriel Silva,br BRA,MF,DF,1991
Gabriel Silva,br BRA,DF,,1991
Gastón Silva,uy URU,DF,,1994
Stefan Silva,se SWE,FW,,1990
Thiago Silva,br BRA,DF,,1984
Matías Silvestre,ar ARG,DF,,1984
Ba-Muaka Simakala,cg CGO,FW,,1997
Giovanni Simeone,ar ARG,FW,,1995
David Simón,es ESP,DF,,1988
Danny Simpson,eng ENG,DF,,1987
Josh Sims,eng ENG,FW,,1997
Jerome Sinclair,eng ENG,FW,,1996
Giovanni Sio,ci CIV,FW,,1989
Dimitris Siovas,gr GRE,DF,,1988
Guilherme Siqueira,br BRA,DF,MF,1986
Pantxi Sirieix,fr FRA,MF,,1980
Sandro Sirigu,de GER,DF,MF,1988
Moussa Sissoko,fr FRA,MF,FW,1989
Pione Sisto,dk DEN,MF,FW,1995
Sito,es ESP,MF,,1996
Ellyes Skhiri,tn TUN,MF,,1995
Milan Škriniar,sk SVK,DF,,1995
Islam Slimani,dz ALG,FW,,1988
Naïm Sliti,tn TUN,MF,FW,1992
Chris Smalling,eng ENG,DF,,1989
Adam Smith,eng ENG,DF,MF,1991
Brad Smith,au AUS,DF,MF,1994
Robert Snodgrass,sco SCO,MF,FW,1987
Robert Snodgrass,sco SCO,FW,MF,1987
Cédric Soares,pt POR,DF,,1991
Ramadan Sobhi,eg EGY,MF,,1997
Rubén Sobrino,es ESP,MF,,1992
Roberto Soldado,es ESP,FW,,1985
Carlos Soler,es ESP,MF,,1997
Somália,br BRA,MF,DF,1988
Jérémy Sorbon,fr FRA,DF,,1983
Bruno Soriano,es ESP,MF,,1984
Roberto Soriano,it ITA,MF,,1991
José Sosa,ar ARG,MF,,1985
Pape Souaré,sn SEN,DF,,1990
Adama Soumaoro,fr FRA,DF,,1992
Arnaud Souquet,fr FRA,DF,MF,1992
Djibril Sow,ch SUI,MF,,1997
Çağlar Söyüncü,tr TUR,DF,,1996
Emir Spahić,ba BIH,DF,,1980
Leonardo Spinazzola,it ITA,MF,FW,1993
Nicolás Spolli,ar ARG,DF,,1983
Sébastien Squillaci,fr FRA,DF,,1980
Bassem Srarfi,tn TUN,FW,MF,1997
Kostas Stafylidis,gr GRE,DF,MF,1993
Benjamin Stambouli,fr FRA,MF,,1990
Junior Stanislas,eng ENG,MF,,1989
Niklas Stark,de GER,MF,DF,1995
Markus Steinhöfer,de GER,DF,MF,1986
Guglielmo Stendardo,it ITA,DF,,1981
Guglielmo Stendardo,it ITA,DF,,1981
Marc Stendera,de GER,MF,,1995
Pascal Stenzel,de GER,DF,MF,1996
Jack Stephens,eng ENG,DF,,1994
Mariusz Stępiński,pl POL,FW,,1995
Raheem Sterling,eng ENG,MF,FW,1994
Janek Sternberg,de GER,DF,,1992
Jhon Steven,co COL,DF,,1994
Kevin Stewart,eng ENG,DF,MF,1993
Lars Stindl,de GER,FW,MF,1988
Valentin Stocker,ch SUI,MF,,1989
Adrian Stoian,ro ROU,MF,FW,1991
John Stones,eng ENG,DF,,1994
Ivan Strinić,hr CRO,DF,,1987
Tobias Strobl,de GER,MF,DF,1990
Dominik Stroh-Engel,de GER,FW,,1985
Kevin Strootman,nl NED,MF,,1990
Cristhian Stuani,uy URU,FW,MF,1986
Stefano Sturaro,it ITA,MF,,1993
Daniel Sturridge,eng ENG,FW,,1989
Denis Suárez,es ESP,MF,,1994
Leonardo Suárez,ar ARG,FW,MF,1996
Luis Suárez,uy URU,FW,,1987
Mario Suárez,es ESP,MF,,1987
Neven Subotić,rs SRB,DF,,1988
Isaac Success,ng NGA,MF,,1996
Niklas Süle,de GER,DF,,1995
Ćazim Suljić,ba BIH,FW,,1996
Aytaç Sulu,tr TUR,DF,,1985
Ki Sung-yueng,kr KOR,MF,,1989
Toni Šunjić,ba BIH,DF,,1988
Gilles Sunu,tg TOG,FW,,1991
Stoppila Sunzu,zm ZAM,DF,,1989
Andrew Surman,eng ENG,MF,,1986
Markel Susaeta,es ESP,MF,,1987
Suso,es ESP,FW,,1993
Markus Suttner,at AUT,MF,DF,1987
Issiaga Sylla,gn GUI,MF,DF,1994
Yacouba Sylla,ml MLI,MF,,1990
Ádám Szalai,hu HUN,FW,MF,1987
Alexander Søderlund,no NOR,FW,,1987
Frederik Sørensen,dk DEN,DF,,1992
Adel Taarabt,ma MAR,FW,,1989
Franck Tabanou,fr FRA,DF,,1989
Panagiotis Tachtsidis,gr GRE,MF,,1991
Dušan Tadić,rs SRB,FW,MF,1988
Jonathan Tah,de GER,DF,,1996
Mehdi Tahrat,dz ALG,MF,,1990
Saphir Taïder,dz ALG,MF,,1992
Flavien Tait,fr FRA,FW,MF,1993
Tana,es ESP,MF,FW,1990
Oussama Tannane,ma MAR,FW,MF,1994
Shani Tarashaj,ch SUI,MF,,1995
Matt Targett,eng ENG,DF,,1995
James Tarkowski,eng ENG,DF,,1992
Júlio Tavares,cv CPV,FW,,1988
Taleb Tawatha,il ISR,MF,,1992
Neil Taylor,wal WAL,DF,,1989
Georg Teigl,at AUT,MF,,1991
Álvaro Tejero,es ESP,DF,,1996
Bernard Tekpetey,gh GHA,MF,,1997
Jordan Tell,fr FRA,FW,,1997
Andrés Tello,co COL,MF,,1996
Cristian Tello,es ESP,MF,,1991
Emanuele Terranova,it ITA,DF,,1987
Marco Terrazzino,de GER,MF,FW,1991
Martin Terrier,fr FRA,MF,,1997
John Terry,eng ENG,DF,,1980
Florian Thauvin,fr FRA,FW,MF,1993
Kévin Théophile-Catherine,fr FRA,DF,,1989
Cyril Théréau,fr FRA,FW,,1983
Vincent Thill,lu LUX,MF,,2000
Romain Thomas,fr FRA,DF,,1988
Adrien Thomasson,fr FRA,MF,,1993
Nicolaj Thomsen,dk DEN,MF,FW,1993
Lennart Thy,de GER,FW,,1992
Fausto Tienza,es ESP,MF,,1990
David Timor,es ESP,MF,,1989
Marcel Tisserand,cd COD,DF,,1993
Marcel Tisserand,cd COD,DF,,1993
Tito,es ESP,DF,MF,1985
Tito,es ESP,DF,,1985
Ola Toivonen,se SWE,MF,FW,1986
Karl Toko Ekambi,cm CMR,FW,,1992
Corentin Tolisso,fr FRA,MF,,1994
Jeremy Toljan,de GER,MF,,1994
Rafael Tolói,it ITA,DF,,1990
James Tomkins,eng ENG,DF,,1989
Nenad Tomović,rs SRB,DF,,1987
Lorenzo Tonelli,it ITA,DF,,1990
Aleksandar Tonev,bg BUL,FW,MF,1990
Ömer Toprak,tr TUR,DF,,1989
Gaizka Toquero,es ESP,MF,FW,1984
Jon Toral,es ESP,MF,,1995
Gökhan Töre,tr TUR,MF,FW,1992
Vasilis Torosidis,gr GRE,DF,,1985
Lucas Torreira,uy URU,MF,,1996
Marc Torrejón,es ESP,DF,,1986
Daniel Torres,co COL,MF,,1989
Fernando Torres,es ESP,FW,,1984
Miguel Torres,es ESP,DF,,1986
Roberto Torres,es ESP,MF,,1989
Xavi Torres,es ESP,MF,,1986
Jordan Torunarigha,de GER,DF,,1997
Alin Toșca,ro ROU,DF,,1992
Francesco Totti,it ITA,MF,,1976
Jérémy Toulalan,fr FRA,MF,,1983
Mamadou Tounkara,sn SEN,FW,,1996
Abdoulaye Touré,fr FRA,MF,,1994
Almamy Touré,ml MLI,DF,,1996
Thomas Touré,ci CIV,MF,,1993
Yaya Touré,ci CIV,MF,,1983
Zargo Touré,sn SEN,DF,,1989
Lucas Tousart,fr FRA,MF,,1997
Andros Townsend,eng ENG,MF,,1991
Aleksandar Trajkovski,mk MKD,FW,,1992
Abdou Traoré,ml MLI,MF,,1988
Adama Traoré,es ESP,MF,FW,1996
Adama Traoré,ml MLI,MF,,1995
Ibrahima Traoré,gn GUI,MF,,1988
Ismaël Traoré,ci CIV,DF,,1986
Lacina Traoré,ci CIV,FW,,1990
Christian Träsch,de GER,DF,MF,1987
Óscar Trejo,ar ARG,MF,,1988
Manu Trigueros,es ESP,MF,,1991
Kieran Trippier,eng ENG,DF,MF,1990
Marcello Trotta,it ITA,FW,,1992
Axel Tuanzebe,eng ENG,MF,DF,1997
Arda Turan,tr TUR,FW,MF,1987
Josh Tymon,eng ENG,MF,DF,1999
Tyronne,es ESP,FW,MF,1991
Matthieu Udol,fr FRA,DF,,1996
Leonardo Ulloa,ar ARG,FW,,1986
Samuel Umtiti,fr FRA,DF,,1993
Dayot Upamecano,fr FRA,DF,,1998
Takashi Usami,jp JPN,MF,,1992
Mark Uth,de GER,FW,,1991
Valentín Vada,ar ARG,MF,,1996
William Vainqueur,fr FRA,MF,,1988
Mathieu Valbuena,fr FRA,MF,FW,1984
Mirko Valdifiori,it ITA,MF,,1986
Mirko Valdifiori,it ITA,MF,,1986
Antonio Valencia,ec ECU,DF,,1985
Enner Valencia,ec ECU,FW,MF,1989
Enner Valencia,ec ECU,FW,,1989
Borja Valero,es ESP,MF,FW,1985
Borja Valle,es ESP,MF,,1992
Jesús Vallejo,es ESP,DF,,1997
Anthony Vanden Borre,be BEL,DF,,1987
Leonel Vangioni,ar ARG,DF,,1987
Raphaël Varane,fr FRA,DF,,1993
Jamie Vardy,eng ENG,FW,,1987
Guillermo Varela,uy URU,MF,DF,1993
Eduardo Vargas,cl CHI,FW,MF,1989
Cédric Varrault,fr FRA,DF,,1980
Álvaro Vázquez,es ESP,MF,FW,1991
Franco Vázquez,ar ARG,MF,,1989
Lucas Vázquez,es ESP,FW,MF,1991
Matías Vecino,uy URU,MF,,1991
Carlos Vela,mx MEX,FW,MF,1989
Miloš Veljković,rs SRB,DF,,1995
Miguel Veloso,pt POR,MF,,1986
Simone Verdi,it ITA,FW,,1992
Jordan Veretout,fr FRA,MF,,1993
Paul Verhaegh,nl NED,DF,,1983
Thomas Vermaelen,be BEL,DF,,1985
Marco Verratti,it ITA,MF,,1992
Valerio Verre,it ITA,MF,,1994
Jan Vertonghen,be BEL,DF,,1987
Freddie Veseli,al ALB,DF,,1992
Mikel Vesga,es ESP,MF,,1993
Mikel Vesga,es ESP,MF,,1993
Dušan Veškovac,rs SRB,DF,,1986
Jannik Vestergaard,dk DEN,DF,,1992
Rúben Vezo,pt POR,DF,,1994
Rúben Vezo,pt POR,DF,,1994
Aleix Vidal,es ESP,DF,,1989
Arturo Vidal,cl CHI,MF,,1987
Vieirinha,pt POR,MF,DF,1986
Jonathan Viera,es ESP,MF,,1989
Luciano Vietto,ar ARG,FW,,1993
Carlos Vigaray,es ESP,DF,,1994
Emanuel Vignato,it ITA,MF,,2000
Borja Viguera,es ESP,FW,,1987
Borja Viguera,es ESP,FW,MF,1987
Asier Villalibre,es ESP,FW,,1997
Mikel Villanueva,ve VEN,DF,,1993
Thibaut Vion,fr FRA,FW,MF,1993
Roberto Vitiello,it ITA,DF,,1983
Vitolo,es ESP,MF,FW,1989
Davide Vitturini,it ITA,DF,,1997
Giuseppe Vives,it ITA,MF,,1980
Federico Viviani,it ITA,MF,,1992
Oswaldo Vizcarrondo,ve VEN,DF,,1984
Kevin Vogt,de GER,DF,MF,1991
Sam Vokes,wal WAL,FW,,1989
Kevin Volland,de GER,FW,MF,1992
Mario Vrančić,ba BIH,MF,,1989
Stefan de Vrij,nl NED,DF,,1992
Šime Vrsaljko,hr CRO,DF,,1992
Nikola Vujadinović,me MNE,DF,,1986
Matěj Vydra,cz CZE,FW,MF,1992
Sandro Wagner,de GER,FW,,1987
Molla Wagué,ml MLI,DF,,1991
Wakaso,gh GHA,MF,FW,1990
Alhassan Wakaso,gh GHA,MF,,1992
Walace,br BRA,MF,,1995
Theo Walcott,eng ENG,MF,,1989
Luca Waldschmidt,de GER,MF,,1996
Kyle Walker,eng ENG,DF,MF,1990
Wallace,br BRA,DF,,1994
Anthony Walongwa,cd COD,DF,,1993
Rémi Walter,fr FRA,MF,,1995
Jonathan Walters,ie IRL,FW,MF,1983
Victor Wanyama,ke KEN,MF,,1991
Joel Ward,eng ENG,DF,,1989
Stephen Ward,ie IRL,DF,,1985
James Ward-Prowse,eng ENG,MF,,1994
Marcin Wasilewski,pl POL,DF,,1980
Daniel Wass,dk DEN,MF,,1989
Duncan Watmore,eng ENG,MF,FW,1994
Ben Watson,eng ENG,MF,,1985
Julian Weigl,de GER,MF,,1995
Mitchell Weiser,de GER,MF,DF,1994
Danny Welbeck,eng ENG,FW,MF,1990
Wendell,br BRA,DF,,1993
Oscar Wendt,se SWE,DF,MF,1985
Timo Werner,de GER,FW,,1996
Ashley Westwood,eng ENG,MF,,1990
Glenn Whelan,ie IRL,MF,,1984
Connor Wickham,eng ENG,FW,MF,1993
Silvan Widmer,ch SUI,DF,,1993
Georginio Wijnaldum,nl NED,MF,,1990
Ashley Williams,wal WAL,DF,,1984
Iñaki Williams,es ESP,MF,FW,1994
Willian,br BRA,FW,MF,1988
Jack Wilshere,eng ENG,MF,,1992
Jack Wilshere,eng ENG,MF,,1992
Callum Wilson,eng ENG,FW,,1992
Marc Wilson,ie IRL,DF,,1987
Kevin Wimmer,at AUT,DF,,1992
Harry Winks,eng ENG,MF,,1996
Yoane Wissa,cd COD,FW,MF,1996
Marius Wolf,de GER,MF,,1995
Philipp Wollscheid,de GER,DF,,1989
Philipp Wollscheid,de GER,DF,,1989
Bobby Wood,us USA,FW,,1992
Ben Woodburn,wal WAL,FW,,1999
Matt Worthington,eng ENG,DF,MF,1997
Xeka,pt POR,MF,,1994
Granit Xhaka,ch SUI,MF,,1992
Claudio Yacob,ar ARG,MF,,1987
Steeve Yago,bf BFA,DF,,1992
Alaeddine Yahia,tn TUN,DF,,1981
Mapou Yanga-Mbiwa,fr FRA,DF,,1989
Sambou Yatabaré,ml MLI,MF,,1989
Maya Yoshida,jp JPN,DF,,1988
Ashley Young,eng ENG,DF,MF,1985
Zaydou Youssouf,fr FRA,MF,,1999
Vladlen Yurchenko,ua UKR,MF,,1994
Pablo Zabaleta,ar ARG,DF,MF,1985
Wilfried Zaha,ci CIV,MF,FW,1992
Miha Zajc,si SVN,MF,,1994
Joseba Zaldúa,es ESP,DF,,1992
Marco Zambelli,it ITA,DF,,1985
Andre-Frank Zambo Anguissa,cm CMR,MF,,1995
Francesco Zampano,it ITA,DF,MF,1993
Cristián Zapata,co COL,DF,,1986
Duván Zapata,co COL,FW,,1991
Davide Zappacosta,it ITA,DF,,1992
Mauro Zárate,ar ARG,FW,MF,1987
Mauro Zárate,ar ARG,FW,,1987
Simone Zaza,it ITA,FW,,1991
Simone Zaza,it ITA,FW,,1991
Mehdi Zeffane,dz ALG,MF,,1992
Nabil El Zhar,ma MAR,MF,FW,1986
Nabil El Zhar,ma MAR,MF,,1986
Piotr Zieliński,pl POL,MF,,1994
Simon Zoller,de GER,MF,FW,1991
Kurt Zouma,fr FRA,DF,,1994
Roman Zozulya,ua UKR,FW,,1989
Igor Zubeldia,es ESP,MF,,1997
Steven Zuber,ch SUI,MF,,1991
Ervin Zukanović,ba BIH,DF,,1987
Juan Zúñiga,co COL,DF,MF,1985
Dario Župarić,ba BIH,DF,,1992
David Zurutuza,es ESP,MF,,1986
Filip Đorđević,rs SRB,FW,,1987
Filip Đuričić,rs SRB,MF,,1992
Giorgio Spizzichino,,,,
Giuseppe Borello,,,,