,,,,,,,Playing Time,,,,,,Starts,,Subs,,,Team Success,,,,,,
Rk,Player,Nation,Pos,Squad,Age,Born,MP,Min,Mn/MP,Min%,90s,Starts,Mn/Start,Compl,Subs,Mn/Sub,unSub,PPM,onG,onGA,+/-,+/-90,On-Off,Matches
1,Vincent Aboubakar\Vincent-Aboubakar,cm CMR,FW,pt Porto,25,1992,6,495,83,68.8,5.5,6,,3,0,,0,1.83,12,6,+6,+1.09,+3.49,Matches
2,Marcos Acuña\Marcos-Acuna,ar ARG,MFDF,pt Sporting CP,25,1991,5,433,87,80.2,4.8,5,,4,0,,0,1.14,5,8,-3,-0.62,-2.31,Matches
3,Tosin Adarabioyo\Tosin-Adarabioyo,eng ENG,DF,eng Manchester City,19,1997,2,91,46,10.1,1.0,1,,1,1,,0,0.00,1,2,-1,-0.99,-1.99,Matches
4,Adriano\Adriano,br BRA,DF,tr Beşiktaş,32,1984,6,486,81,67.5,5.4,5,,4,1,,1,1.83,8,10,-2,-0.37,-0.75,Matches
5,Luiz Adriano\Luiz-Adriano,br BRA,FWMF,ru Spartak Moscow,30,1987,6,540,90,100.0,6.0,6,,6,0,,0,1.00,9,13,-4,-0.67,,Matches
6,Ansi Agolli\Ansi-Agolli,al ALB,DF,az Qarabağ FK,34,1982,4,360,90,66.7,4.0,4,,4,0,,0,1.50,2,7,-5,-1.25,+2.25,Matches
7,Sergio Agüero\Sergio-Aguero,ar ARG,FW,eng Manchester City,29,1988,7,440,63,48.9,4.9,5,,1,2,,2,2.14,13,3,+10,+2.05,+2.44,Matches
8,Karim El Ahmadi\Karim-El-Ahmadi,ma MAR,MF,nl Feyenoord,32,1985,4,360,90,66.7,4.0,4,,4,0,,0,0.00,3,12,-9,-2.25,-2.25,Matches
9,Valon Ahmedi\Valon-Ahmedi,al ALB,MF,si NK Maribor,22,1994,4,226,57,41.9,2.5,3,,1,1,,2,1.40,0,10,-10,-3.98,-3.12,Matches
10,Kristoffer Ajer\Kristoffer-Ajer,no NOR,DF,sco Celtic,19,1998,0,,,,,0,,0,0,,4,,,,,,,Matches
11,Albian Ajeti\Albian-Ajeti,ch SUI,FW,ch Basel,20,1997,3,98,33,13.6,1.1,1,,0,2,,3,1.00,1,1,0,0.00,-0.43,Matches
12,Manuel Akanji\Manuel-Akanji,ch SUI,DF,ch Basel,22,1995,6,540,90,75.0,6.0,6,,6,0,,0,2.00,11,5,+6,+1.00,+2.50,Matches
13,Igor Akinfeev\Igor-Akinfeev,ru RUS,GK,ru CSKA Moscow,31,1986,6,540,90,100.0,6.0,6,,6,0,,0,2.10,8,10,-2,-0.33,,Matches
14,Fatih Aksoy\Fatih-Aksoy,tr TUR,DFMF,tr Beşiktaş,19,1997,0,,,,,0,,0,0,,2,,,,,,,Matches
15,David Alaba\David-Alaba,at AUT,DF,de Bayern Munich,25,1992,7,625,89,57.9,6.9,7,,6,0,,0,2.29,18,8,+10,+1.44,+0.65,Matches
16,Jordi Alba\Jordi-Alba,es ESP,DF,es Barcelona,28,1989,8,638,80,70.9,7.1,7,,7,1,,1,1.88,12,5,+7,+0.99,-0.39,Matches
17,Raúl Albiol\Raul-Albiol,es ESP,DF,it Napoli,31,1985,5,450,90,83.3,5.0,5,,5,0,,0,1.29,8,10,-2,-0.40,-2.40,Matches
18,Paco Alcácer\Paco-Alcacer,es ESP,FW,es Barcelona,23,1993,2,95,48,10.6,1.1,1,,1,1,,5,1.50,2,0,+2,+1.89,+0.89,Matches
19,Thiago Alcántara\Thiago-Alcantara,es ESP,MFFW,de Bayern Munich,26,1991,10,607,61,56.2,6.7,7,,4,3,,0,2.00,12,8,+4,+0.59,-1.31,Matches
20,Toby Alderweireld\Toby-Alderweireld,be BEL,DF,eng Tottenham,28,1989,4,294,74,40.8,3.3,4,,3,0,,0,2.50,7,2,+5,+1.53,+0.47,Matches
21,Trent Alexander-Arnold\Trent-Alexander-Arnold,eng ENG,DF,eng Liverpool,18,1998,10,820,82,70.1,9.1,9,,6,1,,2,2.33,30,10,+20,+2.20,+0.91,Matches
22,Nektarios Alexandrou\Nektarios-Alexandrou,cy CYP,DF,cy APOEL FC,33,1983,2,52,26,9.6,0.6,1,,0,1,,4,0.50,0,1,-1,-1.73,+0.85,Matches
23,Alisson\Alisson,br BRA,GK,it Roma,24,1992,12,1080,90,100.0,12.0,12,,12,0,,0,1.67,21,19,+2,+0.17,,Matches
24,Allan\Allan,br BRA,MF,it Napoli,26,1991,6,307,51,56.9,3.4,3,,1,3,,0,1.50,10,5,+5,+1.47,+3.40,Matches
25,Dele Alli\Dele-Alli,eng ENG,MFFW,eng Tottenham,21,1996,5,428,86,59.4,4.8,5,,1,0,,0,2.00,11,6,+5,+1.05,-0.49,Matches
26,André Almeida Pinto\Andre-Almeida-Pinto,pt POR,DF,pt Sporting CP,27,1989,2,180,90,33.3,2.0,2,,2,0,,2,2.00,4,2,+2,+1.00,+1.75,Matches
27,André Almeida\Andre-Almeida,pt POR,DF,pt Benfica,26,1990,4,259,65,48.0,2.9,3,,2,1,,0,0.00,1,7,-6,-2.08,+0.16,Matches
28,Richard Almeida\Richard-Almeida,az AZE,MF,az Qarabağ FK,28,1989,6,540,90,100.0,6.0,6,,6,0,,0,1.25,2,14,-12,-2.00,,Matches
29,Stathis Aloneftis\Stathis-Aloneftis,cy CYP,MFFW,cy APOEL FC,34,1983,6,502,84,93.0,5.6,6,,3,0,,0,1.00,2,16,-14,-2.51,-0.14,Matches
30,Marcos Alonso\Marcos-Alonso,es ESP,MFDF,eng Chelsea,26,1990,7,598,85,83.1,6.6,7,,6,0,,1,1.57,14,11,+3,+0.45,-1.02,Matches
31,Éder Álvarez Balanta\Eder-Alvarez-Balanta,co COL,DF,ch Basel,24,1993,6,530,88,73.6,5.9,6,,5,0,,0,2.00,11,5,+6,+1.02,+2.44,Matches
32,Dani Alves\Dani-Alves,br BRA,DF,fr Paris S-G,34,1983,8,720,90,100.0,8.0,8,,8,0,,0,1.88,27,9,+18,+2.25,,Matches
33,Rahid Amirguliyev\Rahid-Amirguliyev,az AZE,MF,az Qarabağ FK,27,1989,0,,,,,0,,0,0,,6,,,,,,,Matches
34,Luke Amos\Luke-Amos,eng ENG,MF,eng Tottenham,20,1997,0,,,,,0,,0,0,,1,,,,,,,Matches
35,Sofyan Amrabat\Sofyan-Amrabat,ma MAR,MF,nl Feyenoord,20,1996,6,528,88,97.8,5.9,6,,5,0,,0,0.50,5,14,-9,-1.53,-1.53,Matches
36,André André\Andre-Andre,pt POR,MFFW,pt Porto,27,1989,4,225,56,31.3,2.5,2,,0,2,,1,1.75,4,2,+2,+0.80,+1.16,Matches
37,Thanasis Androutsos\Thanasis-Androutsos,gr GRE,MF,gr Olympiacos,20,1997,1,90,90,16.7,1.0,1,,1,0,,2,1.50,1,3,-2,-2.00,-0.60,Matches
38,Miguel Ángel Moyá\Miguel-Angel-Moya,es ESP,GK,es Atlético Madrid,33,1984,0,,,,,0,,0,0,,6,,,,,,,Matches
39,Minas Antoniou\Minas-Antoniou,cy CYP,FW,cy APOEL FC,23,1994,1,9,9,1.7,0.1,0,,0,1,,4,0.00,0,0,0,0.00,+2.54,Matches
40,Mirko Antonucci\Mirko-Antonucci,it ITA,MF,it Roma,18,1999,1,15,15,1.4,0.2,0,,0,1,,0,3.00,2,0,+2,+12.00,+12.00,Matches
41,Dennis Appiah\Dennis-Appiah,fr FRA,DFMF,be Anderlecht,25,1992,6,514,86,95.2,5.7,5,,4,1,,0,0.50,2,16,-14,-2.45,+1.01,Matches
42,Guilherme Arana\Guilherme-Arana,br BRA,DFMF,es Sevilla,20,1997,0,,,,,0,,0,0,,3,,,,,,,Matches
43,Alphonse Areola\Alphonse-Areola,fr FRA,GK,fr Paris S-G,24,1993,8,720,90,100.0,8.0,8,,8,0,,0,1.88,27,9,+18,+2.25,,Matches
44,Stuart Armstrong\Stuart-Armstrong,sco SCO,MF,sco Celtic,25,1992,4,236,59,43.7,2.6,4,,0,0,,2,1.30,1,8,-7,-2.67,-0.89,Matches
45,Tolgay Arslan\Tolgay-Arslan,de GER,MF,tr Beşiktaş,26,1990,6,323,54,44.9,3.6,4,,1,2,,0,1.33,5,6,-1,-0.28,-0.28,Matches
46,Kwadwo Asamoah\Kwadwo-Asamoah,gh GHA,DF,it Juventus,28,1988,3,99,33,11.0,1.1,1,,0,2,,7,1.33,2,2,0,0.00,-0.22,Matches
47,Marco Asensio\Marco-Asensio,es ESP,MF,es Real Madrid,21,1996,12,472,39,40.3,5.2,3,,1,9,,0,2.17,17,6,+11,+2.10,+1.32,Matches
48,Pierre-Emerick Aubameyang\Pierre-Emerick-Aubameyang,ga GAB,FW,de Dortmund,28,1989,6,540,90,100.0,6.0,6,,6,0,,0,0.33,7,13,-6,-1.00,,Matches
49,Jean-Kévin Augustin\Jean-Kevin-Augustin,fr FRA,FW,de RB Leipzig,20,1997,5,341,68,63.1,3.8,4,,2,1,,1,0.80,5,8,-3,-0.79,-1.70,Matches
50,Filipe Augusto\Filipe-Augusto,br BRA,MF,pt Benfica,23,1993,3,237,79,43.9,2.6,3,,2,0,,1,0.00,1,5,-4,-1.52,+1.15,Matches
51,Serge Aurier\Serge-Aurier,ci CIV,DFMF,eng Tottenham,24,1992,6,507,85,70.4,5.6,6,,5,0,,1,2.33,12,5,+7,+1.24,-0.03,Matches
52,Márcio Azevedo\Marcio-Azevedo,br BRA,DF,ua Shakhtar,31,1986,1,26,26,3.6,0.3,0,,0,1,,5,3.00,0,1,-1,-3.46,-3.59,Matches
53,César Azpilicueta\Cesar-Azpilicueta,es ESP,DFMF,eng Chelsea,27,1989,8,705,88,97.9,7.8,8,,7,0,,0,1.50,15,12,+3,+0.38,-11.62,Matches
54,Ryan Babel\Ryan-Babel,nl NED,MF,tr Beşiktaş,30,1986,7,555,79,77.1,6.2,6,,6,1,,0,1.57,9,10,-1,-0.16,-0.16,Matches
55,Eric Bailly\Eric-Bailly,ci CIV,DF,eng Manchester Utd,23,1994,3,270,90,37.5,3.0,3,,3,0,,1,2.00,7,3,+4,+1.33,+0.53,Matches
56,Gregor Bajde\Gregor-Bajde,si SVN,MF,si NK Maribor,23,1994,4,248,62,45.9,2.8,3,,1,1,,1,1.78,1,3,-2,-0.73,+2.66,Matches
57,Zelimkhan Bakayev\Zelimkhan-Bakayev,ru RUS,MF,ru Spartak Moscow,21,1996,0,,,,,0,,0,0,,1,,,,,,,Matches
58,Tiemoué Bakayoko\Tiemoue-Bakayoko,fr FRA,MF,eng Chelsea,22,1994,5,361,72,50.1,4.0,4,,3,1,,2,1.60,8,8,0,0.00,-1.25,Matches
59,Keita Baldé\Keita-Balde,sn SEN,FWMF,fr Monaco,22,1995,6,289,48,53.5,3.2,3,,2,3,,0,0.33,4,9,-5,-1.56,+0.24,Matches
60,Gareth Bale\Gareth-Bale,wal WAL,FW,es Real Madrid,28,1989,7,297,42,25.4,3.3,3,,0,4,,2,2.29,11,3,+8,+2.42,+1.50,Matches
61,Éver Banega\Ever-Banega,ar ARG,MF,es Sevilla,29,1988,9,792,88,88.0,8.8,9,,6,0,,0,1.64,14,12,+2,+0.23,+1.89,Matches
62,Gabriel Barbosa\Gabriel-Barbosa,br BRA,FWMF,pt Benfica,20,1996,2,30,15,5.6,0.3,0,,0,2,,1,0.00,0,0,0,0.00,+2.29,Matches
63,Marc Bartra\Marc-Bartra,es ESP,DFMF,de Dortmund,26,1991,4,350,88,64.8,3.9,4,,3,0,,1,0.50,5,6,-1,-0.26,+2.11,Matches
64,Andrea Barzagli\Andrea-Barzagli,it ITA,DF,it Juventus,36,1981,8,654,82,72.7,7.3,7,,6,1,,0,1.75,7,8,-1,-0.14,-1.24,Matches
65,Bilal Başaçıkoğlu\Bilal-Basacikoglu,tr TUR,FWMF,nl Feyenoord,22,1995,2,29,15,5.4,0.3,0,,0,2,,3,0.00,1,2,-1,-3.10,-1.69,Matches
66,Michy Batshuayi\Michy-Batshuayi,be BEL,FW,eng Chelsea,23,1993,4,122,31,16.9,1.4,1,,1,3,,1,1.75,7,0,+7,+5.16,+5.46,Matches
67,Rodrigo Battaglia\Rodrigo-Battaglia,ar ARG,MF,pt Sporting CP,26,1991,6,537,90,99.4,6.0,6,,5,0,,0,1.38,8,9,-1,-0.17,-0.17,Matches
68,Sven van Beek\Sven-van-Beek,nl NED,DF,nl Feyenoord,23,1994,4,269,67,49.8,3.0,3,,2,1,,0,0.75,4,4,0,0.00,+2.99,Matches
69,Wissam Ben Yedder\Wissam-Ben-Yedder,fr FRA,FW,es Sevilla,26,1990,9,651,72,72.3,7.2,8,,2,1,,1,1.55,13,14,-1,-0.14,-0.50,Matches
70,Diego Benaglio\Diego-Benaglio,ch SUI,GK,fr Monaco,33,1983,3,270,90,50.0,3.0,3,,3,0,,3,0.33,3,9,-6,-2.00,-0.67,Matches
71,Medhi Benatia\Medhi-Benatia,ma MAR,DF,it Juventus,30,1987,8,566,71,62.9,6.3,7,,5,1,,0,2.13,8,8,0,0.00,-0.54,Matches
72,Rodrigo Bentancur\Rodrigo-Bentancur,uy URU,MF,it Juventus,20,1997,5,291,58,32.3,3.2,3,,2,2,,2,1.00,2,6,-4,-1.24,-2.12,Matches
73,Karim Benzema\Karim-Benzema,fr FRA,FW,es Real Madrid,29,1987,9,600,67,51.3,6.7,8,,0,1,,2,2.22,15,9,+6,+0.90,-0.84,Matches
74,Yuri Berchiche\Yuri-Berchiche,es ESP,DF,fr Paris S-G,27,1990,2,180,90,25.0,2.0,2,,2,0,,5,0.00,2,5,-3,-1.50,-5.00,Matches
75,Aleksei Berezutski\Aleksei-Berezutski,ru RUS,DF,ru CSKA Moscow,35,1982,3,270,90,50.0,3.0,3,,5,0,,0,2.33,8,8,0,0.00,+0.67,Matches
76,Vasili Berezutski\Vasili-Berezutski,ru RUS,DF,ru CSKA Moscow,35,1982,5,450,90,83.3,5.0,5,,3,0,,1,2.50,4,4,0,0.00,+2.00,Matches
77,Steven Berghuis\Steven-Berghuis,nl NED,FWMF,nl Feyenoord,25,1991,6,466,78,86.3,5.2,6,,2,0,,0,0.50,3,12,-9,-1.74,-1.74,Matches
78,Robert Berić\Robert-Beric,si SVN,FW,be Anderlecht,26,1991,0,,,,,0,,0,0,,4,,,,,,,Matches
79,Bernard\Bernard,br BRA,MF,ua Shakhtar,24,1992,8,681,85,94.6,7.6,8,,4,0,,0,1.88,11,10,+1,+0.13,+2.44,Matches
80,Federico Bernardeschi\Federico-Bernardeschi,it ITA,MF,it Juventus,23,1994,5,136,27,15.1,1.5,1,,1,4,,1,1.60,3,3,0,0.00,-0.24,Matches
81,Bernardo\Bernardo,br BRA,DF,de RB Leipzig,22,1995,3,114,38,21.1,1.3,1,,1,2,,3,1.00,2,4,-2,-1.58,-1.79,Matches
82,Juan Bernat\Juan-Bernat,es ESP,DF,de Bayern Munich,24,1993,1,46,46,4.3,0.5,1,,0,0,,4,3.00,1,1,0,0.00,-1.22,Matches
83,Justin Bijlow\Justin-Bijlow,nl NED,GK,nl Feyenoord,19,1998,0,,,,,0,,0,0,,3,,,,,,,Matches
84,Jean-Claude Billong\Jean-Claude-Billong,fr FRA,DF,si NK Maribor,23,1993,4,360,90,66.7,4.0,4,,4,0,,1,1.00,2,8,-6,-1.50,+2.00,Matches
85,Nir Bitton\Nir-Bitton,il ISR,DF,sco Celtic,25,1991,3,187,62,34.6,2.1,1,,1,2,,3,1.50,2,8,-6,-2.89,-1.10,Matches
86,Gustavo Blanco Leschuk\Gustavo-Blanco-Leschuk,ar ARG,FW,ua Shakhtar,25,1991,0,,,,,0,,0,0,,3,,,,,,,Matches
87,Daley Blind\Daley-Blind,nl NED,DFMF,eng Manchester Utd,27,1990,6,540,90,75.0,6.0,6,,6,0,,0,2.50,12,3,+9,+1.50,+2.00,Matches
88,Jérôme Boateng\Jerome-Boateng,de GER,DF,de Bayern Munich,28,1988,9,677,75,62.7,7.5,8,,7,1,,1,2.44,19,4,+15,+1.99,+2.22,Matches
89,Salvatore Bocchetti\Salvatore-Bocchetti,it ITA,DF,ru Spartak Moscow,30,1986,3,270,90,50.0,3.0,3,,3,0,,2,0.67,2,9,-7,-2.33,-3.33,Matches
90,Frank Boeckx\Frank-Boeckx,be BEL,GK,be Anderlecht,30,1986,3,270,90,50.0,3.0,3,,3,0,,3,1.00,1,8,-7,-2.33,+0.33,Matches
91,Jean-Paul Boëtius\Jean-Paul-Boetius,nl NED,FW,nl Feyenoord,23,1994,6,519,87,96.1,5.8,6,,5,0,,0,0.50,5,13,-8,-1.39,+2.90,Matches
92,Damjan Bohar\Damjan-Bohar,si SVN,MF,si NK Maribor,25,1991,6,484,81,89.6,5.4,6,,1,0,,0,1.20,2,12,-10,-1.86,+2.96,Matches
93,Gabriel Boschilia\Gabriel-Boschilia,br BRA,MF,fr Monaco,21,1996,1,11,11,2.0,0.1,0,,0,1,,1,0.00,0,0,0,0.00,+1.70,Matches
94,Alberto Botía\Alberto-Botia,es ESP,DF,gr Olympiacos,28,1989,3,270,90,50.0,3.0,3,,3,0,,2,0.33,2,6,-4,-1.33,+0.33,Matches
95,Eric Botteghin\Eric-Botteghin,br BRA,DF,nl Feyenoord,29,1987,1,90,90,16.7,1.0,1,,1,0,,0,0.00,0,4,-4,-4.00,-3.00,Matches
96,Dedryck Boyata\Dedryck-Boyata,be BEL,DF,sco Celtic,26,1990,5,450,90,83.3,5.0,5,,5,0,,0,0.60,5,13,-8,-1.60,+3.40,Matches
97,Yacine Brahimi\Yacine-Brahimi,dz ALG,MF,pt Porto,27,1990,7,568,81,78.9,6.3,7,,3,0,,1,1.43,13,13,0,0.00,0.00,Matches
98,Claudio Bravo\Claudio-Bravo,cl CHI,GK,eng Manchester City,34,1983,1,90,90,10.0,1.0,1,,1,0,,9,0.00,1,2,-1,-1.00,-2.00,Matches
99,Scott Brown\Scott-Brown,sco SCO,MF,sco Celtic,32,1985,6,520,87,96.3,5.8,6,,5,0,,0,1.33,4,18,-14,-2.42,-6.92,Matches
100,Bruma\Bruma,pt POR,MFFW,de RB Leipzig,22,1994,5,274,55,50.7,3.0,3,,1,2,,1,1.20,4,5,-1,-0.33,-0.33,Matches
101,Massimo Bruno\Massimo-Bruno,be BEL,FWMF,be Anderlecht,23,1993,4,48,12,8.9,0.5,0,,0,4,,0,0.75,0,3,-3,-5.63,-3.43,Matches
102,Kevin Bua\Kevin-Bua,ch SUI,MF,ch Basel,23,1993,5,102,20,14.2,1.1,1,,0,4,,3,1.80,2,2,0,0.00,-0.44,Matches
103,Gianluigi Buffon\Gianluigi-Buffon,it ITA,GK,it Juventus,39,1978,9,810,90,90.0,9.0,9,,8,0,,0,1.67,12,11,+1,+0.11,-0.89,Matches
104,Roman Bürki\Roman-Burki,ch SUI,GK,de Dortmund,26,1990,6,540,90,100.0,6.0,6,,5,0,,0,0.33,7,13,-6,-1.00,,Matches
105,Sergio Busquets\Sergio-Busquets,es ESP,MF,es Barcelona,29,1988,10,768,77,85.3,8.5,9,,5,1,,0,2.10,14,4,+10,+1.17,+0.49,Matches
106,Bohdan Butko\Bohdan-Butko,ua UKR,DF,ua Shakhtar,26,1991,7,630,90,87.5,7.0,7,,7,0,,1,1.71,9,10,-1,-0.14,-1.14,Matches
107,Willy Caballero\Willy-Caballero,ar ARG,GK,eng Chelsea,35,1981,0,,,,,0,,0,0,,8,,,,,,,Matches
108,Gary Cahill\Gary-Cahill,eng ENG,DF,eng Chelsea,31,1985,6,448,75,62.2,5.0,5,,4,1,,2,1.83,14,7,+7,+1.41,+2.07,Matches
109,Fabrizio Caligara\Fabrizio-Caligara,it ITA,MF,it Juventus,17,2000,1,3,3,0.3,0.0,0,,0,1,,0,0.00,0,0,0,0.00,-0.20,Matches
110,Davide Callà\Davide-Calla,ch SUI,MF,ch Basel,32,1984,0,,,,,0,,0,0,,1,,,,,,,Matches
111,José Callejón\Jose-Callejon,es ESP,FW,it Napoli,30,1987,6,507,85,93.9,5.6,6,,4,0,,0,1.50,11,9,+2,+0.36,+5.81,Matches
112,Igor de Camargo\Igor-de-Camargo,be BEL,FW,cy APOEL FC,34,1983,5,234,47,43.3,2.6,3,,1,2,,1,1.36,0,7,-7,-2.69,-0.34,Matches
113,Emre Can\Emre-Can,de GER,MF,eng Liverpool,23,1994,8,533,67,45.6,5.9,6,,3,2,,0,1.90,20,4,+16,+2.70,+1.43,Matches
114,Mehdi Carcela\Mehdi-Carcela,ma MAR,MFFW,gr Olympiacos,28,1989,4,268,67,49.6,3.0,4,,0,0,,0,1.38,0,8,-8,-2.69,-2.36,Matches
115,Carlão\Carlao,br BRA,DF,cy APOEL FC,31,1986,5,450,90,83.3,5.0,5,,5,0,,0,1.00,1,16,-15,-3.00,-3.00,Matches
116,Yannick Carrasco\Yannick-Carrasco,be BEL,MF,es Atlético Madrid,23,1993,5,269,54,49.8,3.0,3,,0,2,,0,1.20,1,2,-1,-0.33,-1.00,Matches
117,Michael Carrick\Michael-Carrick,eng ENG,MF,eng Manchester Utd,36,1981,0,,,,,0,,0,0,,1,,,,,,,Matches
118,Daniel Carriço\Daniel-Carrico,pt POR,DFMF,es Sevilla,28,1988,0,,,,,0,,0,0,,3,,,,,,,Matches
119,Guido Carrillo\Guido-Carrillo,ar ARG,FW,fr Monaco,26,1991,5,134,27,24.8,1.5,1,,0,4,,0,0.40,1,6,-5,-3.36,-2.25,Matches
120,Dani Carvajal\Dani-Carvajal,es ESP,DF,es Real Madrid,25,1992,8,644,81,55.0,7.2,8,,6,0,,0,2.63,20,6,+14,+1.96,+1.44,Matches
121,João Carvalho\Joao-Carvalho,pt POR,MF,pt Benfica,20,1997,1,90,90,16.7,1.0,1,,1,0,,0,0.00,0,2,-2,-2.00,+0.20,Matches
122,William Carvalho\William-Carvalho,pt POR,MF,pt Sporting CP,25,1992,5,450,90,83.3,5.0,5,,5,0,,0,1.20,7,8,-1,-0.20,-0.20,Matches
123,Casemiro\Casemiro,br BRA,MF,es Real Madrid,25,1992,12,945,79,80.8,10.5,11,,8,1,,1,2.17,22,13,+9,+0.86,-2.34,Matches
124,Kiko Casilla\Kiko-Casilla,es ESP,GK,es Real Madrid,30,1986,2,180,90,15.4,2.0,2,,2,0,,11,1.50,7,3,+4,+2.00,+0.82,Matches
125,Iker Casillas\Iker-Casillas,es ESP,GK,pt Porto,36,1981,3,270,90,37.5,3.0,3,,3,0,,5,1.33,4,3,+1,+0.33,+0.53,Matches
126,Joel Castro Pereira\Joel-Castro-Pereira,pt POR,GK,eng Manchester Utd,21,1996,0,,,,,0,,0,0,,2,,,,,,,Matches
127,Gonzalo Castro\Gonzalo-Castro,de GER,MF,de Dortmund,30,1987,3,132,44,24.4,1.5,1,,1,2,,2,0.00,1,4,-3,-2.05,-1.38,Matches
128,Edinson Cavani\Edinson-Cavani,uy URU,FW,fr Paris S-G,30,1987,8,680,85,94.4,7.6,8,,6,0,,0,1.88,26,7,+19,+2.51,+4.76,Matches
129,Dani Ceballos\Dani-Ceballos,es ESP,MF,es Real Madrid,20,1996,4,82,21,7.0,0.9,0,,0,4,,3,3.00,1,0,+1,+1.10,-0.23,Matches
130,Alpay Çelebi\Alpay-Celebi,tr TUR,DF,tr Beşiktaş,18,1999,0,,,,,0,,0,0,,1,,,,,,,Matches
131,Franco Cervi\Franco-Cervi,ar ARG,MF,pt Benfica,23,1994,3,97,32,18.0,1.1,1,,0,2,,2,0.00,0,3,-3,-2.78,-0.75,Matches
132,Bruno César\Bruno-Cesar,br BRA,MF,pt Sporting CP,28,1988,5,253,51,46.9,2.8,3,,0,2,,1,1.67,4,4,0,0.00,+0.31,Matches
133,Júlio César\Julio-Cesar,br BRA,GK,pt Benfica,37,1979,1,90,90,16.7,1.0,1,,1,0,,3,0.00,0,5,-5,-5.00,-3.40,Matches
134,Fyodor Chalov\Fyodor-Chalov,ru RUS,FW,ru CSKA Moscow,19,1998,3,145,48,26.9,1.6,2,,0,1,,2,1.71,1,7,-6,-3.72,-4.64,Matches
135,Giorgio Chiellini\Giorgio-Chiellini,it ITA,DF,it Juventus,32,1984,7,630,90,70.0,7.0,7,,7,0,,0,2.00,12,9,+3,+0.43,+0.76,Matches
136,Alexandru Chipciu\Alexandru-Chipciu,ro ROU,DF,be Anderlecht,28,1989,2,180,90,33.3,2.0,2,,2,0,,2,0.00,0,6,-6,-3.00,-0.75,Matches
137,Vlad Chiricheș\Vlad-Chiriches,ro ROU,DF,it Napoli,27,1989,1,90,90,16.7,1.0,1,,1,0,,3,3.00,3,0,+3,+3.00,+3.60,Matches
138,Lefteris Choutesiotis\Lefteris-Choutesiotis,gr GRE,GK,gr Olympiacos,23,1994,0,,,,,0,,0,0,,2,,,,,,,Matches
139,Andreas Christensen\Andreas-Christensen,dk DEN,DF,eng Chelsea,21,1996,6,454,76,63.1,5.0,5,,5,1,,2,1.50,12,8,+4,+0.79,+0.45,Matches
140,Jasper Cillessen\Jasper-Cillessen,nl NED,GK,es Barcelona,28,1989,1,90,90,10.0,1.0,1,,1,0,,9,3.00,2,0,+2,+2.00,+1.00,Matches
141,Orkan Çınar\Orkan-Cinar,tr TUR,MF,tr Beşiktaş,21,1996,1,22,22,3.1,0.2,0,,0,1,,0,3.00,1,1,0,0.00,+0.13,Matches
142,Nathaniel Clyne\Nathaniel-Clyne,eng ENG,DF,eng Liverpool,26,1991,2,9,5,0.8,0.1,0,,0,2,,3,1.50,0,1,-1,-10.00,-12.02,Matches
143,Sebastián Coates\Sebastian-Coates,uy URU,DF,pt Sporting CP,26,1990,5,450,90,83.3,5.0,5,,5,0,,0,1.14,5,8,-3,-0.60,-2.60,Matches
144,Fábio Coentrão\Fabio-Coentrao,pt POR,DF,pt Sporting CP,29,1988,4,267,67,49.4,3.0,3,,1,1,,0,1.17,4,4,0,0.00,+0.33,Matches
145,Kingsley Coman\Kingsley-Coman,fr FRA,MFFW,de Bayern Munich,21,1996,6,388,65,35.9,4.3,4,,2,2,,0,2.50,13,3,+10,+2.32,+1.80,Matches
146,Marvin Compper\Marvin-Compper,de GER,DF,de RB Leipzig,32,1985,1,19,19,3.5,0.2,0,,0,1,,0,0.00,1,1,0,0.00,+0.17,Matches
147,Sébastien Corchia\Sebastien-Corchia,fr FRA,DF,es Sevilla,26,1990,3,104,35,11.6,1.2,1,,1,2,,2,2.33,3,0,+3,+2.60,+2.94,Matches
148,Jesús Corona\Jesus-Corona,mx MEX,MF,pt Porto,24,1993,8,318,40,44.2,3.5,3,,1,5,,0,1.38,5,7,-2,-0.57,-1.01,Matches
149,Ángel Correa\Angel-Correa,ar ARG,MFFW,es Atlético Madrid,22,1995,6,254,42,47.0,2.8,2,,1,4,,0,1.17,4,2,+2,+0.71,+1.02,Matches
150,Joaquín Correa\Joaquin-Correa,ar ARG,MFFW,es Sevilla,22,1994,8,626,78,69.6,7.0,7,,4,1,,1,1.50,10,6,+4,+0.58,+1.89,Matches
151,Douglas Costa\Douglas-Costa,br BRA,MFFW,it Juventus,26,1990,10,719,72,79.9,8.0,8,,4,2,,0,1.80,12,9,+3,+0.38,+0.87,Matches
152,Aljaž Cotman\Aljaz-Cotman,si SVN,GK,si NK Maribor,23,1994,0,,,,,0,,0,0,,1,,,,,,,Matches
153,Thibaut Courtois\Thibaut-Courtois,be BEL,GK,eng Chelsea,25,1992,8,720,90,100.0,8.0,8,,8,0,,0,1.50,17,12,+5,+0.62,,Matches
154,Philippe Coutinho\Philippe-Coutinho,br BRA,MFFW,eng Liverpool,25,1992,5,347,69,29.7,3.9,4,,3,1,,0,1.80,18,3,+15,+3.89,+2.80,Matches
155,Juan Cuadrado\Juan-Cuadrado,co COL,MF,it Juventus,29,1988,6,410,68,45.6,4.6,5,,2,1,,1,1.83,4,2,+2,+0.44,+0.44,Matches
156,Mahmoud Dahoud\Mahmoud-Dahoud,de GER,MF,de Dortmund,21,1996,3,192,64,35.6,2.1,2,,1,1,,1,0.00,3,7,-4,-1.87,-1.36,Matches
157,Diogo Dalot\Diogo-Dalot,pt POR,DF,pt Porto,18,1999,1,90,90,12.5,1.0,1,,1,0,,0,1.00,0,0,0,0.00,0.00,Matches
158,Danilo\Danilo,br BRA,DFMF,eng Manchester City,26,1991,6,368,61,40.9,4.1,4,,4,2,,3,2.00,7,6,+1,+0.24,-0.94,Matches
159,Matteo Darmian\Matteo-Darmian,it ITA,DF,eng Manchester Utd,27,1989,3,203,68,28.2,2.3,2,,2,1,,5,2.00,2,2,0,0.00,-1.39,Matches
160,Arif Dashdemirov\Arif-Dashdemirov,az AZE,DF,az Qarabağ FK,30,1987,0,,,,,0,,0,0,,1,,,,,,,Matches
161,Ben Davies\Ben-Davies,wal WAL,DFMF,eng Tottenham,24,1993,5,450,90,62.5,5.0,5,,5,0,,2,2.00,12,6,+6,+1.20,-0.13,Matches
162,Denis Davydov\Denis-Davydov,ru RUS,FW,ru Spartak Moscow,22,1995,0,,,,,0,,0,0,,1,,,,,,,Matches
163,Kevin De Bruyne\Kevin-De-Bruyne,be BEL,MF,eng Manchester City,26,1991,8,667,83,74.1,7.4,8,,6,0,,1,2.25,17,8,+9,+1.21,+1.60,Matches
164,Daniele De Rossi\Daniele-De-Rossi,it ITA,MF,it Roma,34,1983,10,776,78,71.9,8.6,9,,6,1,,2,1.90,11,11,0,0.00,-0.59,Matches
165,Mattia De Sciglio\Mattia-De-Sciglio,it ITA,DF,it Juventus,24,1992,6,393,66,43.7,4.4,6,,3,0,,1,1.33,5,6,-1,-0.23,-0.76,Matches
166,Grégoire Defrel\Gregoire-Defrel,mq MTQ,FW,it Roma,26,1991,5,166,33,15.4,1.8,2,,0,3,,0,0.80,3,3,0,0.00,-0.20,Matches
167,Fabian Delph\Fabian-Delph,eng ENG,DF,eng Manchester City,27,1989,5,383,77,42.6,4.3,4,,4,1,,3,3.00,12,3,+9,+2.11,+2.29,Matches
168,Mousa Dembélé\Mousa-Dembele,be BEL,MF,eng Tottenham,30,1987,6,328,55,45.6,3.6,3,,3,3,,0,2.17,7,6,+1,+0.27,-1.79,Matches
169,Moussa Dembélé\Moussa-Dembele,fr FRA,FW,sco Celtic,21,1996,4,266,67,49.3,3.0,3,,1,1,,1,1.00,2,8,-6,-2.03,+0.27,Matches
170,Ousmane Dembélé\Ousmane-Dembele,fr FRA,MFFW,es Barcelona,20,1997,3,143,48,15.9,1.6,2,,0,1,,2,2.00,6,0,+6,+3.78,+3.18,Matches
171,Diego Demme\Diego-Demme,de GER,MF,de RB Leipzig,25,1991,4,325,81,60.2,3.6,3,,3,1,,2,1.00,3,6,-3,-0.83,-1.67,Matches
172,Leander Dendoncker\Leander-Dendoncker,be BEL,MFDF,be Anderlecht,22,1995,6,540,90,100.0,6.0,6,,6,0,,0,0.50,2,17,-15,-2.50,,Matches
173,Dentinho\Dentinho,br BRA,FWMF,ua Shakhtar,28,1989,5,34,7,4.7,0.4,0,,0,5,,2,1.20,0,3,-3,-7.94,-8.33,Matches
174,Jan-Arie van der Heijden\Jan-Arie-van-der-Heijden,nl NED,DF,nl Feyenoord,29,1988,1,90,90,16.7,1.0,1,,1,0,,0,0.00,0,4,-4,-4.00,-3.00,Matches
175,Amir Dervišević\Amir-Dervisevic,si SVN,MF,si NK Maribor,25,1992,0,,,,,0,,0,0,,3,,,,,,,Matches
176,Olivier Deschacht\Olivier-Deschacht,be BEL,DF,be Anderlecht,36,1981,4,326,82,60.4,3.6,4,,2,0,,2,0.00,1,11,-10,-2.76,-0.66,Matches
177,Ersin Destanoğlu\Ersin-Destanoglu,tr TUR,GK,tr Beşiktaş,16,2001,0,,,,,0,,0,0,,1,,,,,,,Matches
178,Gerard Deulofeu\Gerard-Deulofeu,es ESP,MFFW,es Barcelona,23,1994,3,147,49,16.3,1.6,2,,0,1,,2,1.67,1,0,+1,+0.61,-0.58,Matches
179,Ángel Di María\Angel-Di-Maria,ar ARG,FW,fr Paris S-G,29,1988,5,143,29,19.9,1.6,1,,0,4,,2,2.40,6,1,+5,+3.15,+1.12,Matches
180,Adama Diakhaby\Adama-Diakhaby,fr FRA,FWMF,fr Monaco,21,1996,5,228,46,42.2,2.5,3,,0,2,,1,0.40,2,6,-4,-1.58,+0.15,Matches
181,Lassana Diarra\Lassana-Diarra,fr FRA,MF,fr Paris S-G,32,1985,1,5,5,0.7,0.1,0,,0,1,,1,0.00,0,0,0,0.00,-2.27,Matches
182,Rúben Dias\Ruben-Dias,pt POR,DF,pt Benfica,20,1997,2,180,90,33.3,2.0,2,,2,0,,0,0.00,0,3,-3,-1.50,+1.00,Matches
183,Amadou Diawara\Amadou-Diawara,gn GUI,MF,it Napoli,20,1997,5,370,74,68.5,4.1,4,,4,1,,1,1.50,6,7,-1,-0.24,-0.77,Matches
184,Brahim Díaz\Brahim-Diaz,es ESP,MF,eng Manchester City,17,1999,3,52,17,5.8,0.6,0,,0,3,,0,1.00,1,1,0,0.00,-0.85,Matches
185,Serey Die\Serey-Die,ci CIV,MF,ch Basel,32,1984,5,287,57,39.9,3.2,3,,2,2,,1,1.80,2,6,-4,-1.25,-2.71,Matches
186,Eric Dier\Eric-Dier,eng ENG,MFDF,eng Tottenham,23,1994,7,614,88,85.3,6.8,7,,6,0,,0,2.00,15,8,+7,+1.03,-1.52,Matches
187,Lucas Digne\Lucas-Digne,fr FRA,DF,es Barcelona,24,1993,3,270,90,30.0,3.0,3,,3,0,,4,2.33,5,1,+4,+1.33,+0.33,Matches
188,Virgil van Dijk\Virgil-van-Dijk,nl NED,DF,eng Liverpool,26,1991,6,540,90,46.2,6.0,6,,6,0,,1,2.00,18,10,+8,+1.33,-1.10,Matches
189,Kevin Diks\Kevin-Diks,nl NED,DF,nl Feyenoord,20,1996,3,180,60,33.3,2.0,2,,1,1,,2,0.00,1,3,-2,-1.00,+0.75,Matches
190,Joshgun Diniyev\Joshgun-Diniyev,az AZE,MF,az Qarabağ FK,21,1995,2,64,32,11.9,0.7,0,,0,2,,3,1.00,0,5,-5,-7.03,-5.71,Matches
191,Niklas Dorsch\Niklas-Dorsch,de GER,MF,de Bayern Munich,19,1998,0,,,,,0,,0,0,,2,,,,,,,Matches
192,Bas Dost\Bas-Dost,nl NED,FW,pt Sporting CP,28,1989,6,378,63,70.0,4.2,3,,2,3,,0,1.38,5,9,-4,-0.95,-2.62,Matches
193,Douglas\Douglas,br BRA,DF,pt Benfica,26,1990,3,270,90,50.0,3.0,3,,3,0,,0,0.00,0,5,-5,-1.67,+1.00,Matches
194,Seydou Doumbia\Seydou-Doumbia,ci CIV,FW,pt Sporting CP,29,1987,4,119,30,22.0,1.3,2,,0,2,,0,1.33,3,0,+3,+2.27,+3.12,Matches
195,Julian Draxler\Julian-Draxler,de GER,MF,fr Paris S-G,23,1993,8,315,39,43.8,3.5,3,,1,5,,0,1.88,13,6,+7,+2.00,-0.44,Matches
196,Danny Drinkwater\Danny-Drinkwater,eng ENG,MF,eng Chelsea,27,1990,3,40,13,5.6,0.4,0,,0,3,,1,1.33,1,0,+1,+2.25,+1.72,Matches
197,Demeaco Duhaney\Demeaco-Duhaney,eng ENG,DF,eng Manchester City,18,1998,0,,,,,0,,0,0,,1,,,,,,,Matches
198,Paulo Dybala\Paulo-Dybala,ar ARG,MFFW,it Juventus,23,1993,8,661,83,73.4,7.3,8,,5,0,,0,1.75,8,8,0,0.00,-0.75,Matches
199,Alan Dzagoev\Alan-Dzagoev,ru RUS,MFFW,ru CSKA Moscow,27,1990,5,367,73,68.0,4.1,4,,1,1,,0,2.33,7,7,0,0.00,+1.04,Matches
200,Edin Džeko\Edin-Dzeko,ba BIH,FW,it Roma,31,1986,12,1078,90,99.8,12.0,12,,10,0,,0,1.67,21,19,+2,+0.17,+0.17,Matches
201,Georgi Dzhikiya\Georgi-Dzhikiya,ru RUS,DF,ru Spartak Moscow,23,1993,5,420,84,77.8,4.7,5,,4,0,,0,1.00,8,10,-2,-0.43,+1.07,Matches
202,Lorenzo Ebecilio\Lorenzo-Ebecilio,nl NED,MFFW,cy APOEL FC,25,1991,4,259,65,48.0,2.9,3,,1,1,,0,1.40,1,7,-6,-2.08,+0.80,Matches
203,Ederson\Ederson,br BRA,GK,eng Manchester City,23,1993,9,810,90,90.0,9.0,9,,9,0,,1,2.00,19,10,+9,+1.00,+2.00,Matches
204,Odsonne Édouard\Odsonne-Edouard,fr FRA,FW,sco Celtic,19,1998,2,37,19,6.9,0.4,0,,0,2,,0,0.00,0,2,-2,-4.86,-2.90,Matches
205,Giorgos Efrem\Giorgos-Efrem,cy CYP,MF,cy APOEL FC,28,1989,1,30,30,5.6,0.3,0,,0,1,,1,1.75,0,0,0,0.00,+2.65,Matches
206,Omar Elabdellaoui\Omar-Elabdellaoui,no NOR,DF,gr Olympiacos,25,1991,4,360,90,66.7,4.0,4,,4,0,,2,1.17,3,8,-5,-1.25,+0.75,Matches
207,Eliseu\Eliseu,pt POR,DF,pt Benfica,33,1983,3,199,66,36.9,2.2,2,,1,1,,1,0.00,0,5,-5,-2.26,-0.15,Matches
208,Mohamed Elyounoussi\Mohamed-Elyounoussi,no NOR,FWMF,ch Basel,22,1994,8,641,80,89.0,7.1,7,,5,1,,0,1.88,9,10,-1,-0.14,-4.70,Matches
209,Tarik Elyounoussi\Tarik-Elyounoussi,no NOR,FWMF,az Qarabağ FK,29,1988,3,32,11,5.9,0.4,0,,0,3,,0,0.33,0,1,-1,-2.81,-0.86,Matches
210,Emmanuel Emenike\Emmanuel-Emenike,ng NGA,FW,gr Olympiacos,30,1987,2,116,58,21.5,1.3,1,,0,1,,0,1.00,2,2,0,0.00,+1.91,Matches
211,Björn Engels\Bjorn-Engels,be BEL,DF,gr Olympiacos,22,1994,5,450,90,83.3,5.0,5,,5,0,,1,0.20,3,10,-7,-1.40,+0.60,Matches
212,Christian Eriksen\Christian-Eriksen,dk DEN,MF,eng Tottenham,25,1992,6,535,89,74.3,5.9,6,,4,0,,0,1.83,12,8,+4,+0.67,-2.25,Matches
213,Caner Erkin\Caner-Erkin,tr TUR,DF,tr Beşiktaş,28,1988,6,519,87,72.1,5.8,6,,5,0,,1,2.00,10,9,+1,+0.17,+1.07,Matches
214,Sergio Escudero\Sergio-Escudero,es ESP,DF,es Sevilla,27,1989,10,900,90,100.0,10.0,10,,10,0,,0,1.50,15,15,0,0.00,,Matches
215,Fabinho\Fabinho,br BRA,MF,fr Monaco,23,1993,5,450,90,83.3,5.0,5,,5,0,,1,0.40,4,11,-7,-1.40,+1.60,Matches
216,Cesc Fàbregas\Cesc-Fabregas,es ESP,MF,eng Chelsea,30,1987,8,691,86,96.0,7.7,8,,5,0,,0,1.50,16,12,+4,+0.52,-2.58,Matches
217,Fabricio\Fabricio,es ESP,GK,tr Beşiktaş,29,1987,6,540,90,75.0,6.0,6,,6,0,,2,1.83,9,9,0,0.00,+0.50,Matches
218,Radamel Falcao\Radamel-Falcao,co COL,FW,fr Monaco,31,1986,5,383,77,70.9,4.3,4,,3,1,,0,0.20,4,11,-7,-1.64,+0.07,Matches
219,Agustín Farías\Agustin-Farias,ar ARG,MF,cy APOEL FC,29,1987,4,84,21,15.6,0.9,0,,0,4,,2,0.83,0,1,-1,-1.07,+1.69,Matches
220,Federico Fazio\Federico-Fazio,ar ARG,DF,it Roma,30,1987,11,922,84,85.4,10.2,10,,10,1,,1,1.55,19,18,+1,+0.10,-0.47,Matches
221,Ljubomir Fejsa\Ljubomir-Fejsa,rs SRB,MF,pt Benfica,28,1988,4,360,90,66.7,4.0,4,,4,0,,0,0.00,0,10,-10,-2.50,-1.00,Matches
222,Felipe\Felipe,br BRA,DF,pt Porto,28,1989,7,578,83,80.3,6.4,7,,6,0,,0,1.57,12,8,+4,+0.62,+3.16,Matches
223,Marouane Fellaini\Marouane-Fellaini,be BEL,MF,eng Manchester Utd,29,1987,3,221,74,30.7,2.5,2,,1,1,,0,1.00,3,1,+2,+0.81,-0.27,Matches
224,Bruno Fernandes\Bruno-Fernandes,pt POR,MF,pt Sporting CP,22,1994,6,537,90,99.4,6.0,6,,5,0,,0,1.38,8,7,+1,+0.17,+60.17,Matches
225,Mário Fernandes\Mario-Fernandes,ru RUS,MFDF,ru CSKA Moscow,26,1990,6,540,90,100.0,6.0,6,,6,0,,0,2.10,8,10,-2,-0.33,,Matches
226,Augusto Fernández\Augusto-Fernandez,ar ARG,MF,es Atlético Madrid,31,1986,1,58,58,10.7,0.6,1,,0,0,,2,3.00,0,0,0,0.00,-0.19,Matches
227,Fernandinho\Fernandinho,br BRA,MFDF,eng Manchester City,32,1985,8,682,85,75.8,7.6,8,,6,0,,1,1.88,17,10,+7,+0.92,+0.51,Matches
228,Fernando\Fernando,br BRA,MF,ru Spartak Moscow,25,1992,6,540,90,100.0,6.0,6,,6,0,,0,1.00,9,13,-4,-0.67,,Matches
229,Facundo Ferreyra\Facundo-Ferreyra,ar ARG,FW,ua Shakhtar,26,1991,8,703,88,97.6,7.8,8,,4,0,,0,1.88,11,10,+1,+0.13,+5.42,Matches
230,Diogo Figueiras\Diogo-Figueiras,pt POR,DFMF,gr Olympiacos,26,1991,4,360,90,66.7,4.0,4,,4,0,,0,1.14,3,8,-5,-1.25,+0.75,Matches
231,Tobias Figueiredo\Tobias-Figueiredo,pt POR,DF,pt Sporting CP,23,1994,1,13,13,2.4,0.1,0,,0,1,,3,3.00,0,1,-1,-6.92,-6.92,Matches
232,Roberto Firmino\Roberto-Firmino,br BRA,FW,eng Liverpool,25,1991,13,1056,81,90.3,11.7,13,,4,0,,0,2.07,35,15,+20,+1.70,-2.24,Matches
233,Jon Flanagan\Jon-Flanagan,eng ENG,DF,eng Liverpool,24,1993,0,,,,,0,,0,0,,1,,,,,,,Matches
234,Alessandro Florenzi\Alessandro-Florenzi,it ITA,DFMF,it Roma,26,1991,10,708,71,65.6,7.9,8,,5,2,,1,1.90,15,12,+3,+0.38,+0.62,Matches
235,Phil Foden\Phil-Foden,eng ENG,MF,eng Manchester City,17,2000,3,194,65,21.6,2.2,2,,1,1,,2,1.00,3,4,-1,-0.46,-1.61,Matches
236,James Forrest\James-Forrest,sco SCO,MFFW,sco Celtic,26,1991,6,306,51,56.7,3.4,3,,3,3,,0,1.33,3,12,-9,-2.65,-1.11,Matches
237,Emil Forsberg\Emil-Forsberg,se SWE,MF,de RB Leipzig,25,1991,5,412,82,76.3,4.6,5,,2,0,,0,1.40,9,9,0,0.00,+0.70,Matches
238,Hernâni Fortes\Hernani-Fortes,pt POR,FWMF,pt Porto,25,1991,2,17,9,2.4,0.2,0,,0,2,,2,0.00,0,1,-1,-5.29,-5.42,Matches
239,Kostas Fortounis\Kostas-Fortounis,gr GRE,MFFW,gr Olympiacos,24,1992,6,246,41,45.6,2.7,3,,0,3,,0,0.89,1,7,-6,-2.20,-1.28,Matches
240,Juan Foyth\Juan-Foyth,ar ARG,DF,eng Tottenham,19,1998,1,90,90,12.5,1.0,1,,1,0,,4,3.00,3,0,+3,+3.00,+2.00,Matches
241,Alexander Fransson\Alexander-Fransson,se SWE,MF,ch Basel,23,1994,3,10,3,1.4,0.1,0,,0,3,,2,3.00,1,0,+1,+9.00,+8.75,Matches
242,Fred\Fred,br BRA,MF,ua Shakhtar,24,1993,8,720,90,100.0,8.0,8,,7,0,,0,1.88,11,11,0,0.00,,Matches
243,Fabian Frei\Fabian-Frei,ch SUI,MFDF,ch Basel,28,1989,2,180,90,25.0,2.0,2,,2,0,,0,1.50,2,5,-3,-1.50,-2.50,Matches
244,Marco Friedl\Marco-Friedl,at AUT,DF,de Bayern Munich,19,1998,1,90,90,8.3,1.0,1,,1,0,,4,3.00,2,1,+1,+1.00,-0.18,Matches
245,Christian Früchtl\Christian-Fruchtl,de GER,GK,de Bayern Munich,17,2000,0,,,,,0,,0,0,,1,,,,,,,Matches
246,Omar Gaber\Omar-Gaber,eg EGY,MF,ch Basel,25,1992,0,,,,,0,,0,0,,1,,,,,,,Matches
247,Gabi\Gabi,es ESP,MF,es Atlético Madrid,34,1983,5,347,69,64.3,3.9,4,,2,1,,1,1.40,4,2,+2,+0.52,+0.99,Matches
248,Nicolás Gaitán\Nicolas-Gaitan,ar ARG,MF,es Atlético Madrid,29,1988,4,123,31,22.8,1.4,1,,0,3,,1,0.75,0,1,-1,-0.73,-1.16,Matches
249,Cristian Gamboa\Cristian-Gamboa,cr CRC,DF,sco Celtic,27,1989,1,90,90,16.7,1.0,1,,1,0,,1,0.00,0,3,-3,-3.00,-1.00,Matches
250,Kévin Gameiro\Kevin-Gameiro,fr FRA,FW,es Atlético Madrid,30,1987,3,164,55,30.4,1.8,2,,0,1,,1,1.67,3,1,+2,+1.10,+1.34,Matches
251,Ganso\Ganso,br BRA,MF,es Sevilla,27,1989,1,31,31,3.4,0.3,0,,0,1,,2,1.00,1,0,+1,+2.90,+3.01,Matches
252,Gara Garayev\Gara-Garayev,az AZE,MF,az Qarabağ FK,24,1992,6,520,87,96.3,5.8,6,,5,0,,0,1.25,2,11,-9,-1.56,+11.94,Matches
253,Paulo Gazzaniga\Paulo-Gazzaniga,ar ARG,GK,eng Tottenham,25,1992,0,,,,,0,,0,0,,2,,,,,,,Matches
254,David de Gea\David-de-Gea,es ESP,GK,eng Manchester Utd,26,1990,6,540,90,75.0,6.0,6,,6,0,,0,2.17,11,3,+8,+1.33,+1.33,Matches
255,Lutsharel Geertruida\Lutsharel-Geertruida,nl NED,DF,nl Feyenoord,17,2000,0,,,,,0,,0,0,,2,,,,,,,Matches
256,Johannes Geis\Johannes-Geis,de GER,DF,es Sevilla,23,1993,2,91,46,10.1,1.0,1,,1,1,,3,2.00,3,3,0,0.00,0.00,Matches
257,Anthony Georgiou\Anthony-Georgiou,cy CYP,MF,eng Tottenham,20,1997,1,6,6,0.8,0.1,0,,0,1,,1,3.00,0,0,0,0.00,-1.26,Matches
258,Pieter Gerkens\Pieter-Gerkens,be BEL,FWMF,be Anderlecht,21,1995,5,404,81,74.8,4.5,5,,2,0,,1,0.60,2,12,-10,-2.23,+1.08,Matches
259,Gerson\Gerson,br BRA,FW,it Roma,20,1997,6,220,37,20.4,2.4,2,,0,4,,4,1.67,3,3,0,0.00,-0.21,Matches
260,Rachid Ghezzal\Rachid-Ghezzal,dz ALG,MF,fr Monaco,25,1992,4,142,36,26.3,1.6,2,,0,2,,0,0.25,0,4,-4,-2.54,-1.18,Matches
261,Faouzi Ghoulam\Faouzi-Ghoulam,dz ALG,DF,it Napoli,26,1991,4,301,75,55.7,3.3,4,,3,0,,0,1.50,6,5,+1,+0.30,+0.68,Matches
262,Emanuele Giaccherini\Emanuele-Giaccherini,it ITA,FWMF,it Napoli,32,1985,0,,,,,0,,0,0,,1,,,,,,,Matches
263,Guillaume Gillet\Guillaume-Gillet,be BEL,MF,gr Olympiacos,33,1984,4,250,63,46.3,2.8,3,,2,1,,1,1.17,3,7,-4,-1.44,+0.11,Matches
264,Olivier Giroud\Olivier-Giroud,fr FRA,FW,eng Chelsea,30,1986,1,67,67,9.3,0.7,1,,0,0,,1,0.00,0,3,-3,-4.03,-5.13,Matches
265,Kamil Glik\Kamil-Glik,pl POL,DF,fr Monaco,29,1988,6,540,90,100.0,6.0,6,,6,0,,0,0.33,6,16,-10,-1.67,,Matches
266,Denis Glushakov\Denis-Glushakov,ru RUS,MF,ru Spartak Moscow,30,1987,5,336,67,62.2,3.7,4,,3,1,,0,1.00,7,11,-4,-1.07,-1.07,Matches
267,Diego Godín\Diego-Godin,uy URU,DF,es Atlético Madrid,31,1986,4,360,90,66.7,4.0,4,,4,0,,2,0.75,2,3,-1,-0.25,-1.25,Matches
268,Aleksandr Golovin\Aleksandr-Golovin,ru RUS,MF,ru CSKA Moscow,21,1996,6,537,90,99.4,6.0,6,,5,0,,0,2.10,8,10,-2,-0.34,-0.34,Matches
269,André Gomes\Andre-Gomes,pt POR,MF,es Barcelona,24,1993,9,170,19,18.9,1.9,1,,1,8,,0,2.22,4,2,+2,+1.06,-0.05,Matches
270,Joe Gomez\Joe-Gomez,eng ENG,DF,eng Liverpool,20,1997,5,371,74,31.7,4.1,4,,3,1,,2,2.00,13,5,+8,+1.94,+0.03,Matches
271,Maxime Gonalons\Maxime-Gonalons,fr FRA,MF,it Roma,28,1989,6,309,52,28.6,3.4,3,,1,3,,4,1.17,10,7,+3,+0.87,+0.99,Matches
272,Diogo Gonçalves\Diogo-Goncalves,pt POR,FWMF,pt Benfica,20,1997,4,267,67,49.4,3.0,4,,1,0,,0,0.00,0,5,-5,-1.69,+0.95,Matches
273,Gökhan Gönül\Gokhan-Gonul,tr TUR,DF,tr Beşiktaş,32,1985,4,291,73,40.4,3.2,3,,3,1,,1,0.50,3,7,-4,-1.24,-1.87,Matches
274,Craig Gordon\Craig-Gordon,sco SCO,GK,sco Celtic,34,1982,6,540,90,100.0,6.0,6,,6,0,,0,1.33,5,18,-13,-2.17,,Matches
275,Astemir Gordyushenko\Astemir-Gordyushenko,ru RUS,MF,ru CSKA Moscow,20,1997,2,31,16,5.7,0.3,0,,0,2,,1,1.50,0,0,0,0.00,+0.35,Matches
276,Mario Götze\Mario-Gotze,de GER,MF,de Dortmund,25,1992,5,370,74,68.5,4.1,4,,3,1,,0,0.40,4,6,-2,-0.49,+1.63,Matches
277,Antoine Griezmann\Antoine-Griezmann,fr FRA,FW,es Atlético Madrid,26,1991,6,529,88,98.0,5.9,6,,5,0,,0,1.17,5,4,+1,+0.17,+0.17,Matches
278,Leigh Griffiths\Leigh-Griffiths,sco SCO,FW,sco Celtic,26,1990,5,248,50,45.9,2.8,3,,1,2,,1,1.33,3,8,-5,-1.81,+0.65,Matches
279,Álex Grimaldo\Alex-Grimaldo,es ESP,DF,pt Benfica,21,1995,4,321,80,59.4,3.6,4,,2,0,,0,0.00,1,9,-8,-2.24,-0.19,Matches
280,Marko Grujić\Marko-Grujic,rs SRB,MF,eng Liverpool,21,1996,1,5,5,0.4,0.1,0,,0,1,,0,3.00,1,0,+1,+18.00,+16.15,Matches
281,Raúl Gudiño\Raul-Gudino,mx MEX,GK,cy APOEL FC,21,1996,1,45,45,8.3,0.5,0,,0,1,,5,1.00,1,1,0,0.00,+2.73,Matches
282,Raphaël Guerreiro\Raphael-Guerreiro,pt POR,MFDF,de Dortmund,23,1993,3,252,84,46.7,2.8,3,,2,0,,0,0.33,4,6,-2,-0.71,+0.54,Matches
283,Wilde-Donald Guerrier\Wilde-Donald-Guerrier,ht HAI,MFFW,az Qarabağ FK,28,1989,6,354,59,65.6,3.9,4,,2,2,,0,1.25,1,11,-10,-2.54,-1.57,Matches
284,Péter Gulácsi\Peter-Gulacsi,hu HUN,GK,de RB Leipzig,27,1990,6,540,90,100.0,6.0,6,,6,0,,0,1.17,10,11,-1,-0.17,,Matches
285,İlkay Gündoğan\Ilkay-Gundogan,de GER,MF,eng Manchester City,26,1990,9,503,56,55.9,5.6,6,,3,3,,1,1.67,11,9,+2,+0.36,-1.00,Matches
286,Achraf Hakimi\Achraf-Hakimi,ma MAR,DF,es Real Madrid,18,1998,2,180,90,15.4,2.0,2,,2,0,,2,0.50,2,4,-2,-1.00,-2.73,Matches
287,Marcel Halstenberg\Marcel-Halstenberg,de GER,DF,de RB Leipzig,25,1991,6,472,79,87.4,5.2,6,,4,0,,0,1.17,8,8,0,0.00,+1.32,Matches
288,Marek Hamšík\Marek-Hamsik,sk SVK,MF,it Napoli,30,1987,6,465,78,86.1,5.2,6,,2,0,,0,1.50,8,10,-2,-0.39,-2.79,Matches
289,Jasmin Handanović\Jasmin-Handanovic,si SVN,GK,si NK Maribor,39,1978,6,540,90,100.0,6.0,6,,6,0,,0,1.33,3,16,-13,-2.17,,Matches
290,Sofiane Hanni\Sofiane-Hanni,dz ALG,MFFW,be Anderlecht,26,1990,6,471,79,87.2,5.2,6,,3,0,,0,0.50,2,13,-11,-2.10,+3.12,Matches
291,Emil Hansson\Emil-Hansson,se SWE,FWMF,nl Feyenoord,19,1998,0,,,,,0,,0,0,,1,,,,,,,Matches
292,Ridgeciano Haps\Ridgeciano-Haps,nl NED,DF,nl Feyenoord,24,1993,4,360,90,66.7,4.0,4,,4,0,,0,0.00,3,9,-6,-1.50,0.00,Matches
293,Hamdi Harbaoui\Hamdi-Harbaoui,tn TUN,FW,be Anderlecht,32,1985,2,14,7,2.6,0.2,0,,0,2,,3,0.00,0,1,-1,-6.43,-4.03,Matches
294,Jonny Hayes\Jonny-Hayes,ie IRL,FW,sco Celtic,30,1987,0,,,,,0,,0,0,,2,,,,,,,Matches
295,Eden Hazard\Eden-Hazard,be BEL,FWMF,eng Chelsea,26,1991,8,611,76,84.9,6.8,7,,3,1,,0,1.50,11,12,-1,-0.15,-5.10,Matches
296,Jordan Henderson\Jordan-Henderson,eng ENG,MF,eng Liverpool,27,1990,10,868,87,74.2,9.6,9,,8,1,,2,1.83,24,15,+9,+0.93,-3.84,Matches
297,Pedro Henrique\Pedro-Henrique,br BRA,MF,az Qarabağ FK,27,1990,4,281,70,52.0,3.1,4,,0,0,,0,0.50,2,8,-6,-1.92,+0.16,Matches
298,Lucas Hernández\Lucas-Hernandez,fr FRA,DF,es Atlético Madrid,21,1996,3,270,90,50.0,3.0,3,,3,0,,3,1.33,4,3,+1,+0.33,+0.33,Matches
299,Theo Hernández\Theo-Hernandez,fr FRA,DF,es Real Madrid,19,1997,3,131,44,11.2,1.5,1,,1,2,,9,2.00,3,2,+1,+0.69,-0.70,Matches
300,Ander Herrera\Ander-Herrera,es ESP,MF,eng Manchester Utd,27,1989,6,376,63,52.2,4.2,5,,3,1,,0,2.17,8,3,+5,+1.20,+0.41,Matches
301,Héctor Herrera\Hector-Herrera,mx MEX,MF,pt Porto,27,1990,6,531,89,73.8,5.9,6,,4,0,,1,1.67,14,12,+2,+0.34,+1.29,Matches
302,Son Heung-min\Son-Heung-min,kr KOR,MFFW,eng Tottenham,25,1992,7,426,61,59.2,4.7,5,,3,2,,1,2.00,11,4,+7,+1.48,+0.56,Matches
303,Gonzalo Higuaín\Gonzalo-Higuain,ar ARG,FW,it Juventus,29,1987,10,830,83,92.2,9.2,9,,6,1,,0,1.80,14,11,+3,+0.33,+1.61,Matches
304,Dino Hotić\Dino-Hotic,ba BIH,MF,si NK Maribor,22,1995,5,151,30,28.0,1.7,1,,0,4,,1,1.20,1,6,-5,-2.98,-1.13,Matches
305,Callum Hudson-Odoi\Callum-Hudson-Odoi,eng ENG,FWMF,eng Chelsea,16,2000,0,,,,,0,,0,0,,1,,,,,,,Matches
306,Mats Hummels\Mats-Hummels,de GER,DF,de Bayern Munich,28,1988,9,679,75,62.9,7.5,8,,7,1,,3,2.22,18,6,+12,+1.59,+1.14,Matches
307,Abbas Huseynov\Abbas-Huseynov,az AZE,DF,az Qarabağ FK,22,1995,0,,,,,0,,0,0,,1,,,,,,,Matches
308,Badavi Huseynov\Badavi-Huseynov,az AZE,DF,az Qarabağ FK,26,1991,3,270,90,50.0,3.0,3,,3,0,,0,1.56,1,8,-7,-2.33,-0.67,Matches
309,Atiba Hutchinson\Atiba-Hutchinson,ca CAN,MF,tr Beşiktaş,34,1983,7,563,80,78.2,6.3,6,,5,1,,0,1.57,9,10,-1,-0.16,-0.16,Matches
310,Elseid Hysaj\Elseid-Hysaj,al ALB,DF,it Napoli,23,1994,6,520,87,96.3,5.8,6,,5,0,,0,1.50,10,11,-1,-0.17,-4.67,Matches
311,Zlatan Ibrahimović\Zlatan-Ibrahimovic,se SWE,FW,eng Manchester Utd,35,1981,1,16,16,2.2,0.2,0,,0,1,,0,0.00,0,1,-1,-5.63,-6.78,Matches
312,Sergei Ignashevich\Sergei-Ignashevich,ru RUS,DF,ru CSKA Moscow,38,1979,4,316,79,58.5,3.5,4,,3,0,,2,1.50,4,7,-3,-0.85,-1.26,Matches
313,Stefan Ilsanker\Stefan-Ilsanker,at AUT,DFMF,de RB Leipzig,28,1989,3,262,87,48.5,2.9,3,,2,0,,0,0.33,1,4,-3,-1.03,-1.68,Matches
314,Danny Ings\Danny-Ings,eng ENG,FW,eng Liverpool,25,1992,4,54,14,4.6,0.6,0,,0,4,,2,2.50,1,2,-1,-1.67,-3.76,Matches
315,Andrés Iniesta\Andres-Iniesta,es ESP,MF,es Barcelona,33,1984,8,624,78,69.3,6.9,8,,0,0,,0,2.13,13,4,+9,+1.30,+0.65,Matches
316,Lorenzo Insigne\Lorenzo-Insigne,it ITA,FW,it Napoli,26,1991,5,391,78,72.4,4.3,5,,3,0,,0,1.71,7,9,-2,-0.46,-1.67,Matches
317,Alexander Isak\Alexander-Isak,se SWE,FW,de Dortmund,17,1999,1,8,8,1.5,0.1,0,,0,1,,3,1.00,0,0,0,0.00,+1.02,Matches
318,Isco\Isco,es ESP,MFFW,es Real Madrid,25,1992,11,736,67,62.9,8.2,10,,1,1,,1,2.27,15,13,+2,+0.24,-2.87,Matches
319,Ismaily\Ismaily,br BRA,DF,ua Shakhtar,27,1990,8,694,87,96.4,7.7,8,,7,0,,0,1.88,11,10,+1,+0.13,+3.59,Matches
320,Afran Ismayilov\Afran-Ismayilov,az AZE,MFFW,az Qarabağ FK,28,1988,2,76,38,14.1,0.8,1,,0,1,,3,1.75,0,1,-1,-1.18,+0.95,Matches
321,Cedric Itten\Cedric-Itten,ch SUI,FWMF,ch Basel,20,1996,1,6,6,0.8,0.1,0,,0,1,,4,0.00,0,0,0,0.00,-0.38,Matches
322,Jardel\Jardel,br BRA,DF,pt Benfica,31,1986,4,360,90,66.7,4.0,4,,4,0,,0,0.00,0,11,-11,-2.75,-1.75,Matches
323,Jemerson\Jemerson,br BRA,DF,fr Monaco,24,1992,6,540,90,100.0,6.0,6,,6,0,,0,0.33,6,16,-10,-1.67,,Matches
324,Gabriel Jesus\Gabriel-Jesus,br BRA,FW,eng Manchester City,20,1997,9,618,69,68.7,6.9,7,,5,2,,0,1.67,12,10,+2,+0.29,-1.62,Matches
325,Juan Jesus\Juan-Jesus,br BRA,DF,it Roma,26,1991,6,517,86,47.9,5.7,6,,5,0,,6,1.83,11,8,+3,+0.52,+0.68,Matches
326,Raúl Jiménez\Raul-Jimenez,mx MEX,FW,pt Benfica,26,1991,5,308,62,57.0,3.4,3,,2,2,,1,0.00,0,8,-8,-2.34,-0.40,Matches
327,Jonas\Jonas,br BRA,FW,pt Benfica,33,1984,6,287,48,53.1,3.2,3,,1,3,,0,0.00,1,7,-6,-1.88,+0.61,Matches
328,Brad Jones\Brad-Jones,au AUS,GK,nl Feyenoord,35,1982,5,450,90,83.3,5.0,5,,5,0,,1,0.00,3,13,-10,-2.00,-3.00,Matches
329,Phil Jones\Phil-Jones,eng ENG,DFMF,eng Manchester Utd,25,1992,0,,,,,0,,0,0,,1,,,,,,,Matches
330,Jorge\Jorge,br BRA,DF,fr Monaco,21,1996,4,360,90,66.7,4.0,4,,4,0,,2,0.50,3,9,-6,-1.50,+0.50,Matches
331,Jorginho\Jorginho,it ITA,MF,it Napoli,25,1991,2,162,81,30.0,1.8,2,,0,0,,4,2.25,5,3,+2,+1.11,+1.59,Matches
332,Stevan Jovetić\Stevan-Jovetic,me MNE,FWMF,fr Monaco,27,1989,1,64,64,11.9,0.7,0,,0,1,,2,1.00,1,1,0,0.00,+1.89,Matches
333,Juanfran\Juanfran,es ESP,DF,es Atlético Madrid,32,1985,3,270,90,50.0,3.0,3,,3,0,,0,0.67,2,3,-1,-0.33,-1.00,Matches
334,Nicolai Jørgensen\Nicolai-Jorgensen,dk DEN,FW,nl Feyenoord,26,1991,4,258,65,47.8,2.9,3,,1,1,,0,0.75,4,7,-3,-1.05,+0.87,Matches
335,Marwan Kabha\Marwan-Kabha,il ISR,MF,si NK Maribor,26,1991,6,524,87,97.0,5.8,6,,5,0,,0,1.33,3,15,-12,-2.06,+3.56,Matches
336,Shinji Kagawa\Shinji-Kagawa,jp JPN,MFFW,de Dortmund,28,1989,5,402,80,74.4,4.5,5,,2,0,,1,0.40,6,9,-3,-0.67,+1.28,Matches
337,Dominik Kaiser\Dominik-Kaiser,de GER,MF,de RB Leipzig,28,1988,1,16,16,3.0,0.2,0,,0,1,,1,0.00,1,1,0,0.00,+0.17,Matches
338,Yves Kaiser\Yves-Kaiser,ch SUI,DF,ch Basel,19,1998,0,,,,,0,,0,0,,1,,,,,,,Matches
339,Kevin Kampl\Kevin-Kampl,si SVN,MF,de RB Leipzig,26,1990,6,415,69,76.9,4.6,4,,3,2,,0,1.17,8,7,+1,+0.22,+1.66,Matches
340,Harry Kane\Harry-Kane,eng ENG,FW,eng Tottenham,24,1993,7,597,85,82.9,6.6,7,,3,0,,0,2.00,15,7,+8,+1.21,-0.26,Matches
341,Anton Kanibolotskiy\Anton-Kanibolotskiy,ua UKR,GK,az Qarabağ FK,29,1988,0,,,,,0,,0,0,,6,,,,,,,Matches
342,N'Golo Kanté\NGolo-Kante,fr FRA,MF,eng Chelsea,26,1991,6,498,83,69.2,5.5,6,,4,0,,0,1.83,10,6,+4,+0.72,+0.32,Matches
343,Stefanos Kapino\Stefanos-Kapino,gr GRE,GK,gr Olympiacos,23,1994,1,90,90,16.7,1.0,1,,1,0,,3,2.00,2,3,-1,-1.00,+0.60,Matches
344,Loris Karius\Loris-Karius,de GER,GK,eng Liverpool,24,1993,13,1170,90,100.0,13.0,13,,13,0,,0,1.92,41,16,+25,+1.92,,Matches
345,Naby Keïta\Naby-Keita,gn GUI,MF,de RB Leipzig,22,1995,5,419,84,77.6,4.7,5,,4,0,,0,1.20,9,10,-1,-0.21,-0.21,Matches
346,Kenedy\Kenedy,br BRA,FWMF,eng Chelsea,21,1996,0,,,,,0,,0,0,,2,,,,,,,Matches
347,Sami Khedira\Sami-Khedira,de GER,MFFW,it Juventus,30,1987,8,633,79,70.3,7.0,8,,4,0,,1,1.88,10,8,+2,+0.28,+0.28,Matches
348,Davit Khocholava\Davit-Khocholava,ge GEO,DF,ua Shakhtar,24,1993,4,104,26,14.4,1.2,1,,1,3,,3,3.00,3,2,+1,+0.87,+1.01,Matches
349,Khetag Khosonov\Khetag-Khosonov,ru RUS,MF,ru CSKA Moscow,19,1998,1,1,1,0.2,0.0,0,,0,1,,0,0.00,0,0,0,0.00,+0.33,Matches
350,Joshua Kimmich\Joshua-Kimmich,de GER,DF,de Bayern Munich,22,1995,11,897,82,83.1,10.0,10,,9,1,,1,2.09,21,10,+11,+1.10,-0.37,Matches
351,Presnel Kimpembe\Presnel-Kimpembe,fr FRA,DF,fr Paris S-G,21,1995,3,198,66,27.5,2.2,2,,2,1,,5,1.00,5,3,+2,+0.91,-1.85,Matches
352,Simon Kjær\Simon-Kjaer,dk DEN,DF,es Sevilla,28,1989,6,540,90,60.0,6.0,6,,6,0,,0,1.33,9,12,-3,-0.50,-1.25,Matches
353,Ragnar Klavan\Ragnar-Klavan,ee EST,DF,eng Liverpool,31,1985,7,296,42,25.3,3.3,3,,3,4,,4,2.13,13,5,+8,+2.43,+0.68,Matches
354,Lukas Klostermann\Lukas-Klostermann,de GER,DF,de RB Leipzig,21,1996,6,462,77,85.6,5.1,4,,4,2,,0,1.17,10,9,+1,+0.19,+2.50,Matches
355,Koke\Koke,es ESP,MF,es Atlético Madrid,25,1992,4,333,83,61.7,3.7,4,,3,0,,0,1.25,2,3,-1,-0.27,-1.14,Matches
356,Aleksandar Kolarov\Aleksandar-Kolarov,rs SRB,DFMF,it Roma,31,1985,12,1080,90,100.0,12.0,12,,12,0,,0,1.67,21,19,+2,+0.17,,Matches
357,Dmitri Kombarov\Dmitri-Kombarov,ru RUS,DFMF,ru Spartak Moscow,30,1987,4,360,90,66.7,4.0,4,,3,0,,0,1.25,8,5,+3,+0.75,+4.25,Matches
358,Vincent Kompany\Vincent-Kompany,be BEL,DF,eng Manchester City,31,1986,2,180,90,20.0,2.0,2,,2,0,,1,1.50,4,3,+1,+0.50,-0.38,Matches
359,Ibrahima Konaté\Ibrahima-Konate,fr FRA,DF,de RB Leipzig,18,1999,0,,,,,0,,0,0,,4,,,,,,,Matches
360,Terence Kongolo\Terence-Kongolo,nl NED,DF,fr Monaco,23,1994,1,90,90,16.7,1.0,1,,1,0,,1,0.00,2,5,-3,-3.00,-1.60,Matches
361,Eboue Kouassi\Eboue-Kouassi,ci CIV,MF,sco Celtic,19,1997,1,21,21,3.9,0.2,0,,0,1,,0,0.00,0,3,-3,-12.86,-11.12,Matches
362,Kalidou Koulibaly\Kalidou-Koulibaly,sn SEN,DF,it Napoli,26,1991,5,450,90,83.3,5.0,5,,5,0,,0,1.29,8,11,-3,-0.60,-3.60,Matches
363,Leonardo Koutris\Leonardo-Koutris,gr GRE,DF,gr Olympiacos,22,1995,5,450,90,83.3,5.0,5,,5,0,,1,1.22,2,10,-8,-1.60,-0.60,Matches
364,Mateo Kovačić\Mateo-Kovacic,hr CRO,MF,es Real Madrid,23,1994,7,257,37,22.0,2.9,4,,0,3,,2,2.29,7,5,+2,+0.70,-0.78,Matches
365,Viktor Kovalenko\Viktor-Kovalenko,ua UKR,MF,ua Shakhtar,21,1996,5,41,8,5.7,0.5,0,,0,5,,3,2.40,0,1,-1,-2.20,-2.33,Matches
366,Martin Kramarič\Martin-Kramaric,si SVN,MF,si NK Maribor,19,1997,3,98,33,18.1,1.1,1,,0,2,,2,0.33,1,6,-5,-4.59,-2.96,Matches
367,Michiel Kramer\Michiel-Kramer,nl NED,FW,nl Feyenoord,28,1988,2,85,43,15.7,0.9,1,,0,1,,3,0.00,0,4,-4,-4.24,-3.25,Matches
368,Michael Krohn-Dehli\Michael-Krohn-Dehli,dk DEN,MF,es Sevilla,34,1983,3,140,47,15.6,1.6,2,,0,1,,2,1.75,1,5,-4,-2.57,-3.05,Matches
369,Toni Kroos\Toni-Kroos,de GER,MF,es Real Madrid,27,1990,12,952,79,81.4,10.6,10,,9,2,,0,2.17,28,13,+15,+1.42,+0.59,Matches
370,Serhiy Kryvtsov\Serhiy-Kryvtsov,ua UKR,DF,ua Shakhtar,26,1991,1,45,45,6.3,0.5,1,,0,0,,0,3.00,0,1,-1,-2.00,-2.13,Matches
371,Konstantin Kuchayev\Konstantin-Kuchayev,ru RUS,MFFW,ru CSKA Moscow,19,1998,6,222,37,41.1,2.5,2,,1,4,,0,1.50,4,4,0,0.00,+0.57,Matches
372,Oleh Kudryk\Oleh-Kudryk,ua UKR,GK,ua Shakhtar,20,1996,0,,,,,0,,0,0,,1,,,,,,,Matches
373,Sven Kums\Sven-Kums,be BEL,MFDF,be Anderlecht,29,1988,5,338,68,62.6,3.8,5,,3,0,,0,0.60,2,9,-7,-1.86,+1.70,Matches
374,Layvin Kurzawa\Layvin-Kurzawa,fr FRA,DF,fr Paris S-G,24,1992,6,540,90,75.0,6.0,6,,6,0,,0,2.50,25,4,+21,+3.50,+5.00,Matches
375,Ilya Kutepov\Ilya-Kutepov,ru RUS,DF,ru Spartak Moscow,24,1993,3,270,90,50.0,3.0,3,,3,0,,3,1.00,3,3,0,0.00,+1.33,Matches
376,Léo Lacroix\Leo-Lacroix,ch SUI,DF,ch Basel,25,1992,2,180,90,25.0,2.0,2,,2,0,,0,1.50,2,5,-3,-1.50,-2.50,Matches
377,Roberto Lago\Roberto-Lago,es ESP,DF,cy APOEL FC,31,1985,5,450,90,83.3,5.0,5,,5,0,,0,1.27,1,16,-15,-3.00,-3.00,Matches
378,Konrad Laimer\Konrad-Laimer,at AUT,DFMF,de RB Leipzig,20,1997,1,11,11,2.0,0.1,0,,0,1,,5,3.00,0,0,0,0.00,+0.17,Matches
379,Adam Lallana\Adam-Lallana,eng ENG,FW,eng Liverpool,29,1988,2,149,75,12.7,1.7,1,,1,1,,1,0.50,1,3,-2,-1.21,-3.59,Matches
380,Érik Lamela\Erik-Lamela,ar ARG,MF,eng Tottenham,25,1992,2,105,53,14.6,1.2,1,,0,1,,0,0.50,2,2,0,0.00,-1.46,Matches
381,Michael Lang\Michael-Lang,ch SUI,MF,ch Basel,26,1991,8,720,90,100.0,8.0,8,,8,0,,0,1.88,13,10,+3,+0.37,,Matches
382,Aymeric Laporte\Aymeric-Laporte,fr FRA,DF,eng Manchester City,23,1994,3,270,90,30.0,3.0,3,,3,0,,1,0.00,2,7,-5,-1.67,-3.52,Matches
383,Sam Larsson\Sam-Larsson,se SWE,FW,nl Feyenoord,24,1993,6,157,26,29.1,1.7,1,,1,5,,0,0.50,2,1,+1,+0.57,+2.92,Matches
384,Miguel Layún\Miguel-Layun,mx MEX,DF,pt Porto,29,1988,2,109,55,15.1,1.2,1,,1,1,,3,1.50,3,3,0,0.00,0.00,Matches
385,Thomas Lemar\Thomas-Lemar,fr FRA,MF,fr Monaco,21,1995,3,179,60,33.1,2.0,3,,1,0,,0,0.33,1,3,-2,-1.01,+0.99,Matches
386,Clément Lenglet\Clement-Lenglet,fr FRA,DF,es Sevilla,22,1995,9,810,90,90.0,9.0,9,,9,0,,0,1.55,13,13,0,0.00,0.00,Matches
387,Jeremain Lens\Jeremain-Lens,nl NED,MF,tr Beşiktaş,29,1987,2,150,75,20.8,1.7,2,,1,0,,6,1.50,3,3,0,0.00,+0.16,Matches
388,Robert Lewandowski\Robert-Lewandowski,pl POL,FW,de Bayern Munich,28,1988,11,955,87,88.4,10.6,11,,9,0,,0,2.09,23,11,+12,+1.13,-0.31,Matches
389,Stephan Lichtsteiner\Stephan-Lichtsteiner,ch SUI,DFMF,it Juventus,33,1984,2,102,51,11.3,1.1,0,,0,2,,1,3.00,4,1,+3,+2.65,+2.76,Matches
390,Victor Lindelöf\Victor-Lindelof,se SWE,DF,eng Manchester Utd,23,1994,5,450,90,62.5,5.0,5,,5,0,,3,2.60,10,2,+8,+1.60,+1.60,Matches
391,Jesse Lingard\Jesse-Lingard,eng ENG,MFFW,eng Manchester Utd,24,1992,6,244,41,33.9,2.7,3,,0,3,,2,2.00,2,2,0,0.00,-1.51,Matches
392,Fernando Llorente\Fernando-Llorente,es ESP,FW,eng Tottenham,32,1985,7,225,32,31.3,2.5,2,,1,5,,0,2.29,6,2,+4,+1.60,+0.51,Matches
393,Marcos Llorente\Marcos-Llorente,es ESP,MF,es Real Madrid,22,1995,1,21,21,1.8,0.2,0,,0,1,,3,3.00,1,0,+1,+4.29,+3.03,Matches
394,Hugo Lloris\Hugo-Lloris,fr FRA,GK,eng Tottenham,30,1986,7,630,90,87.5,7.0,7,,7,0,,0,2.00,15,8,+7,+1.00,-2.00,Matches
395,Giovani Lo Celso\Giovani-Lo-Celso,ar ARG,MF,fr Paris S-G,21,1996,7,150,21,20.8,1.7,1,,0,6,,1,2.14,7,2,+5,+3.00,+0.95,Matches
396,Rony Lopes\Rony-Lopes,pt POR,MF,fr Monaco,21,1995,5,301,60,55.7,3.3,3,,1,2,,0,0.20,4,12,-8,-2.39,-1.64,Matches
397,Lisandro López\Lisandro-Lopez,ar ARG,DF,pt Benfica,27,1989,2,179,90,33.1,2.0,2,,1,0,,3,0.00,1,4,-3,-1.51,+0.98,Matches
398,Vágner Love\Vagner-Love,br BRA,FW,tr Beşiktaş,33,1984,2,132,66,18.3,1.5,2,,0,0,,0,0.00,1,4,-3,-2.05,-2.35,Matches
399,Dejan Lovren\Dejan-Lovren,hr CRO,DF,eng Liverpool,28,1989,12,1050,88,89.7,11.7,12,,11,0,,0,2.00,36,16,+20,+1.71,-2.04,Matches
400,Filipe Luís\Filipe-Luis,br BRA,DF,es Atlético Madrid,31,1985,6,540,90,100.0,6.0,6,,6,0,,0,1.17,5,4,+1,+0.17,,Matches
401,Zé Luís\Ze-Luis,cv CPV,FW,ru Spartak Moscow,26,1991,3,159,53,29.4,1.8,2,,1,1,,0,0.33,2,6,-4,-2.26,-2.26,Matches
402,Luisão\Luisao,br BRA,DF,pt Benfica,36,1981,4,360,90,66.7,4.0,4,,3,0,,1,0.00,1,10,-9,-2.25,-0.25,Matches
403,David Luiz\David-Luiz,br BRA,DFMF,eng Chelsea,30,1987,4,327,82,45.4,3.6,4,,3,0,,1,1.75,8,5,+3,+0.83,+0.37,Matches
404,Romelu Lukaku\Romelu-Lukaku,be BEL,FW,eng Manchester Utd,24,1993,8,704,88,97.8,7.8,8,,7,0,,0,2.00,13,5,+8,+1.02,+1.02,Matches
405,Lars Lukas Mai\Lars-Lukas-Mai,de GER,DF,de Bayern Munich,17,2000,0,,,,,0,,0,0,,1,,,,,,,Matches
406,Mikael Lustig\Mikael-Lustig,se SWE,DF,sco Celtic,30,1986,6,463,77,85.7,5.1,6,,5,0,,0,1.33,5,12,-7,-1.36,+5.65,Matches
407,Mahir Madatov\Mahir-Madatov,az AZE,MFFW,az Qarabağ FK,20,1997,5,322,64,59.6,3.6,4,,1,1,,0,1.27,1,8,-7,-1.96,+0.11,Matches
408,Christian Maggio\Christian-Maggio,it ITA,DF,it Napoli,35,1982,4,233,58,43.1,2.6,2,,1,2,,2,0.75,6,5,+1,+0.39,+0.68,Matches
409,Abdul Majeed Waris\Abdul-Majeed-Waris,gh GHA,MF,pt Porto,25,1991,2,96,48,13.3,1.1,1,,0,1,,0,0.50,0,2,-2,-1.87,-2.16,Matches
410,Aleksandr Makarov\Aleksandr-Makarov,ru RUS,MF,ru CSKA Moscow,21,1996,0,,,,,0,,0,0,,1,,,,,,,Matches
411,Andreas Makris\Andreas-Makris,cy CYP,FWMF,cy APOEL FC,21,1995,1,28,28,5.2,0.3,0,,0,1,,1,0.00,0,1,-1,-3.21,-0.75,Matches
412,Aleksandr Maksimenko\Aleksandr-Maksimenko,ru RUS,GK,ru Spartak Moscow,19,1998,0,,,,,0,,0,0,,1,,,,,,,Matches
413,Nikola Maksimović\Nikola-Maksimovic,rs SRB,DF,it Napoli,25,1991,1,90,90,16.7,1.0,1,,1,0,,3,3.00,3,1,+2,+2.00,+2.40,Matches
414,Tyrell Malacia\Tyrell-Malacia,nl NED,DF,nl Feyenoord,17,1999,1,90,90,16.7,1.0,1,,1,0,,0,3.00,2,1,+1,+1.00,+3.00,Matches
415,Mario Mandžukić\Mario-Mandzukic,hr CRO,MFFW,it Juventus,31,1986,6,457,76,50.8,5.1,5,,4,1,,2,1.83,10,6,+4,+0.79,+1.19,Matches
416,Sadio Mané\Sadio-Mane,sn SEN,FW,eng Liverpool,25,1992,11,940,85,80.3,10.4,11,,7,0,,0,1.92,31,14,+17,+1.63,-1.50,Matches
417,Eliaquim Mangala\Eliaquim-Mangala,fr FRA,DF,eng Manchester City,26,1991,2,180,90,20.0,2.0,2,,2,0,,4,1.50,2,2,0,0.00,-1.00,Matches
418,Kostas Manolas\Kostas-Manolas,gr GRE,DF,it Roma,26,1991,11,914,83,84.6,10.2,10,,10,1,,0,1.73,15,16,-1,-0.10,-1.72,Matches
419,Neftali Manzambi\Neftali-Manzambi,ao ANG,MF,ch Basel,20,1997,0,,,,,0,,0,0,,4,,,,,,,Matches
420,Iván Marcano\Ivan-Marcano,es ESP,DF,pt Porto,30,1987,7,630,90,87.5,7.0,7,,7,0,,0,1.43,15,15,0,0.00,0.00,Matches
421,Marcelo\Marcelo,br BRA,DF,es Real Madrid,29,1988,11,958,87,81.9,10.6,11,,10,0,,1,2.09,27,13,+14,+1.32,+0.04,Matches
422,Claudio Marchisio\Claudio-Marchisio,it ITA,MF,it Juventus,31,1986,1,19,19,2.1,0.2,0,,0,1,,6,1.00,0,0,0,0.00,-0.20,Matches
423,Moussa Marega\Moussa-Marega,ml MLI,MFFW,pt Porto,26,1991,6,440,73,61.1,4.9,6,,4,0,,0,1.50,11,12,-1,-0.20,-0.53,Matches
424,José María Giménez\Jose-Maria-Gimenez,uy URU,DF,es Atlético Madrid,22,1995,4,272,68,50.4,3.0,3,,2,1,,1,1.25,3,2,+1,+0.33,+0.33,Matches
425,Leonardo Maria Merio\Leonardo-Maria-Merio,it ITA,MF,it Juventus,18,1999,0,,,,,0,,0,0,,1,,,,,,,Matches
426,Marko Marin\Marko-Marin,de GER,MFFW,gr Olympiacos,28,1989,3,136,45,25.2,1.5,1,,1,2,,2,1.43,2,4,-2,-1.32,+0.24,Matches
427,Marlos\Marlos,ua UKR,MF,ua Shakhtar,29,1988,8,668,84,92.8,7.4,8,,2,0,,0,1.88,11,7,+4,+0.54,+7.46,Matches
428,Marquinhos\Marquinhos,br BRA,DF,fr Paris S-G,23,1994,8,720,90,100.0,8.0,8,,8,0,,0,1.88,27,9,+18,+2.25,,Matches
429,Anthony Martial\Anthony-Martial,fr FRA,MFFW,eng Manchester Utd,21,1995,8,343,43,47.6,3.8,4,,0,4,,0,2.00,8,1,+7,+1.84,+1.60,Matches
430,Javi Martínez\Javi-Martinez,es ESP,MFDF,de Bayern Munich,28,1988,10,740,74,68.5,8.2,8,,6,2,,1,2.00,17,9,+8,+0.97,-0.62,Matches
431,Gelson Martins\Gelson-Martins,pt POR,MF,pt Sporting CP,22,1995,6,462,77,85.6,5.1,5,,3,1,,0,1.38,8,6,+2,+0.39,+3.85,Matches
432,Javier Mascherano\Javier-Mascherano,ar ARG,DF,es Barcelona,33,1984,2,134,67,14.9,1.5,1,,1,1,,2,2.00,2,1,+1,+0.67,-0.50,Matches
433,Conor Masterson\Conor-Masterson,ie IRL,DF,eng Liverpool,18,1998,0,,,,,0,,0,0,,1,,,,,,,Matches
434,Juan Mata\Juan-Mata,es ESP,MFFW,eng Manchester Utd,29,1988,6,411,69,57.1,4.6,5,,1,1,,1,2.17,7,2,+5,+1.09,+0.22,Matches
435,Luís Mata\Luis-Mata,pt POR,DF,pt Porto,20,1997,0,,,,,0,,0,0,,1,,,,,,,Matches
436,Jérémy Mathieu\Jeremy-Mathieu,fr FRA,DF,pt Sporting CP,33,1983,5,437,87,80.9,4.9,5,,4,0,,0,1.43,7,7,0,0.00,+0.87,Matches
437,Nemanja Matić\Nemanja-Matic,rs SRB,MF,eng Manchester Utd,28,1988,7,564,81,78.3,6.3,6,,6,1,,0,1.86,11,4,+7,+1.12,+0.54,Matches
438,Joël Matip\Joel-Matip,cm CMR,DF,eng Liverpool,25,1991,6,465,78,39.7,5.2,5,,5,1,,0,2.25,14,3,+11,+2.13,+0.34,Matches
439,Blaise Matuidi\Blaise-Matuidi,fr FRA,MF,it Juventus,30,1987,9,494,55,54.9,5.5,5,,4,4,,0,1.89,9,6,+3,+0.55,+0.77,Matches
440,Borja Mayoral\Borja-Mayoral,es ESP,FW,es Real Madrid,20,1997,4,141,35,12.1,1.6,1,,1,3,,2,2.25,4,2,+2,+1.28,-0.04,Matches
441,Kylian Mbappé\Kylian-Mbappe,fr FRA,FW,fr Paris S-G,18,1998,8,658,82,91.4,7.3,8,,3,0,,0,1.88,22,9,+13,+1.78,-5.48,Matches
442,Kara Mbodji\Kara-Mbodji,sn SEN,DF,be Anderlecht,27,1989,5,391,78,72.4,4.3,4,,3,1,,0,0.60,2,13,-11,-2.53,-0.12,Matches
443,Callum McGregor\Callum-McGregor,sco SCO,MF,sco Celtic,24,1993,4,295,74,54.6,3.3,3,,3,1,,2,1.50,3,10,-7,-2.14,+0.07,Matches
444,Scott McTominay\Scott-McTominay,sco SCO,MF,eng Manchester Utd,20,1996,4,203,51,28.2,2.3,2,,2,2,,3,2.50,2,0,+2,+0.89,-0.16,Matches
445,Gary Medel\Gary-Medel,cl CHI,MFDF,tr Beşiktaş,29,1987,8,431,54,59.9,4.8,4,,2,4,,0,1.75,6,8,-2,-0.42,-0.73,Matches
446,Maksim Medvedev\Maksim-Medvedev,az AZE,DF,az Qarabağ FK,27,1989,6,521,87,96.5,5.8,6,,5,0,,0,1.25,2,14,-12,-2.07,-2.07,Matches
447,Soualiho Meïté\Soualiho-Meite,fr FRA,MF,fr Monaco,23,1994,1,66,66,12.2,0.7,1,,0,0,,2,0.00,1,4,-3,-4.09,-2.76,Matches
448,Lorenzo Melgarejo\Lorenzo-Melgarejo,py PAR,MF,ru Spartak Moscow,26,1990,6,209,35,38.7,2.3,1,,0,5,,0,1.00,5,6,-1,-0.43,+0.39,Matches
449,Benjamin Mendy\Benjamin-Mendy,fr FRA,DF,eng Manchester City,23,1994,1,90,90,10.0,1.0,1,,1,0,,0,3.00,4,0,+4,+4.00,+3.56,Matches
450,Gabriel Mercado\Gabriel-Mercado,ar ARG,DF,es Sevilla,30,1987,8,693,87,77.0,7.7,8,,6,0,,1,1.50,10,13,-3,-0.39,-1.69,Matches
451,Giorgos Merkis\Giorgos-Merkis,cy CYP,DF,cy APOEL FC,33,1984,2,180,90,33.3,2.0,2,,2,0,,4,1.71,2,2,0,0.00,+3.75,Matches
452,Dries Mertens\Dries-Mertens,be BEL,FW,it Napoli,30,1987,6,480,80,88.9,5.3,5,,5,1,,0,1.50,11,9,+2,+0.37,+3.37,Matches
453,Roque Mesa\Roque-Mesa,es ESP,MF,es Sevilla,28,1989,0,,,,,0,,0,0,,1,,,,,,,Matches
454,Jasmin Mešanović\Jasmin-Mesanovic,ba BIH,FW,si NK Maribor,25,1992,5,98,20,18.1,1.1,1,,0,4,,0,1.00,2,3,-1,-0.92,+1.53,Matches
455,Lionel Messi\Lionel-Messi,ar ARG,FW,es Barcelona,30,1987,10,783,78,87.0,8.7,8,,8,2,,0,2.10,16,6,+10,+1.15,+0.38,Matches
456,Thomas Meunier\Thomas-Meunier,be BEL,DFMF,fr Paris S-G,25,1991,1,24,24,3.3,0.3,0,,0,1,,7,0.00,0,2,-2,-7.50,-10.09,Matches
457,Míchel\Michel,es ESP,MF,az Qarabağ FK,31,1985,6,533,89,98.7,5.9,6,,3,0,,0,1.25,2,14,-12,-2.03,-2.03,Matches
458,Simon Mignolet\Simon-Mignolet,be BEL,GK,eng Liverpool,29,1988,0,,,,,0,,0,0,,13,,,,,,,Matches
459,Georgi Milanov\Georgi-Milanov,bg BUL,MF,ru CSKA Moscow,25,1992,3,88,29,16.3,1.0,1,,0,2,,1,2.00,1,1,0,0.00,+0.40,Matches
460,Zhivko Milanov\Zhivko-Milanov,bg BUL,DF,cy APOEL FC,33,1984,0,,,,,0,,0,0,,1,,,,,,,Matches
461,Martin Milec\Martin-Milec,si SVN,DF,si NK Maribor,25,1991,6,540,90,100.0,6.0,6,,6,0,,0,0.75,3,16,-13,-2.17,,Matches
462,Arkadiusz Milik\Arkadiusz-Milik,pl POL,FW,it Napoli,23,1994,1,90,90,16.7,1.0,1,,1,0,,0,1.50,1,2,-1,-1.00,-1.20,Matches
463,James Milner\James-Milner,eng ENG,MF,eng Liverpool,31,1986,11,875,80,74.8,9.7,9,,8,2,,2,2.23,32,11,+21,+2.16,+0.94,Matches
464,Matej Mitrović\Matej-Mitrovic,hr CRO,DF,tr Beşiktaş,23,1993,2,105,53,14.6,1.2,1,,1,1,,4,2.00,2,1,+1,+0.86,+1.15,Matches
465,Henrikh Mkhitaryan\Henrikh-Mkhitaryan,am ARM,MF,eng Manchester Utd,28,1989,4,284,71,39.4,3.2,3,,1,1,,0,3.00,9,0,+9,+2.85,+3.06,Matches
466,Luka Modrić\Luka-Modric,hr CRO,MF,es Real Madrid,31,1985,11,958,87,81.9,10.6,11,,7,0,,2,2.09,27,13,+14,+1.32,+0.04,Matches
467,Moha\Moha,es ESP,GK,es Real Madrid,17,2000,0,,,,,0,,0,0,,2,,,,,,,Matches
468,Nuno Morais\Nuno-Morais,pt POR,MF,cy APOEL FC,33,1984,6,510,85,94.4,5.7,6,,4,0,,0,1.25,2,17,-15,-2.65,-2.65,Matches
469,Álvaro Morata\Alvaro-Morata,es ESP,FW,eng Chelsea,24,1992,7,383,55,53.2,4.3,4,,1,3,,1,1.29,7,8,-1,-0.23,-1.84,Matches
470,Alberto Moreno\Alberto-Moreno,es ESP,DF,eng Liverpool,25,1992,8,563,70,48.1,6.3,7,,5,1,,5,2.20,19,5,+14,+2.24,+0.61,Matches
471,Héctor Moreno\Hector-Moreno,mx MEX,DF,it Roma,29,1988,0,,,,,0,,0,0,,4,,,,,,,Matches
472,Victor Moses\Victor-Moses,ng NGA,MFDF,eng Chelsea,26,1990,4,337,84,46.8,3.7,4,,3,0,,1,1.25,4,6,-2,-0.53,-2.18,Matches
473,Thiago Motta\Thiago-Motta,it ITA,MF,fr Paris S-G,34,1982,4,306,77,42.5,3.4,4,,1,0,,0,2.25,11,1,+10,+2.94,+1.20,Matches
474,Lucas Moura\Lucas-Moura,br BRA,FWMF,eng Tottenham,24,1992,1,1,1,0.1,0.0,0,,0,1,,1,1.00,0,0,0,0.00,-1.25,Matches
475,Lucas Moura\Lucas-Moura,br BRA,FWMF,fr Paris S-G,24,1992,0,,,,,0,,0,0,,2,,,,,,,Matches
476,João Moutinho\Joao-Moutinho,pt POR,MF,fr Monaco,30,1986,6,467,78,86.5,5.2,5,,4,1,,0,0.33,5,12,-7,-1.35,+2.35,Matches
477,Thomas Müller\Thomas-Muller,de GER,MFFW,de Bayern Munich,27,1989,10,734,73,68.0,8.2,8,,7,2,,0,2.00,18,9,+9,+1.10,-0.20,Matches
478,Simone Muratore\Simone-Muratore,it ITA,MF,it Juventus,19,1998,0,,,,,0,,0,0,,1,,,,,,,Matches
479,Luis Muriel\Luis-Muriel,co COL,FW,es Sevilla,26,1991,8,252,32,28.0,2.8,2,,0,6,,2,1.00,2,1,+1,+0.36,+0.50,Matches
480,Yvon Mvogo\Yvon-Mvogo,ch SUI,GK,de RB Leipzig,23,1994,0,,,,,0,,0,0,,6,,,,,,,Matches
481,Kévin N'Doram\Kevin-NDoram,fr FRA,MF,fr Monaco,21,1996,1,90,90,16.7,1.0,1,,1,0,,2,0.00,2,5,-3,-3.00,-1.60,Matches
482,Georges-Kévin N'Koudou\Georges-Kevin-NKoudou,fr FRA,MF,eng Tottenham,22,1995,2,105,53,14.6,1.2,1,,1,1,,0,3.00,3,0,+3,+2.57,+1.55,Matches
483,Kirill Nababkin\Kirill-Nababkin,ru RUS,MF,ru CSKA Moscow,30,1986,2,130,65,24.1,1.4,1,,0,1,,3,1.50,2,2,0,0.00,+0.44,Matches
484,Ben Nabouhane\Ben-Nabouhane,km COM,FW,gr Olympiacos,28,1989,2,37,19,6.9,0.4,0,,0,2,,0,1.67,0,2,-2,-4.86,-3.61,Matches
485,Nacho\Nacho,es ESP,DF,es Real Madrid,27,1990,8,595,74,50.9,6.6,6,,6,2,,2,2.38,22,8,+14,+2.12,+1.65,Matches
486,Radja Nainggolan\Radja-Nainggolan,be BEL,MF,it Roma,29,1988,11,959,87,88.8,10.7,11,,8,0,,0,1.82,19,15,+4,+0.38,+1.86,Matches
487,Andy Najar\Andy-Najar,hn HON,DF,be Anderlecht,24,1993,1,26,26,4.8,0.3,1,,0,0,,0,0.00,0,1,-1,-3.46,-1.01,Matches
488,Bibras Natkho\Bibras-Natkho,il ISR,MF,ru CSKA Moscow,29,1988,4,237,59,43.9,2.6,2,,1,2,,1,2.63,4,2,+2,+0.76,+1.95,Matches
489,Jesús Navas\Jesus-Navas,es ESP,DFFW,es Sevilla,31,1985,8,426,53,47.3,4.7,4,,3,4,,1,1.40,5,6,-1,-0.21,-0.40,Matches
490,Keylor Navas\Keylor-Navas,cr CRC,GK,es Real Madrid,30,1986,11,990,90,84.6,11.0,11,,11,0,,0,2.36,26,13,+13,+1.18,-0.82,Matches
491,Dino Ndlovu\Dino-Ndlovu,za RSA,FW,az Qarabağ FK,27,1990,5,425,85,78.7,4.7,5,,2,0,,0,1.27,1,13,-12,-2.54,-2.54,Matches
492,Álvaro Negredo\Alvaro-Negredo,es ESP,FW,tr Beşiktaş,31,1985,5,108,22,15.0,1.2,1,,0,4,,3,2.60,2,0,+2,+1.67,+2.11,Matches
493,Miquel Nelom\Miquel-Nelom,nl NED,DF,nl Feyenoord,26,1990,1,90,90,16.7,1.0,1,,1,0,,4,0.00,0,4,-4,-4.00,-3.00,Matches
494,Manuel Neuer\Manuel-Neuer,de GER,GK,de Bayern Munich,31,1986,1,90,90,8.3,1.0,1,,1,0,,0,3.00,3,0,+3,+3.00,+2.00,Matches
495,Neymar\Neymar,br BRA,FW,fr Paris S-G,25,1992,7,630,90,87.5,7.0,7,,7,0,,0,2.14,26,7,+19,+2.71,+3.71,Matches
496,Bart Nieuwkoop\Bart-Nieuwkoop,nl NED,DF,nl Feyenoord,21,1996,4,245,61,45.4,2.7,3,,1,1,,0,0.75,3,7,-4,-1.47,+0.06,Matches
497,Saúl Ñíguez\Saul-Niguez,es ESP,MF,es Atlético Madrid,22,1994,6,540,90,100.0,6.0,6,,6,0,,0,1.17,5,4,+1,+0.17,,Matches
498,Dimitris Nikolaou\Dimitris-Nikolaou,gr GRE,DF,gr Olympiacos,18,1998,3,270,90,50.0,3.0,3,,3,0,,1,0.00,1,7,-6,-2.00,-1.00,Matches
499,Nolito\Nolito,es ESP,FWMF,es Sevilla,30,1986,5,315,63,35.0,3.5,4,,1,1,,4,1.71,7,8,-1,-0.29,-0.44,Matches
500,Olivier Ntcham\Olivier-Ntcham,fr FRA,MFDF,sco Celtic,21,1996,5,383,77,70.9,4.3,4,,3,1,,1,1.11,4,13,-9,-2.11,+0.18,Matches
501,Steven Nzonzi\Steven-Nzonzi,fr FRA,MF,es Sevilla,28,1988,8,676,85,75.1,7.5,8,,7,0,,0,1.70,10,9,+1,+0.13,+0.53,Matches
502,Tashan Oakley-Boothe\Tashan-Oakley-Boothe,eng ENG,MF,eng Tottenham,17,2000,0,,,,,0,,0,0,,1,,,,,,,Matches
503,Dimitri Oberlin\Dimitri-Oberlin,ch SUI,FW,ch Basel,19,1997,8,530,66,73.6,5.9,6,,2,2,,0,1.88,11,7,+4,+0.68,+1.15,Matches
504,Jan Oblak\Jan-Oblak,si SVN,GK,es Atlético Madrid,24,1993,6,540,90,100.0,6.0,6,,6,0,,0,1.17,5,4,+1,+0.17,,Matches
505,Ivan Obradović\Ivan-Obradovic,rs SRB,DF,be Anderlecht,29,1988,3,181,60,33.5,2.0,2,,2,1,,1,1.00,1,5,-4,-1.99,+0.77,Matches
506,Matko Obradović\Matko-Obradovic,hr CRO,GK,si NK Maribor,26,1991,0,,,,,0,,0,0,,5,,,,,,,Matches
507,Vadis Odjidja-Ofoe\Vadis-Odjidja-Ofoe,be BEL,MFFW,gr Olympiacos,28,1989,6,414,69,76.7,4.6,5,,2,1,,0,1.10,3,10,-7,-1.52,-0.09,Matches
508,Mattheus Oliveira\Mattheus-Oliveira,br BRA,FWMF,pt Sporting CP,23,1994,1,1,1,0.2,0.0,0,,0,1,,1,3.00,0,0,0,0.00,+0.17,Matches
509,Sérgio Oliveira\Sergio-Oliveira,pt POR,MF,pt Porto,25,1992,5,352,70,48.9,3.9,4,,2,1,,1,1.00,5,9,-4,-1.02,-2.00,Matches
510,Henry Onyekuru\Henry-Onyekuru,ng NGA,FWMF,be Anderlecht,20,1997,6,405,68,75.0,4.5,4,,3,2,,0,0.50,1,15,-14,-3.11,-2.44,Matches
511,Willi Orban\Willi-Orban,hu HUN,DF,de RB Leipzig,24,1992,6,477,80,88.3,5.3,6,,4,0,,0,1.17,9,10,-1,-0.19,-0.19,Matches
512,Ivan Ordets\Ivan-Ordets,ua UKR,DF,ua Shakhtar,25,1992,8,664,83,92.2,7.4,7,,5,1,,0,1.88,11,10,+1,+0.14,+1.74,Matches
513,Yordan Osorio\Yordan-Osorio,ve VEN,DF,pt Porto,23,1994,0,,,,,0,,0,0,,1,,,,,,,Matches
514,Nicolás Otamendi\Nicolas-Otamendi,ar ARG,DF,eng Manchester City,29,1988,8,720,90,80.0,8.0,8,,8,0,,2,2.25,18,8,+10,+1.25,+2.25,Matches
515,Otávio\Otavio,br BRA,MF,pt Porto,22,1995,2,90,45,12.5,1.0,1,,0,1,,2,0.00,0,3,-3,-3.00,-3.43,Matches
516,Adam Ounas\Adam-Ounas,dz ALG,FWMF,it Napoli,20,1996,3,36,12,6.7,0.4,0,,0,3,,2,0.00,0,2,-2,-5.00,-5.36,Matches
517,Alex Oxlade-Chamberlain\Alex-Oxlade-Chamberlain,eng ENG,MFFW,eng Liverpool,23,1993,7,320,46,27.4,3.6,4,,2,3,,4,2.43,10,2,+8,+2.25,+0.45,Matches
518,Oğuzhan Özyakup\Oguzhan-Ozyakup,tr TUR,MF,tr Beşiktaş,24,1992,7,444,63,61.7,4.9,5,,4,2,,1,2.00,8,6,+2,+0.41,+1.38,Matches
519,Gonçalo Paciência\Goncalo-Paciencia,pt POR,FW,pt Porto,22,1994,2,26,13,3.6,0.3,0,,0,2,,0,0.50,0,1,-1,-3.46,-3.59,Matches
520,Matej Palčič\Matej-Palcic,si SVN,DF,si NK Maribor,24,1993,0,,,,,0,,0,0,,6,,,,,,,Matches
521,João Palhinha\Joao-Palhinha,pt POR,MF,pt Sporting CP,22,1995,2,40,20,7.4,0.4,0,,0,2,,2,0.50,0,2,-2,-4.50,-4.68,Matches
522,Emerson Palmieri\Emerson-Palmieri,it ITA,DF,eng Chelsea,22,1994,0,,,,,0,,0,0,,1,,,,,,,Matches
523,Sokratis Papastathopoulos\Sokratis-Papastathopoulos,gr GRE,DF,de Dortmund,29,1988,5,450,90,83.3,5.0,5,,5,0,,0,0.40,6,11,-5,-1.00,0.00,Matches
524,Felipe Pardo\Felipe-Pardo,co COL,MFFW,gr Olympiacos,26,1990,6,300,50,55.6,3.3,3,,2,3,,0,0.88,4,6,-2,-0.60,+2.03,Matches
525,Nicolás Pareja\Nicolas-Pareja,ar ARG,DF,es Sevilla,33,1984,2,180,90,20.0,2.0,2,,2,0,,2,2.00,5,2,+3,+1.50,+1.87,Matches
526,Thomas Partey\Thomas-Partey,gh GHA,MFDF,es Atlético Madrid,24,1993,6,435,73,80.6,4.8,5,,3,1,,0,1.17,5,3,+2,+0.41,+1.27,Matches
527,Mario Pašalić\Mario-Pasalic,hr CRO,MF,ru Spartak Moscow,22,1995,6,353,59,65.4,3.9,4,,2,2,,0,1.00,6,5,+1,+0.25,+2.66,Matches
528,Javier Pastore\Javier-Pastore,ar ARG,MF,fr Paris S-G,28,1989,3,68,23,9.4,0.8,0,,0,3,,3,2.00,5,1,+4,+5.29,+3.36,Matches
529,Rui Patrício\Rui-Patricio,pt POR,GK,pt Sporting CP,29,1988,6,540,90,100.0,6.0,6,,6,0,,0,1.38,8,9,-1,-0.17,,Matches
530,Alan Patrick\Alan-Patrick,br BRA,MF,ua Shakhtar,26,1991,3,54,18,7.5,0.6,0,,0,3,,5,1.00,0,2,-2,-3.33,-3.60,Matches
531,Paulinho\Paulinho,br BRA,MF,es Barcelona,29,1988,9,401,45,44.6,4.5,4,,2,5,,1,2.33,6,3,+3,+0.67,-0.77,Matches
532,Pedro\Pedro,es ESP,FWMF,eng Chelsea,30,1987,7,388,55,53.9,4.3,4,,2,3,,1,1.29,10,6,+4,+0.93,+0.66,Matches
533,Mustafa Pektemek\Mustafa-Pektemek,tr TUR,MF,tr Beşiktaş,28,1988,2,158,79,21.9,1.8,2,,1,0,,2,1.50,2,3,-1,-0.57,-0.57,Matches
534,Lorenzo Pellegrini\Lorenzo-Pellegrini,it ITA,MF,it Roma,21,1996,8,296,37,27.4,3.3,4,,0,4,,4,1.75,4,7,-3,-0.91,-1.49,Matches
535,Pepe\Pepe,pt POR,DF,tr Beşiktaş,34,1983,6,540,90,75.0,6.0,6,,6,0,,0,1.83,9,9,0,0.00,+0.50,Matches
536,Danilo Pereira\Danilo-Pereira,pt POR,MF,pt Porto,25,1991,6,532,89,73.9,5.9,6,,5,0,,0,1.67,15,9,+6,+1.02,+3.89,Matches
537,Maxi Pereira\Maxi-Pereira,uy URU,DF,pt Porto,33,1984,3,198,66,27.5,2.2,2,,2,1,,3,1.67,2,1,+1,+0.45,+0.63,Matches
538,Ricardo Pereira\Ricardo-Pereira,pt POR,DFMF,pt Porto,23,1993,7,552,79,76.7,6.1,6,,5,1,,1,1.57,13,12,+1,+0.16,+0.70,Matches
539,Bruno Peres\Bruno-Peres,br BRA,DF,it Roma,27,1990,6,462,77,42.8,5.1,5,,4,1,,4,0.83,6,9,-3,-0.58,-1.31,Matches
540,Nauzet Pérez\Nauzet-Perez,es ESP,GK,cy APOEL FC,32,1985,3,270,90,50.0,3.0,3,,3,0,,0,0.33,1,10,-9,-3.00,-1.00,Matches
541,Diego Perotti\Diego-Perotti,ar ARG,FWMF,it Roma,29,1988,9,729,81,67.5,8.1,8,,5,1,,0,1.22,12,12,0,0.00,-0.51,Matches
542,Marko Petković\Marko-Petkovic,rs SRB,DF,ru Spartak Moscow,24,1992,2,83,42,15.4,0.9,1,,0,1,,3,0.50,0,0,0,0.00,+0.79,Matches
543,Raoul Petretta\Raoul-Petretta,it ITA,MF,ch Basel,20,1997,5,414,83,57.5,4.6,5,,2,0,,2,2.40,9,2,+7,+1.52,+2.70,Matches
544,Radosav Petrović\Radosav-Petrovic,rs SRB,MF,pt Sporting CP,28,1989,1,1,1,0.2,0.0,0,,0,1,,2,2.00,0,0,0,0.00,+0.17,Matches
545,Ivan Petryak\Ivan-Petryak,ua UKR,MF,ua Shakhtar,23,1994,1,1,1,0.1,0.0,0,,0,1,,4,0.00,0,1,-1,-90.00,-90.13,Matches
546,Maximilian Philipp\Maximilian-Philipp,de GER,MFFW,de Dortmund,23,1994,3,172,57,31.9,1.9,2,,1,1,,2,0.67,2,4,-2,-1.05,-0.07,Matches
547,Cristiano Piccini\Cristiano-Piccini,it ITA,DF,pt Sporting CP,24,1992,5,445,89,82.4,4.9,5,,4,0,,0,1.43,7,7,0,0.00,+0.95,Matches
548,Aleks Pihler\Aleks-Pihler,si SVN,MF,si NK Maribor,23,1994,6,392,65,72.6,4.4,4,,3,2,,0,1.33,3,10,-7,-1.61,+2.04,Matches
549,Carlo Pinsoglio\Carlo-Pinsoglio,it ITA,GK,it Juventus,27,1990,0,,,,,0,,0,0,,1,,,,,,,Matches
550,Gerard Piqué\Gerard-Pique,es ESP,DF,es Barcelona,30,1987,9,736,82,81.8,8.2,9,,7,0,,0,2.22,14,5,+9,+1.10,0.00,Matches
551,Łukasz Piszczek\Lukasz-Piszczek,pl POL,DF,de Dortmund,32,1985,2,180,90,33.3,2.0,2,,2,0,,0,0.00,2,6,-4,-2.00,-1.50,Matches
552,Guido Pizarro\Guido-Pizarro,ar ARG,MF,es Sevilla,27,1990,9,502,56,55.8,5.6,6,,5,3,,1,1.55,9,14,-5,-0.90,-2.03,Matches
553,Pizzi\Pizzi,pt POR,MF,pt Benfica,27,1989,6,480,80,88.9,5.3,6,,3,0,,0,0.00,1,13,-12,-2.25,-0.75,Matches
554,Miralem Pjanić\Miralem-Pjanic,ba BIH,MF,it Juventus,27,1990,8,634,79,70.4,7.0,7,,6,1,,0,1.88,11,9,+2,+0.28,+0.28,Matches
555,Daniel Podence\Daniel-Podence,pt POR,FW,pt Sporting CP,21,1995,0,,,,,0,,0,0,,4,,,,,,,Matches
556,Paul Pogba\Paul-Pogba,fr FRA,MF,eng Manchester Utd,24,1993,5,278,56,38.6,3.1,3,,1,2,,0,1.40,3,3,0,0.00,-1.63,Matches
557,Ilya Pomazun\Ilya-Pomazun,ru RUS,GK,ru CSKA Moscow,20,1996,0,,,,,0,,0,0,,6,,,,,,,Matches
558,Ivelin Popov\Ivelin-Popov,bg BUL,MF,ru Spartak Moscow,29,1987,5,242,48,44.8,2.7,3,,0,2,,1,1.20,3,3,0,0.00,+1.21,Matches
559,Mickaël Poté\Mickael-Pote,bj BEN,FW,cy APOEL FC,32,1984,5,312,62,57.8,3.5,3,,1,2,,1,1.14,2,11,-9,-2.60,-0.23,Matches
560,Yussuf Poulsen\Yussuf-Poulsen,dk DEN,FW,de RB Leipzig,23,1994,4,199,50,36.9,2.2,2,,1,2,,2,1.75,5,3,+2,+0.90,+1.70,Matches
561,Quincy Promes\Quincy-Promes,nl NED,MFFW,ru Spartak Moscow,25,1992,5,430,86,79.6,4.8,5,,3,0,,0,1.00,8,10,-2,-0.42,+1.22,Matches
562,Silvio Proto\Silvio-Proto,be BEL,GK,gr Olympiacos,34,1983,5,450,90,83.3,5.0,5,,5,0,,1,0.20,2,10,-8,-1.60,-0.60,Matches
563,Christian Pulisic\Christian-Pulisic,us USA,FWMF,de Dortmund,18,1998,5,374,75,69.3,4.2,4,,4,1,,0,0.40,5,9,-4,-0.96,+0.12,Matches
564,Andriy Pyatov\Andriy-Pyatov,ua UKR,GK,ua Shakhtar,33,1984,8,720,90,100.0,8.0,8,,8,0,,0,1.88,11,11,0,0.00,,Matches
565,Ricardo Quaresma\Ricardo-Quaresma,pt POR,MF,tr Beşiktaş,33,1983,7,613,88,85.1,6.8,7,,5,0,,0,1.57,9,12,-3,-0.44,-2.12,Matches
566,Dani Quintana\Dani-Quintana,es ESP,MF,az Qarabağ FK,30,1987,4,39,10,7.2,0.4,0,,0,4,,0,0.25,0,0,0,0.00,+2.16,Matches
567,Adrien Rabiot\Adrien-Rabiot,fr FRA,MF,fr Paris S-G,22,1995,8,677,85,94.0,7.5,8,,6,0,,0,1.88,24,9,+15,+1.99,-4.28,Matches
568,Rafinha\Rafinha,br BRA,DF,de Bayern Munich,31,1985,8,506,63,46.9,5.6,5,,4,3,,3,2.38,10,4,+6,+1.07,-0.19,Matches
569,Andrea Raggi\Andrea-Raggi,it ITA,DF,fr Monaco,33,1984,2,180,90,33.3,2.0,2,,2,0,,3,0.50,2,5,-3,-1.50,+0.25,Matches
570,Aleksander Rajčević\Aleksander-Rajcevic,si SVN,DF,si NK Maribor,30,1986,4,360,90,66.7,4.0,4,,4,0,,0,1.40,1,14,-13,-3.25,-3.25,Matches
571,Ivan Rakitić\Ivan-Rakitic,hr CRO,MF,es Barcelona,29,1988,10,758,76,84.2,8.4,8,,7,2,,0,2.10,14,6,+8,+0.95,-0.95,Matches
572,Yaroslav Rakitskiy\Yaroslav-Rakitskiy,ua UKR,DF,ua Shakhtar,27,1989,7,615,88,85.4,6.8,7,,6,0,,0,1.71,8,10,-2,-0.29,-2.01,Matches
573,Anthony Ralston\Anthony-Ralston,sco SCO,DF,sco Celtic,18,1998,1,90,90,16.7,1.0,1,,1,0,,0,0.00,0,5,-5,-5.00,-3.40,Matches
574,Aghabala Ramazanov\Aghabala-Ramazanov,az AZE,FW,az Qarabağ FK,24,1993,1,5,5,0.9,0.1,0,,0,1,,0,1.75,0,0,0,0.00,+2.02,Matches
575,Sandro Ramírez\Sandro-Ramirez,es ESP,FW,es Sevilla,22,1995,3,37,12,4.1,0.4,0,,0,3,,0,0.67,0,0,0,0.00,0.00,Matches
576,Sergio Ramos\Sergio-Ramos,es ESP,DF,es Real Madrid,31,1986,11,990,90,84.6,11.0,11,,11,0,,0,2.36,26,13,+13,+1.18,-0.82,Matches
577,Marcus Rashford\Marcus-Rashford,eng ENG,MFFW,eng Manchester Utd,19,1997,8,344,43,47.8,3.8,3,,2,5,,0,2.00,6,5,+1,+0.26,-1.41,Matches
578,Artyom Rebrov\Artyom-Rebrov,ru RUS,GK,ru Spartak Moscow,33,1984,2,158,79,29.3,1.8,2,,1,0,,3,1.00,2,2,0,0.00,+0.94,Matches
579,Pepe Reina\Pepe-Reina,es ESP,GK,it Napoli,34,1982,6,540,90,100.0,6.0,6,,6,0,,0,1.50,11,11,0,0.00,,Matches
580,Diego Reyes\Diego-Reyes,mx MEX,DF,pt Porto,24,1992,6,233,39,32.4,2.6,2,,2,4,,2,1.83,5,7,-2,-0.77,-1.14,Matches
581,Franck Ribéry\Franck-Ribery,fr FRA,MFFW,de Bayern Munich,34,1983,8,574,72,53.1,6.4,7,,3,1,,1,2.13,13,7,+6,+0.94,-0.48,Matches
582,Sergio Rico\Sergio-Rico,es ESP,GK,es Sevilla,23,1993,8,720,90,80.0,8.0,8,,8,0,,2,1.70,14,13,+1,+0.12,+0.62,Matches
583,Stefan Ristovski\Stefan-Ristovski,mk MKD,DF,pt Sporting CP,25,1992,4,144,36,26.7,1.6,2,,0,2,,0,1.75,1,4,-3,-1.87,-2.33,Matches
584,Blas Riveros\Blas-Riveros,py PAR,MF,ch Basel,19,1998,5,287,57,39.9,3.2,3,,2,2,,3,1.80,4,7,-3,-0.94,-2.19,Matches
585,Arjen Robben\Arjen-Robben,nl NED,MFFW,de Bayern Munich,33,1984,9,494,55,45.7,5.5,6,,3,3,,0,2.11,12,1,+11,+2.00,+1.54,Matches
586,Sergi Roberto\Sergi-Roberto,es ESP,MFDF,es Barcelona,25,1992,8,594,74,66.0,6.6,7,,4,1,,1,2.13,11,6,+5,+0.76,-1.01,Matches
587,Patrick Roberts\Patrick-Roberts,eng ENG,MF,sco Celtic,20,1997,3,234,78,43.3,2.6,3,,0,0,,1,1.00,2,6,-4,-1.54,+1.11,Matches
588,Andrew Robertson\Andrew-Robertson,sco SCO,DF,eng Liverpool,23,1994,6,540,90,46.2,6.0,6,,6,0,,2,2.00,18,10,+8,+1.33,-1.10,Matches
589,Pedro Rocha Neves\Pedro-Rocha-Neves,br BRA,FWMF,ru Spartak Moscow,22,1994,1,1,1,0.2,0.0,0,,0,1,,5,1.00,0,0,0,0.00,+0.67,Matches
590,James Rodríguez\James-Rodriguez,co COL,MFFW,de Bayern Munich,26,1991,12,779,65,72.1,8.7,8,,3,4,,0,2.17,17,10,+7,+0.81,-1.28,Matches
591,Marko Rog\Marko-Rog,hr CRO,MF,it Napoli,22,1995,4,75,19,13.9,0.8,0,,0,4,,2,2.00,2,3,-1,-1.20,-1.39,Matches
592,Tom Rogić\Tom-Rogic,au AUS,MFFW,sco Celtic,24,1992,6,294,49,54.4,3.3,2,,1,4,,0,1.33,4,11,-7,-2.14,+0.05,Matches
593,Marcos Rojo\Marcos-Rojo,ar ARG,DF,eng Manchester Utd,27,1990,1,90,90,12.5,1.0,1,,1,0,,0,0.00,0,1,-1,-1.00,-2.29,Matches
594,Alaixys Romao\Alaixys-Romao,tg TOG,MFDF,gr Olympiacos,33,1984,6,540,90,100.0,6.0,6,,6,0,,0,1.10,4,13,-9,-1.50,,Matches
595,Sergio Romero\Sergio-Romero,ar ARG,GK,eng Manchester Utd,30,1987,2,180,90,25.0,2.0,2,,2,0,,6,1.50,2,2,0,0.00,-1.33,Matches
596,Cristiano Ronaldo\Cristiano-Ronaldo,pt POR,FW,es Real Madrid,32,1985,13,1170,90,100.0,13.0,13,,13,0,,0,2.23,33,16,+17,+1.31,,Matches
597,Danny Rose\Danny-Rose,eng ENG,MFDF,eng Tottenham,27,1990,3,170,57,23.6,1.9,2,,1,1,,3,2.33,4,1,+3,+1.59,+0.44,Matches
598,Antonio Rüdiger\Antonio-Rudiger,de GER,DF,eng Chelsea,24,1993,6,388,65,53.9,4.3,4,,4,2,,2,1.33,7,7,0,0.00,-1.36,Matches
599,Sebastian Rudy\Sebastian-Rudy,de GER,MF,de Bayern Munich,27,1990,5,345,69,31.9,3.8,3,,3,2,,6,2.40,9,4,+5,+1.30,+0.20,Matches
600,Jesús Rueda\Jesus-Rueda,es ESP,DF,cy APOEL FC,30,1987,6,540,90,100.0,6.0,6,,6,0,,0,1.09,2,17,-15,-2.50,,Matches
601,Daniele Rugani\Daniele-Rugani,it ITA,DF,it Juventus,23,1994,2,110,55,12.2,1.2,1,,1,1,,7,2.00,1,0,+1,+0.82,+0.70,Matches
602,Mário Rui\Mario-Rui,pt POR,DFMF,it Napoli,26,1991,2,30,15,5.6,0.3,0,,0,2,,0,1.50,0,1,-1,-3.00,-3.18,Matches
603,Alan Ruiz\Alan-Ruiz,ar ARG,FW,pt Sporting CP,23,1993,1,46,46,8.5,0.5,1,,0,0,,3,0.00,0,0,0,0.00,+0.18,Matches
604,Jakub Rzeźniczak\Jakub-Rzezniczak,pl POL,DF,az Qarabağ FK,30,1986,5,379,76,70.2,4.2,4,,4,1,,1,1.36,1,12,-11,-2.61,-2.05,Matches
605,José Sá\Jose-Sa,pt POR,GK,pt Porto,24,1993,5,450,90,62.5,5.0,5,,5,0,,3,1.40,11,12,-1,-0.20,-0.53,Matches
606,Josué Sá\Josue-Sa,pt POR,DF,be Anderlecht,25,1992,3,93,31,17.2,1.0,0,,0,3,,1,1.00,0,5,-5,-4.84,-2.83,Matches
607,Marcel Sabitzer\Marcel-Sabitzer,at AUT,MF,de RB Leipzig,23,1994,5,395,79,73.1,4.4,5,,4,0,,0,1.40,8,8,0,0.00,+0.62,Matches
608,Rashad Sadygov\Rashad-Sadygov,az AZE,DF,az Qarabağ FK,35,1982,5,359,72,66.5,4.0,5,,3,0,,0,1.00,2,6,-4,-1.00,+2.98,Matches
609,Nuri Şahin\Nuri-Sahin,tr TUR,MF,de Dortmund,28,1988,3,215,72,39.8,2.4,3,,1,0,,3,0.00,4,7,-3,-1.26,-0.43,Matches
610,Mohamed Salah\Mohamed-Salah,eg EGY,FW,eng Liverpool,25,1992,13,930,72,79.5,10.3,12,,4,1,,0,2.07,37,10,+27,+2.61,+3.36,Matches
611,Romain Salin\Romain-Salin,fr FRA,GK,pt Sporting CP,33,1984,0,,,,,0,,0,0,,6,,,,,,,Matches
612,Roland Sallai\Roland-Sallai,hu HUN,MFFW,cy APOEL FC,20,1997,6,288,48,53.3,3.2,3,,0,3,,0,0.33,1,11,-10,-3.12,-1.34,Matches
613,Mirko Salvi\Mirko-Salvi,ch SUI,GK,ch Basel,23,1994,0,,,,,0,,0,0,,8,,,,,,,Matches
614,Eduardo Salvio\Eduardo-Salvio,ar ARG,MFFW,pt Benfica,27,1990,5,397,79,73.5,4.4,4,,3,1,,0,0.00,1,10,-9,-2.04,+0.48,Matches
615,Andreas Samaris\Andreas-Samaris,gr GRE,MF,pt Benfica,28,1989,3,179,60,33.1,2.0,2,,1,1,,3,0.00,0,5,-5,-2.51,-0.52,Matches
616,Albert Sambi Lokonga\Albert-Sambi-Lokonga,be BEL,MF,be Anderlecht,17,1999,0,,,,,0,,0,0,,1,,,,,,,Matches
617,Aleksandr Samedov\Aleksandr-Samedov,ru RUS,MF,ru Spartak Moscow,33,1984,4,191,48,35.4,2.1,2,,0,2,,1,1.25,3,4,-1,-0.47,+0.30,Matches
618,Artyom Samsonov\Artyom-Samsonov,ru RUS,MF,ru Spartak Moscow,23,1994,0,,,,,0,,0,0,,2,,,,,,,Matches
619,Aaron Samuel Olanare\Aaron-Samuel-Olanare,ng NGA,FW,ru CSKA Moscow,23,1994,1,67,67,12.4,0.7,1,,0,0,,4,3.00,1,1,0,0.00,+0.38,Matches
620,Alexis Sánchez\Alexis-Sanchez,cl CHI,MFFW,eng Manchester Utd,28,1988,2,165,83,22.9,1.8,2,,1,0,,0,0.50,1,2,-1,-0.55,-2.00,Matches
621,Davinson Sánchez\Davinson-Sanchez,co COL,DF,eng Tottenham,21,1996,8,720,90,100.0,8.0,8,,8,0,,0,2.13,18,8,+10,+1.25,,Matches
622,Alex Sandro\Alex-Sandro,br BRA,DFMF,it Juventus,26,1991,10,900,90,100.0,10.0,10,,10,0,,0,1.80,14,12,+2,+0.20,,Matches
623,Leroy Sané\Leroy-Sane,de GER,FWMF,eng Manchester City,21,1996,9,653,73,72.6,7.3,7,,5,2,,0,1.67,9,12,-3,-0.41,-4.42,Matches
624,Pablo Sarabia\Pablo-Sarabia,es ESP,MFFW,es Sevilla,25,1992,10,740,74,82.2,8.2,8,,6,2,,0,1.36,12,12,0,0.00,0.00,Matches
625,Stefan Savić\Stefan-Savic,me MNE,DF,es Atlético Madrid,26,1991,3,268,89,49.6,3.0,3,,2,0,,2,1.00,2,2,0,0.00,-0.33,Matches
626,Patrik Schick\Patrik-Schick,cz CZE,FW,it Roma,21,1996,3,207,69,19.2,2.3,2,,1,1,,4,2.00,8,5,+3,+1.30,+1.41,Matches
627,Marcel Schmelzer\Marcel-Schmelzer,de GER,DF,de Dortmund,29,1988,4,271,68,50.2,3.0,3,,2,1,,0,0.50,4,6,-2,-0.66,+0.67,Matches
628,Dominik Schmid\Dominik-Schmid,ch SUI,MF,ch Basel,19,1998,0,,,,,0,,0,0,,2,,,,,,,Matches
629,André Schürrle\Andre-Schurrle,de GER,FWMF,de Dortmund,26,1990,1,3,3,0.6,0.0,0,,0,1,,2,1.00,0,0,0,0.00,+1.01,Matches
630,Kyle Scott\Kyle-Scott,eng ENG,MF,eng Chelsea,19,1997,0,,,,,0,,0,0,,1,,,,,,,Matches
631,Sebá\Seba,br BRA,MFFW,gr Olympiacos,25,1992,3,180,60,33.3,2.0,2,,1,1,,1,1.43,1,4,-3,-1.50,0.00,Matches
632,Haris Seferović\Haris-Seferovic,ch SUI,FW,pt Benfica,25,1992,4,219,55,40.6,2.4,2,,2,2,,2,0.00,1,7,-6,-2.47,-0.50,Matches
633,Ibrahim Šehić\Ibrahim-Sehic,ba BIH,GK,az Qarabağ FK,28,1988,6,540,90,100.0,6.0,6,,6,0,,0,1.09,2,14,-12,-2.00,,Matches
634,Aleksandr Selikhov\Aleksandr-Selikhov,ru RUS,GK,ru Spartak Moscow,23,1994,5,382,76,70.7,4.2,4,,4,1,,1,1.00,7,11,-4,-0.94,-0.94,Matches
635,Matz Sels\Matz-Sels,be BEL,GK,be Anderlecht,25,1992,3,270,90,50.0,3.0,3,,3,0,,3,0.00,1,9,-8,-2.67,-0.33,Matches
636,Nélson Semedo\Nelson-Semedo,pt POR,DF,es Barcelona,23,1993,7,625,89,69.4,6.9,7,,6,0,,1,2.00,10,4,+6,+0.86,-0.77,Matches
637,Luigi Sepe\Luigi-Sepe,it ITA,GK,it Napoli,26,1991,0,,,,,0,,0,0,,6,,,,,,,Matches
638,Stephan El Shaarawy\Stephan-El-Shaarawy,it ITA,FW,it Roma,24,1992,10,359,36,33.2,4.0,4,,1,6,,1,2.00,10,5,+5,+1.25,+1.63,Matches
639,Luke Shaw\Luke-Shaw,eng ENG,MF,eng Manchester Utd,22,1995,1,90,90,12.5,1.0,1,,1,0,,2,3.00,2,1,+1,+1.00,0.00,Matches
640,Georgi Shchennikov\Georgi-Shchennikov,ru RUS,MFDF,ru CSKA Moscow,26,1991,5,410,82,75.9,4.6,5,,4,0,,0,2.33,6,8,-2,-0.44,-0.44,Matches
641,Konstantin Shcherbakov\Konstantin-Shcherbakov,ru RUS,DF,ru Spartak Moscow,20,1997,0,,,,,0,,0,0,,1,,,,,,,Matches
642,Mykyta Shevchenko\Mykyta-Shevchenko,ua UKR,GK,ua Shakhtar,24,1993,0,,,,,0,,0,0,,7,,,,,,,Matches
643,Ramil Sheydayev\Ramil-Sheydayev,az AZE,FW,az Qarabağ FK,21,1996,2,77,39,14.3,0.9,1,,0,1,,2,0.50,1,1,0,0.00,+2.33,Matches
644,Djibril Sidibé\Djibril-Sidibe,fr FRA,DFMF,fr Monaco,25,1992,3,253,84,46.9,2.8,3,,1,0,,1,0.33,2,6,-4,-1.42,+0.46,Matches
645,Fábio Silva Duarte\Fabio-Silva-Duarte,pt POR,GK,pt Benfica,19,1998,0,,,,,0,,0,0,,1,,,,,,,Matches
646,Bernardo Silva\Bernardo-Silva,pt POR,FWMF,eng Manchester City,22,1994,9,563,63,62.6,6.3,6,,5,3,,1,2.00,14,6,+8,+1.28,+1.28,Matches
647,David Silva\David-Silva,es ESP,MF,eng Manchester City,31,1986,7,426,61,47.3,4.7,5,,1,2,,1,2.14,9,5,+4,+0.85,+0.09,Matches
648,Jonathan Silva\Jonathan-Silva,ar ARG,DF,pt Sporting CP,23,1994,4,209,52,38.7,2.3,2,,2,2,,0,1.00,4,4,0,0.00,+0.27,Matches
649,Rafa Silva\Rafa-Silva,pt POR,FWMF,pt Benfica,24,1993,1,1,1,0.2,0.0,0,,0,1,,2,0.00,0,0,0,0.00,+2.17,Matches
650,Thiago Silva\Thiago-Silva,br BRA,DF,fr Paris S-G,32,1984,6,522,87,72.5,5.8,6,,5,0,,1,2.00,22,6,+16,+2.76,+1.85,Matches
651,Jozo Šimunović\Jozo-Simunovic,hr CRO,DF,sco Celtic,22,1994,4,360,90,66.7,4.0,4,,4,0,,0,1.78,4,13,-9,-2.25,-0.25,Matches
652,Scott Sinclair\Scott-Sinclair,eng ENG,MFFW,sco Celtic,28,1989,5,380,76,70.4,4.2,5,,3,0,,1,1.45,3,9,-6,-1.42,+2.52,Matches
653,Moussa Sissoko\Moussa-Sissoko,fr FRA,MF,eng Tottenham,27,1989,6,341,57,47.4,3.8,3,,1,3,,2,2.67,10,2,+8,+2.11,+1.64,Matches
654,Łukasz Skorupski\Lukasz-Skorupski,pl POL,GK,it Roma,26,1991,0,,,,,0,,0,0,,12,,,,,,,Matches
655,Chris Smalling\Chris-Smalling,eng ENG,DF,eng Manchester Utd,27,1989,8,720,90,100.0,8.0,8,,8,0,,0,2.00,13,5,+8,+1.00,,Matches
656,Tiquinho Soares\Tiquinho-Soares,br BRA,FW,pt Porto,26,1991,3,180,60,25.0,2.0,2,,1,1,,1,1.00,2,8,-6,-3.00,-4.00,Matches
657,Dominic Solanke\Dominic-Solanke,eng ENG,FW,eng Liverpool,19,1997,3,36,12,3.1,0.4,0,,0,3,,6,2.25,2,1,+1,+2.50,+0.60,Matches
658,David Soria\David-Soria,es ESP,GK,es Sevilla,24,1993,2,180,90,20.0,2.0,2,,2,0,,8,0.50,1,2,-1,-0.50,-0.62,Matches
659,Emmanuel Sowah\Emmanuel-Sowah,gh GHA,DF,be Anderlecht,19,1998,0,,,,,0,,0,0,,2,,,,,,,Matches
660,Uroš Spajić\Uros-Spajic,rs SRB,DF,be Anderlecht,24,1993,5,359,72,66.5,4.0,5,,3,0,,0,0.60,2,7,-5,-1.25,+3.72,Matches
661,Darijo Srna\Darijo-Srna,hr CRO,DF,ua Shakhtar,35,1982,1,90,90,12.5,1.0,1,,1,0,,0,3.00,2,1,+1,+1.00,+1.14,Matches
662,Jerry St. Juste\Jerry-St-Juste,nl NED,DF,nl Feyenoord,20,1996,5,374,75,69.3,4.2,4,,4,1,,1,0.60,4,12,-8,-1.93,-1.38,Matches
663,Nicolae Stanciu\Nicolae-Stanciu,ro ROU,MF,be Anderlecht,24,1993,3,103,34,19.1,1.1,1,,0,2,,1,0.00,0,2,-2,-1.75,+0.93,Matches
664,Tom Starke\Tom-Starke,de GER,GK,de Bayern Munich,36,1981,0,,,,,0,,0,0,,10,,,,,,,Matches
665,Renato Steffen\Renato-Steffen,ch SUI,FW,ch Basel,25,1991,6,537,90,74.6,6.0,6,,4,0,,0,2.00,10,5,+5,+0.84,+1.82,Matches
666,Taras Stepanenko\Taras-Stepanenko,ua UKR,MF,ua Shakhtar,27,1989,8,684,86,95.0,7.6,8,,6,0,,0,1.88,11,9,+2,+0.26,+5.26,Matches
667,Dujon Sterling\Dujon-Sterling,eng ENG,DF,eng Chelsea,17,1999,0,,,,,0,,0,0,,1,,,,,,,Matches
668,Kazaiah Sterling\Kazaiah-Sterling,eng ENG,FW,eng Tottenham,18,1998,1,2,2,0.3,0.0,0,,0,1,,0,3.00,0,0,0,0.00,-1.25,Matches
669,Raheem Sterling\Raheem-Sterling,eng ENG,FWMF,eng Manchester City,22,1994,8,495,62,55.0,5.5,5,,2,3,,1,2.25,14,4,+10,+1.82,+2.26,Matches
670,Valentin Stocker\Valentin-Stocker,ch SUI,MF,ch Basel,28,1989,2,93,47,12.9,1.0,1,,0,1,,0,1.50,1,4,-3,-2.90,-3.76,Matches
671,John Stones\John-Stones,eng ENG,DF,eng Manchester City,23,1994,5,450,90,50.0,5.0,5,,5,0,,2,2.40,13,5,+8,+1.60,+1.60,Matches
672,Kevin Strootman\Kevin-Strootman,nl NED,MF,it Roma,27,1990,11,839,76,77.7,9.3,9,,8,2,,0,1.55,15,16,-1,-0.11,-1.23,Matches
673,Stefano Sturaro\Stefano-Sturaro,it ITA,DF,it Juventus,24,1993,5,235,47,26.1,2.6,2,,0,3,,1,2.00,4,4,0,0.00,-0.27,Matches
674,Daniel Sturridge\Daniel-Sturridge,eng ENG,FWMF,eng Liverpool,27,1989,5,83,17,7.1,0.9,0,,0,5,,1,2.20,5,0,+5,+5.42,+3.77,Matches
675,Denis Suárez\Denis-Suarez,es ESP,MF,es Barcelona,23,1994,3,170,57,18.9,1.9,2,,1,1,,6,2.33,3,0,+3,+1.59,+0.60,Matches
676,Luis Suárez\Luis-Suarez,uy URU,FW,es Barcelona,30,1987,10,884,88,98.2,9.8,10,,8,0,,0,2.10,16,6,+10,+1.02,-4.61,Matches
677,Danijel Subašić\Danijel-Subasic,hr CRO,GK,fr Monaco,32,1984,3,270,90,50.0,3.0,3,,3,0,,0,0.33,3,7,-4,-1.33,+0.67,Matches
678,Neven Subotić\Neven-Subotic,rs SRB,DF,de Dortmund,28,1988,1,90,90,16.7,1.0,1,,1,0,,1,0.00,2,3,-1,-1.00,0.00,Matches
679,Marek Suchý\Marek-Suchy,cz CZE,DF,ch Basel,29,1988,8,720,90,100.0,8.0,8,,8,0,,0,1.88,13,10,+3,+0.37,,Matches
680,Niklas Süle\Niklas-Sule,de GER,DF,de Bayern Munich,21,1995,9,643,71,59.5,7.1,6,,6,3,,3,1.89,13,11,+2,+0.28,-2.19,Matches
681,Marko Šuler\Marko-Suler,si SVN,DF,si NK Maribor,34,1983,5,450,90,83.3,5.0,5,,5,0,,0,1.45,3,13,-10,-2.00,+1.00,Matches
682,Mile Svilar\Mile-Svilar,be BEL,GK,pt Benfica,17,1999,3,270,90,50.0,3.0,3,,3,0,,0,0.00,0,5,-5,-1.67,+1.00,Matches
683,Seydou Sy\Seydou-Sy,sn SEN,GK,fr Monaco,21,1995,0,,,,,0,,0,0,,3,,,,,,,Matches
684,Wojciech Szczęsny\Wojciech-Szczesny,pl POL,GK,it Juventus,27,1990,2,90,45,10.0,1.0,1,,1,1,,8,3.00,2,1,+1,+1.00,+0.89,Matches
685,Panagiotis Tachtsidis\Panagiotis-Tachtsidis,gr GRE,MF,gr Olympiacos,26,1991,3,245,82,45.4,2.7,3,,2,0,,2,0.33,0,4,-4,-1.47,+0.06,Matches
686,Taison\Taison,br BRA,MF,ua Shakhtar,29,1988,8,720,90,100.0,8.0,8,,8,0,,0,1.88,11,11,0,0.00,,Matches
687,Talisca\Talisca,br BRA,MF,tr Beşiktaş,23,1994,8,539,67,74.9,6.0,6,,3,2,,0,1.75,10,10,0,0.00,+0.50,Matches
688,Renato Tapia\Renato-Tapia,pe PER,DF,nl Feyenoord,22,1995,4,330,83,61.1,3.7,4,,2,0,,1,0.75,3,8,-5,-1.36,+0.35,Matches
689,Serdar Tasci\Serdar-Tasci,de GER,DF,ru Spartak Moscow,30,1987,5,450,90,83.3,5.0,5,,5,0,,0,1.00,8,12,-4,-0.80,-0.80,Matches
690,Marcos Tavares\Marcos-Tavares,br BRA,FWMF,si NK Maribor,33,1984,6,479,80,88.7,5.3,5,,4,1,,0,1.33,3,15,-12,-2.25,-0.78,Matches
691,Alex Telles\Alex-Telles,br BRA,DF,pt Porto,24,1992,7,630,90,87.5,7.0,7,,7,0,,0,1.43,15,15,0,0.00,0.00,Matches
692,Łukasz Teodorczyk\Lukasz-Teodorczyk,pl POL,FW,be Anderlecht,26,1991,6,388,65,71.9,4.3,4,,2,2,,0,0.50,1,13,-12,-2.78,-1.01,Matches
693,Marc-André ter Stegen\Marc-Andre-ter-Stegen,de GER,GK,es Barcelona,25,1992,9,810,90,90.0,9.0,9,,9,0,,1,2.00,15,6,+9,+1.00,-1.00,Matches
694,Youri Tielemans\Youri-Tielemans,be BEL,MF,fr Monaco,20,1997,4,311,78,57.6,3.5,4,,2,0,,1,0.50,4,8,-4,-1.16,+1.20,Matches
695,Kieran Tierney\Kieran-Tierney,sco SCO,DF,sco Celtic,20,1997,6,540,90,100.0,6.0,6,,6,0,,0,1.33,5,18,-13,-2.17,,Matches
696,Corentin Tolisso\Corentin-Tolisso,fr FRA,MF,de Bayern Munich,22,1994,8,495,62,45.8,5.5,6,,3,2,,2,2.00,13,7,+6,+1.09,-0.14,Matches
697,Jeremy Toljan\Jeremy-Toljan,de GER,DF,de Dortmund,22,1994,4,271,68,50.2,3.0,3,,2,1,,0,0.25,4,8,-4,-1.33,-0.66,Matches
698,Jens Toornstra\Jens-Toornstra,nl NED,MF,nl Feyenoord,28,1989,5,322,64,59.6,3.6,3,,2,2,,1,0.60,2,5,-3,-0.84,+1.64,Matches
699,Ömer Toprak\Omer-Toprak,tr TUR,DF,de Dortmund,28,1989,6,338,56,62.6,3.8,4,,1,2,,0,0.33,3,8,-5,-1.33,-0.89,Matches
700,Fernando Torres\Fernando-Torres,es ESP,FW,es Atlético Madrid,33,1984,5,207,41,38.3,2.3,2,,1,3,,1,1.20,3,1,+2,+0.87,+1.14,Matches
701,Óliver Torres\Oliver-Torres,es ESP,MF,pt Porto,22,1994,3,168,56,23.3,1.9,2,,1,1,,5,0.33,1,2,-1,-0.54,-0.70,Matches
702,Duško Tošić\Dusko-Tosic,rs SRB,DF,tr Beşiktaş,32,1985,7,508,73,70.6,5.6,6,,4,1,,0,2.00,11,8,+3,+0.53,+2.23,Matches
703,Cenk Tosun\Cenk-Tosun,tr TUR,FW,tr Beşiktaş,26,1991,6,449,75,62.4,5.0,5,,3,1,,0,2.33,10,5,+5,+1.00,+2.99,Matches
704,Almamy Touré\Almamy-Toure,ml MLI,DF,fr Monaco,21,1996,3,270,90,50.0,3.0,3,,3,0,,2,0.33,4,8,-4,-1.33,+0.67,Matches
705,Yaya Touré\Yaya-Toure,ci CIV,MF,eng Manchester City,34,1983,3,255,85,28.3,2.8,3,,2,0,,3,1.00,2,4,-2,-0.71,-2.10,Matches
706,Kevin Trapp\Kevin-Trapp,de GER,GK,fr Paris S-G,27,1990,0,,,,,0,,0,0,,8,,,,,,,Matches
707,Adrien Trebel\Adrien-Trebel,fr FRA,MF,be Anderlecht,26,1991,6,540,90,100.0,6.0,6,,6,0,,0,0.50,2,17,-15,-2.50,,Matches
708,Kieran Trippier\Kieran-Trippier,eng ENG,DFMF,eng Tottenham,26,1990,3,270,90,37.5,3.0,3,,3,0,,4,2.00,7,3,+4,+1.33,+0.13,Matches
709,Axel Tuanzebe\Axel-Tuanzebe,eng ENG,DF,eng Manchester Utd,19,1997,1,18,18,2.5,0.2,0,,0,1,,1,3.00,0,0,0,0.00,-1.03,Matches
710,Sven Ulreich\Sven-Ulreich,de GER,GK,de Bayern Munich,28,1988,11,990,90,91.7,11.0,11,,11,0,,1,2.09,23,12,+11,+1.00,-2.00,Matches
711,Samuel Umtiti\Samuel-Umtiti,fr FRA,DF,es Barcelona,23,1993,9,810,90,90.0,9.0,9,,9,0,,0,2.00,15,6,+9,+1.00,-1.00,Matches
712,Cengiz Ünder\Cengiz-Under,tr TUR,MFFW,it Roma,20,1997,5,237,47,21.9,2.6,3,,0,2,,4,1.80,5,4,+1,+0.38,+0.27,Matches
713,Dayot Upamecano\Dayot-Upamecano,fr FRA,DF,de RB Leipzig,18,1998,5,450,90,83.3,5.0,5,,5,0,,0,1.40,9,9,0,0.00,+1.00,Matches
714,Necip Uysal\Necip-Uysal,tr TUR,DF,tr Beşiktaş,26,1991,4,174,44,24.2,1.9,2,,1,2,,1,2.25,2,3,-1,-0.52,-0.52,Matches
715,Tomáš Vaclík\Tomas-Vaclik,cz CZE,GK,ch Basel,28,1989,8,720,90,100.0,8.0,8,,8,0,,0,1.88,13,10,+3,+0.37,,Matches
716,Antonio Valencia\Antonio-Valencia,ec ECU,DFMF,eng Manchester Utd,31,1985,4,329,82,45.7,3.7,4,,2,0,,1,1.75,3,2,+1,+0.27,-1.34,Matches
717,Jesús Vallejo\Jesus-Vallejo,es ESP,DF,es Real Madrid,20,1997,1,90,90,7.7,1.0,1,,1,0,,4,0.00,1,3,-2,-2.00,-3.58,Matches
718,Raphaël Varane\Raphael-Varane,fr FRA,DF,es Real Madrid,24,1993,11,938,85,80.2,10.4,11,,10,0,,1,2.36,28,11,+17,+1.63,+1.63,Matches
719,Bruno Varela\Bruno-Varela,pt POR,GK,pt Benfica,22,1994,2,180,90,33.3,2.0,2,,2,0,,2,0.00,1,4,-3,-1.50,+1.00,Matches
720,Viktor Vasin\Viktor-Vasin,ru RUS,DF,ru CSKA Moscow,28,1988,6,540,90,100.0,6.0,6,,6,0,,0,2.10,8,10,-2,-0.33,,Matches
721,Franco Vázquez\Franco-Vazquez,ar ARG,MF,es Sevilla,28,1989,7,494,71,54.9,5.5,5,,2,2,,3,1.29,8,5,+3,+0.55,+1.21,Matches
722,Lucas Vázquez\Lucas-Vazquez,es ESP,MFFW,es Real Madrid,26,1991,10,543,54,46.4,6.0,5,,5,5,,3,2.30,20,7,+13,+2.15,+1.58,Matches
723,Dylan Vente\Dylan-Vente,nl NED,FW,nl Feyenoord,18,1999,1,18,18,3.3,0.2,0,,0,1,,1,0.00,0,0,0,0.00,+1.55,Matches
724,Thomas Vermaelen\Thomas-Vermaelen,be BEL,DF,es Barcelona,31,1985,1,90,90,10.0,1.0,1,,1,0,,6,3.00,2,0,+2,+2.00,+1.00,Matches
725,Kenneth Vermeer\Kenneth-Vermeer,nl NED,GK,nl Feyenoord,31,1986,1,90,90,16.7,1.0,1,,1,0,,2,3.00,2,1,+1,+1.00,+3.00,Matches
726,Marco Verratti\Marco-Verratti,it ITA,MF,fr Paris S-G,24,1992,8,640,80,88.9,7.1,8,,3,0,,0,1.88,21,8,+13,+1.83,-3.80,Matches
727,Jan Vertonghen\Jan-Vertonghen,be BEL,DF,eng Tottenham,30,1987,6,540,90,75.0,6.0,6,,5,0,,1,1.83,12,8,+4,+0.67,-2.33,Matches
728,Domagoj Vida\Domagoj-Vida,hr CRO,DF,tr Beşiktaş,28,1989,1,16,16,2.2,0.2,1,,0,0,,0,0.00,0,0,0,0.00,+0.13,Matches
729,Aleix Vidal\Aleix-Vidal,es ESP,FW,es Barcelona,27,1989,4,112,28,12.4,1.2,1,,0,3,,1,2.50,2,0,+2,+1.61,+0.58,Matches
730,Arturo Vidal\Arturo-Vidal,cl CHI,MF,de Bayern Munich,30,1987,8,475,59,44.0,5.3,6,,2,2,,0,2.63,10,6,+4,+0.76,-0.73,Matches
731,Luciano Vietto\Luciano-Vietto,ar ARG,FW,es Atlético Madrid,23,1993,2,69,35,12.8,0.8,1,,0,1,,3,1.00,0,0,0,0.00,-0.19,Matches
732,Mitja Viler\Mitja-Viler,si SVN,DF,si NK Maribor,30,1986,6,540,90,100.0,6.0,6,,6,0,,0,1.33,3,16,-13,-2.17,,Matches
733,Tonny Vilhena\Tonny-Vilhena,nl NED,MF,nl Feyenoord,22,1995,6,533,89,98.7,5.9,6,,5,0,,0,0.50,4,14,-10,-1.69,-14.55,Matches
734,Vinicius\Vinicius,br BRA,MF,cy APOEL FC,31,1986,6,465,78,86.1,5.2,6,,4,0,,0,1.25,2,16,-14,-2.71,-1.51,Matches
735,Vitinho\Vitinho,br BRA,FW,ru CSKA Moscow,23,1993,6,469,78,86.9,5.2,6,,2,0,,0,2.10,5,10,-5,-0.96,-4.76,Matches
736,Michel Vorm\Michel-Vorm,nl NED,GK,eng Tottenham,33,1983,1,90,90,12.5,1.0,1,,1,0,,6,3.00,3,0,+3,+3.00,+2.00,Matches
737,Praxitelis Vouros\Praxitelis-Vouros,gr GRE,DF,cy APOEL FC,22,1995,6,540,90,100.0,6.0,6,,6,0,,0,0.33,2,17,-15,-2.50,,Matches
738,Blaž Vrhovec\Blaz-Vrhovec,si SVN,MF,si NK Maribor,25,1992,5,395,79,73.1,4.4,5,,3,0,,1,1.50,1,12,-11,-2.51,-1.26,Matches
739,Dorus de Vries\Dorus-de-Vries,nl NED,GK,sco Celtic,36,1980,0,,,,,0,,0,0,,6,,,,,,,Matches
740,Šime Vrsaljko\Sime-Vrsaljko,hr CRO,DF,es Atlético Madrid,25,1992,1,90,90,16.7,1.0,1,,1,0,,2,1.00,0,0,0,0.00,-0.20,Matches
741,Dare Vršič\Dare-Vrsic,si SVN,MF,si NK Maribor,32,1984,2,55,28,10.2,0.6,0,,0,2,,2,1.00,1,1,0,0.00,+2.41,Matches
742,Jagoš Vuković\Jagos-Vukovic,rs SRB,DF,gr Olympiacos,29,1988,0,,,,,0,,0,0,,3,,,,,,,Matches
743,Sandro Wagner\Sandro-Wagner,de GER,FW,de Bayern Munich,29,1987,3,51,17,4.7,0.6,0,,0,3,,3,1.67,1,0,+1,+1.76,+0.63,Matches
744,Kyle Walker\Kyle-Walker,eng ENG,DF,eng Manchester City,27,1990,7,630,90,70.0,7.0,7,,7,0,,3,2.14,14,6,+8,+1.14,+1.14,Matches
745,Kyle Walker-Peters\Kyle-Walker-Peters,eng ENG,DF,eng Tottenham,20,1997,1,20,20,2.8,0.2,0,,0,1,,3,3.00,1,0,+1,+4.50,+3.34,Matches
746,Victor Wanyama\Victor-Wanyama,ke KEN,MF,eng Tottenham,26,1991,1,1,1,0.1,0.0,0,,0,1,,1,1.00,0,0,0,0.00,-1.25,Matches
747,Boy Waterman\Boy-Waterman,nl NED,GK,cy APOEL FC,33,1984,3,225,75,41.7,2.5,3,,2,0,,0,1.56,0,6,-6,-2.40,+0.17,Matches
748,Roman Weidenfeller\Roman-Weidenfeller,de GER,GK,de Dortmund,36,1980,0,,,,,0,,0,0,,5,,,,,,,Matches
749,Julian Weigl\Julian-Weigl,de GER,MF,de Dortmund,21,1995,5,325,65,60.2,3.6,3,,3,2,,0,0.40,3,6,-3,-0.83,+0.43,Matches
750,Pontus Wernbloom\Pontus-Wernbloom,se SWE,MFFW,ru CSKA Moscow,31,1986,5,450,90,83.3,5.0,5,,5,0,,0,2.33,7,8,-1,-0.20,+0.80,Matches
751,Timo Werner\Timo-Werner,de GER,FW,de RB Leipzig,21,1996,6,329,55,60.9,3.7,4,,2,2,,0,1.17,7,7,0,0.00,+0.43,Matches
752,Georginio Wijnaldum\Georginio-Wijnaldum,nl NED,MF,eng Liverpool,26,1990,12,850,71,72.6,9.4,9,,7,3,,0,2.14,32,15,+17,+1.80,-0.45,Matches
753,Willian\Willian,br BRA,MFFW,eng Chelsea,28,1988,8,429,54,59.6,4.8,4,,4,4,,0,1.50,13,5,+8,+1.68,+2.61,Matches
754,Harry Winks\Harry-Winks,eng ENG,MF,eng Tottenham,21,1996,5,426,85,59.2,4.7,5,,4,0,,1,2.60,12,2,+10,+2.11,+2.11,Matches
755,Manuel Wintzheimer\Manuel-Wintzheimer,de GER,FW,de Bayern Munich,18,1999,0,,,,,0,,0,0,,1,,,,,,,Matches
756,Ricky van Wolfswinkel\Ricky-van-Wolfswinkel,nl NED,FW,ch Basel,28,1989,3,172,57,23.9,1.9,2,,1,1,,1,2.00,5,2,+3,+1.57,+1.57,Matches
757,Ben Woodburn\Ben-Woodburn,wal WAL,FWMF,eng Liverpool,17,1999,0,,,,,0,,0,0,,2,,,,,,,Matches
758,Taulant Xhaka\Taulant-Xhaka,al ALB,MFDF,ch Basel,26,1991,6,523,87,72.6,5.8,6,,5,0,,0,1.50,10,8,+2,+0.34,-0.11,Matches
759,Andriy Yarmolenko\Andriy-Yarmolenko,ua UKR,FWMF,de Dortmund,27,1989,6,377,63,69.8,4.2,4,,3,2,,0,0.33,4,9,-5,-1.19,-0.64,Matches
760,Andrey Yeshchenko\Andrey-Yeshchenko,ru RUS,DFMF,ru Spartak Moscow,33,1984,5,440,88,81.5,4.9,5,,4,0,,0,1.00,8,12,-4,-0.82,-0.82,Matches
761,Ashley Young\Ashley-Young,eng ENG,DFMF,eng Manchester Utd,32,1985,4,337,84,46.8,3.7,4,,3,0,,3,1.75,8,2,+6,+1.60,+1.13,Matches
762,Elvin Yunuszade\Elvin-Yunuszade,az AZE,DF,az Qarabağ FK,24,1992,3,126,42,23.3,1.4,1,,1,2,,1,0.40,0,2,-2,-1.43,+0.75,Matches
763,Dan-Axel Zagadou\Dan-Axel-Zagadou,fr FRA,DF,de Dortmund,18,1999,2,88,44,16.3,1.0,1,,0,1,,3,0.00,1,2,-1,-1.02,-0.03,Matches
764,Ghayas Zahid\Ghayas-Zahid,no NOR,MF,cy APOEL FC,22,1994,6,467,78,86.5,5.2,5,,5,1,,0,0.33,2,14,-12,-2.31,+1.39,Matches
765,Davide Zappacosta\Davide-Zappacosta,it ITA,MF,eng Chelsea,25,1992,5,353,71,49.0,3.9,4,,2,1,,3,1.60,13,4,+9,+2.29,+3.28,Matches
766,Saša Zdjelar\Sasa-Zdjelar,rs SRB,MF,gr Olympiacos,22,1995,3,211,70,39.1,2.3,2,,1,1,,0,0.80,3,4,-1,-0.43,+1.76,Matches
767,Tolga Zengin\Tolga-Zengin,tr TUR,GK,tr Beşiktaş,33,1983,2,180,90,25.0,2.0,2,,2,0,,6,1.50,3,4,-1,-0.50,-0.50,Matches
768,Timur Zhamaletdinov\Timur-Zhamaletdinov,ru RUS,FW,ru CSKA Moscow,20,1997,5,131,26,24.3,1.5,1,,0,4,,1,1.50,2,1,+1,+0.69,+1.35,Matches
769,Piotr Zieliński\Piotr-Zielinski,pl POL,MFFW,it Napoli,23,1994,5,353,71,65.4,3.9,4,,2,1,,1,1.71,5,7,-2,-0.51,-1.47,Matches
770,Oleksandr Zinchenko\Oleksandr-Zinchenko,ua UKR,DF,eng Manchester City,20,1996,1,90,90,10.0,1.0,1,,1,0,,2,0.00,1,2,-1,-1.00,-2.00,Matches
771,Andrija Živković\Andrija-Zivkovic,rs SRB,MFFW,pt Benfica,21,1996,5,292,58,54.1,3.2,3,,2,2,,1,0.00,1,9,-8,-2.47,-0.65,Matches
772,Roman Zobnin\Roman-Zobnin,ru RUS,MF,ru Spartak Moscow,23,1994,2,107,54,19.8,1.2,1,,1,1,,0,0.50,1,8,-7,-5.89,-6.51,Matches
773,Oleksandr Zubkov\Oleksandr-Zubkov,ua UKR,FWMF,ua Shakhtar,20,1996,1,1,1,0.1,0.0,0,,0,1,,2,3.00,0,0,0,0.00,0.00,Matches
774,Luca Zuffi\Luca-Zuffi,ch SUI,MF,ch Basel,27,1990,7,630,90,87.5,7.0,7,,7,0,,1,2.14,13,6,+7,+1.00,+5.00,Matches
775,Uroš Đurđević\Uros-Djurdjevic,me MNE,FW,gr Olympiacos,23,1994,5,207,41,38.3,2.3,2,,0,3,,0,0.20,2,7,-5,-2.17,-1.09,Matches
776,Bruno Costa\Bruno-Costa,,,pt Porto,,,1,90,90,12.5,1.0,1,,,0,,0,,,,,,,Matches
