,,,,,,,,,Goals,,,,,Expected,,,,Launched,,,Passes,,,,Goal Kicks,,,Crosses,,,Sweeper,,,
Rk,Player,Nation,Pos,Squad,Comp,Age,Born,90s,GA,PKA,FK,CK,OG,PSxG,PSxG/SoT,PSxG+/-,/90,Cmp,Att,Cmp%,Att,Thr,Launch%,AvgLen,Att,Launch%,AvgLen,Opp,Stp,Stp%,#OPA,#OPA/90,AvgDist,Matches
1,Antonio Adán\Antonio-Adan,es ESP,GK,Betis,es La Liga,30,1987,30.0,53,3,0,6,4,38.5,0.28,-10.5,-0.35,177,459,38.6,905,95,41.1,36.3,130,66.9,48.8,289,30,10.4,18,0.60,14.7,Matches
2,René Adler\Rene-Adler,de GER,GK,Mainz 05,de Bundesliga,32,1985,14.0,18,1,0,5,0,18.6,0.36,+0.6,+0.04,84,218,38.5,296,40,48.0,40.7,90,84.4,61.3,130,9,6.9,12,0.86,15.9,Matches
3,Adrián\Adrian,es ESP,GK,West Ham,eng Premier League,30,1987,19.0,29,1,1,8,1,26.5,0.28,-1.5,-0.08,118,355,33.2,309,31,77.0,52.8,121,96.7,65.0,224,14,6.3,17,0.89,14.7,Matches
4,Alisson\Alisson,br BRA,GK,Roma,it Serie A,24,1992,37.0,28,3,0,2,0,38.8,0.26,+10.8,+0.29,245,443,55.3,994,198,35.7,35.2,181,48.6,45.3,306,25,8.2,49,1.32,17.5,Matches
5,Sergio Álvarez\Sergio-Alvarez,es ESP,GK,Celta Vigo,es La Liga,30,1986,16.4,29,1,0,4,1,26.5,0.34,-1.5,-0.09,96,255,37.6,435,32,43.2,37.6,83,80.7,58.0,143,15,10.5,12,0.73,14.5,Matches
6,Jon Ander Serantes\Jon-Ander-Serantes,es ESP,GK,Leganés,es La Liga,27,1989,1.0,2,0,0,0,0,2.5,0.28,+0.5,+0.53,5,24,20.8,21,1,85.7,61.5,6,100.0,77.5,9,2,22.2,0,0.00,15.5,Matches
7,Nícolas Andrade\Nicolas-Andrade,br BRA,GK,Hellas Verona,it Serie A,29,1988,36.0,71,6,4,9,2,75.3,0.30,+6.3,+0.17,371,904,41.0,995,222,59.2,44.5,362,87.0,59.9,466,48,10.3,22,0.61,13.9,Matches
8,Miguel Ángel Moyá\Miguel-Angel-Moya,es ESP,GK,Real Sociedad,es La Liga,33,1984,8.5,8,2,0,2,0,9.8,0.25,+1.8,+0.21,69,131,52.7,241,10,46.5,38.9,31,61.3,44.8,88,12,13.6,7,0.82,16.4,Matches
9,Alphonse Areola\Alphonse-Areola,fr FRA,GK,Paris S-G,fr Ligue 1,24,1993,34.0,25,1,2,6,0,26.2,0.23,+1.2,+0.03,48,95,50.5,504,90,13.9,24.3,80,31.3,34.4,299,24,8.0,31,0.91,16.8,Matches
10,Kepa Arrizabalaga\Kepa-Arrizabalaga,es ESP,GK,Athletic Club,es La Liga,22,1994,30.0,43,1,3,5,3,42.9,0.30,+2.9,+0.10,280,587,47.7,728,67,64.0,46.9,134,90.3,64.1,271,24,8.9,14,0.47,15.3,Matches
11,Sergio Asenjo\Sergio-Asenjo,es ESP,GK,Villarreal,es La Liga,28,1989,23.0,30,3,1,3,0,32.5,0.32,+2.5,+0.11,102,282,36.2,360,86,52.2,41.5,109,86.2,61.3,284,24,8.5,16,0.70,14.3,Matches
12,Mariano Barbosa\Mariano-Barbosa,ar ARG,GK,Villarreal,es La Liga,33,1984,12.5,14,1,0,2,0,13.6,0.27,-0.4,-0.03,35,123,28.5,190,40,34.7,34.7,63,90.5,62.4,150,15,10.0,3,0.24,13.7,Matches
13,Oliver Baumann\Oliver-Baumann,de GER,GK,Hoffenheim,de Bundesliga,27,1990,34.0,48,3,1,9,3,41.2,0.26,-3.8,-0.11,219,620,35.3,1175,173,40.8,35.9,230,61.3,48.7,311,20,6.4,37,1.09,15.6,Matches
14,Asmir Begović\Asmir-Begovic,ba BIH,GK,Bournemouth,eng Premier League,30,1987,38.0,61,2,2,8,0,54.6,0.32,-6.4,-0.17,178,523,34.0,693,171,50.1,41.9,198,88.9,62.8,434,34,7.8,11,0.29,13.2,Matches
15,Vid Belec\Vid-Belec,si SVN,GK,Sampdoria,it Serie A,27,1990,2.0,5,1,0,1,0,5.6,0.31,+0.6,+0.28,9,24,37.5,70,11,27.1,26.6,16,31.3,36.2,21,2,9.5,3,1.50,13.3,Matches
16,Vid Belec\Vid-Belec,si SVN,GK,Benevento,it Serie A,27,1990,12.4,32,3,1,1,2,24.3,0.31,-0.7,-0.06,63,183,34.4,259,68,48.6,40.4,102,55.9,46.5,133,10,7.5,5,0.40,12.2,Matches
17,Diego Benaglio\Diego-Benaglio,ch SUI,GK,Monaco,fr Ligue 1,33,1983,2.5,0,0,0,0,0,1.5,0.24,+1.5,+0.59,9,22,40.9,35,9,40.0,33.7,12,66.7,53.8,25,1,4.0,2,0.80,14.7,Matches
18,Walter Benítez\Walter-Benitez,ar ARG,GK,Nice,fr Ligue 1,24,1993,28.0,36,3,1,0,2,35.6,0.28,+1.6,+0.06,64,201,31.8,394,84,26.6,30.3,127,75.6,54.4,320,17,5.3,6,0.21,13.0,Matches
19,Etrit Berisha\Etrit-Berisha,al ALB,GK,Atalanta,it Serie A,28,1989,31.0,34,1,2,2,0,27.3,0.26,-6.7,-0.22,196,438,44.7,587,156,42.9,37.8,214,86.9,58.9,249,14,5.6,15,0.48,14.3,Matches
20,Quentin Beunardeau\Quentin-Beunardeau,fr FRA,GK,Metz,fr Ligue 1,23,1994,0.4,2,0,0,0,0,1.7,0.43,-0.3,-0.70,6,16,37.5,16,2,87.5,50.7,2,100.0,71.5,6,0,0.0,0,0.00,13.0,Matches
21,Albano Bizzarri\Albano-Bizzarri,ar ARG,GK,Udinese,it Serie A,39,1977,32.0,52,2,1,9,4,42.0,0.29,-6.0,-0.19,262,612,42.8,774,135,52.5,41.1,271,76.0,53.2,306,26,8.5,13,0.41,13.0,Matches
22,Rubén Blanco\Ruben-Blanco,es ESP,GK,Celta Vigo,es La Liga,22,1995,21.6,31,3,0,4,0,25.5,0.26,-5.5,-0.26,112,357,31.4,602,57,48.0,41.2,82,82.9,62.4,231,28,12.1,7,0.32,14.9,Matches
23,Landry Bonnefoi\Landry-Bonnefoi,fr FRA,GK,Strasbourg,fr Ligue 1,33,1983,3.0,6,0,0,1,0,5.5,0.33,-0.5,-0.16,17,42,40.5,39,8,59.0,43.1,26,73.1,50.9,33,0,0.0,0,0.00,10.5,Matches
24,Jean-Christophe Bouet\Jean-Christophe-Bouet,fr FRA,GK,Amiens,fr Ligue 1,34,1983,1.0,1,0,0,0,0,1.1,0.19,+0.1,+0.14,2,15,13.3,12,2,58.3,48.8,8,100.0,62.6,11,3,27.3,0,0.00,18.0,Matches
25,Yassine Bounou\Yassine-Bounou,ma MAR,GK,Girona,es La Liga,26,1991,29.5,46,4,2,1,1,40.8,0.28,-4.2,-0.14,177,485,36.5,507,62,67.9,48.9,153,92.2,66.3,259,20,7.7,10,0.34,13.0,Matches
26,Claudio Bravo\Claudio-Bravo,cl CHI,GK,Manchester City,eng Premier League,34,1983,2.5,1,0,0,0,0,1.4,0.29,+0.4,+0.17,2,7,28.6,49,8,8.2,25.8,4,75.0,52.8,14,0,0.0,3,1.20,18.9,Matches
27,Alberto Brignoli\Alberto-Brignoli,it ITA,GK,Benevento,it Serie A,25,1991,12.5,31,2,0,6,0,29.0,0.40,-2.0,-0.16,92,266,34.6,374,61,51.3,43.2,103,71.8,56.1,144,25,17.4,16,1.28,17.0,Matches
28,Gianluigi Buffon\Gianluigi-Buffon,it ITA,GK,Juventus,it Serie A,39,1978,20.7,14,3,0,2,2,15.8,0.22,+3.8,+0.18,87,187,46.5,431,71,32.5,34.2,101,46.5,40.2,167,12,7.2,14,0.68,14.5,Matches
29,Roman Bürki\Roman-Burki,ch SUI,GK,Dortmund,de Bundesliga,26,1990,33.0,43,2,1,3,0,47.9,0.33,+4.9,+0.15,184,517,35.6,1027,169,35.7,36.1,219,68.5,55.2,268,27,10.1,38,1.15,17.5,Matches
30,Ludovic Butelle\Ludovic-Butelle,fr FRA,GK,Angers,fr Ligue 1,34,1983,18.4,22,3,1,1,1,20.4,0.26,-0.6,-0.03,63,228,27.6,303,63,48.8,40.4,89,89.9,60.6,175,21,12.0,23,1.25,17.5,Matches
31,Jack Butland\Jack-Butland,eng ENG,GK,Stoke City,eng Premier League,24,1993,35.0,61,5,0,10,2,57.4,0.28,-1.6,-0.05,310,795,39.0,794,72,74.4,54.2,219,93.2,69.3,433,34,7.9,25,0.71,14.9,Matches
32,Willy Caballero\Willy-Caballero,ar ARG,GK,Chelsea,eng Premier League,35,1981,3.0,4,0,0,0,0,3.3,0.33,-0.7,-0.24,11,32,34.4,74,9,33.8,32.2,9,77.8,55.2,23,1,4.3,2,0.67,18.5,Matches
33,Yoan Cardinale\Yoan-Cardinale,fr FRA,GK,Nice,fr Ligue 1,23,1994,10.0,16,0,1,1,1,13.3,0.31,-1.7,-0.17,33,71,46.5,158,26,22.8,27.0,42,83.3,57.6,95,3,3.2,3,0.30,14.3,Matches
34,Kiko Casilla\Kiko-Casilla,es ESP,GK,Real Madrid,es La Liga,30,1986,10.0,11,0,0,1,1,10.5,0.37,+0.5,+0.05,27,69,39.1,159,33,30.8,33.8,34,58.8,45.6,80,6,7.5,5,0.50,14.9,Matches
35,Koen Casteels\Koen-Casteels,be BEL,GK,Wolfsburg,de Bundesliga,25,1992,34.0,48,6,1,5,2,51.2,0.31,+5.2,+0.15,269,704,38.2,1026,198,49.9,41.1,270,71.1,55.1,298,35,11.7,22,0.65,13.6,Matches
36,Petr Čech\Petr-Cech,cz CZE,GK,Arsenal,eng Premier League,35,1982,33.8,48,5,0,8,0,48.0,0.34,0.0,0.00,135,359,37.6,699,164,39.5,37.9,109,76.1,58.3,318,39,12.3,28,0.83,15.9,Matches
37,Nereo Champagne\Nereo-Champagne,ar ARG,GK,Leganés,es La Liga,32,1985,2.0,6,1,1,0,0,4.1,0.36,-1.9,-0.97,19,43,44.2,37,4,75.7,48.1,15,100.0,63.8,15,0,0.0,1,0.50,14.9,Matches
38,Leandro Chichizola\Leandro-Chichizola,ar ARG,GK,Las Palmas,es La Liga,27,1990,27.0,47,3,1,5,1,46.2,0.29,+0.2,+0.01,154,416,37.0,798,128,41.5,37.0,131,64.9,53.0,225,31,13.8,35,1.30,16.1,Matches
39,Jasper Cillessen\Jasper-Cillessen,nl NED,GK,Barcelona,es La Liga,28,1989,1.0,1,0,0,0,0,1.3,0.18,+0.3,+0.26,2,9,22.2,18,4,33.3,30.1,9,33.3,40.8,7,1,14.3,0,0.00,15.0,Matches
40,Andrea Consigli\Andrea-Consigli,it ITA,GK,Sassuolo,it Serie A,30,1987,36.8,58,2,3,10,1,52.1,0.29,-4.9,-0.13,283,620,45.6,782,160,53.2,43.2,262,77.9,52.5,411,36,8.8,19,0.52,13.3,Matches
41,Alex Cordaz\Alex-Cordaz,it ITA,GK,Crotone,it Serie A,34,1983,38.0,66,6,3,11,0,64.5,0.30,-1.5,-0.04,304,884,34.4,781,95,72.3,51.6,338,94.4,62.3,428,21,4.9,26,0.68,14.4,Matches
42,Angelo da Costa Júnior\Angelo-da-Costa-Junior,br BRA,GK,Bologna,it Serie A,33,1983,4.0,5,1,0,1,0,4.7,0.24,-0.3,-0.08,30,78,38.5,121,25,38.8,36.8,40,77.5,56.6,37,3,8.1,5,1.25,15.9,Matches
43,Benoît Costil\Benoit-Costil,fr FRA,GK,Bordeaux,fr Ligue 1,30,1987,36.0,45,4,4,6,1,35.8,0.25,-8.2,-0.23,171,527,32.4,757,97,48.5,42.6,178,89.9,65.5,341,28,8.2,20,0.56,14.3,Matches
44,Thibaut Courtois\Thibaut-Courtois,be BEL,GK,Chelsea,eng Premier League,25,1992,35.0,34,2,0,1,2,31.3,0.30,-0.7,-0.02,138,388,35.6,845,158,34.2,36.3,152,65.1,56.8,318,39,12.3,18,0.51,15.1,Matches
45,Alessio Cragno\Alessio-Cragno,it ITA,GK,Cagliari,it Serie A,23,1994,28.2,47,6,4,1,1,43.2,0.31,-2.8,-0.10,213,476,44.7,526,123,51.1,41.1,237,87.3,60.2,285,24,8.4,13,0.46,13.5,Matches
46,Luca Crosta\Luca-Crosta,it ITA,GK,Cagliari,it Serie A,19,1998,1.0,3,1,0,0,0,2.1,0.66,-0.9,-0.85,2,11,18.2,14,4,28.6,36.4,10,70.0,49.6,14,2,14.3,0,0.00,13.0,Matches
47,Iván Cuéllar\Ivan-Cuellar,es ESP,GK,Leganés,es La Liga,33,1984,35.0,43,5,3,5,0,40.2,0.26,-2.8,-0.08,270,779,34.7,729,64,80.1,55.4,198,98.5,69.8,309,30,9.7,28,0.80,15.6,Matches
48,Karl Darlow\Karl-Darlow,eng ENG,GK,Newcastle Utd,eng Premier League,26,1990,10.0,15,3,0,0,2,15.8,0.31,+2.8,+0.28,65,197,33.0,215,26,64.2,48.3,66,89.4,63.9,107,13,12.1,6,0.60,14.4,Matches
49,Abdoulaye Diallo\Abdoulaye-Diallo,sn SEN,GK,Rennes,fr Ligue 1,25,1992,3.0,5,1,1,0,0,6.9,0.37,+1.9,+0.64,9,32,28.1,53,10,37.7,36.2,12,100.0,64.2,19,3,15.8,2,0.67,18.9,Matches
50,Thomas Didillon\Thomas-Didillon,fr FRA,GK,Metz,fr Ligue 1,21,1995,9.0,14,3,0,0,1,12.7,0.28,-0.3,-0.03,50,119,42.0,156,37,48.7,40.7,46,93.5,60.9,126,13,10.3,3,0.33,13.6,Matches
51,Marko Dmitrović\Marko-Dmitrovic,rs SRB,GK,Eibar,es La Liga,25,1992,36.0,49,4,2,3,4,41.3,0.32,-3.7,-0.10,265,719,36.9,789,73,74.3,56.1,137,97.1,78.0,248,35,14.1,59,1.64,18.0,Matches
52,Jaume Doménech\Jaume-Domenech,es ESP,GK,Valencia,es La Liga,26,1990,5.0,5,0,0,1,0,6.3,0.31,+1.3,+0.27,16,43,37.2,89,24,33.7,31.1,18,72.2,55.8,70,7,10.0,3,0.60,14.7,Matches
53,Gianluigi Donnarumma\Gianluigi-Donnarumma,it ITA,GK,Milan,it Serie A,18,1999,38.0,42,2,0,4,1,40.8,0.30,-0.2,-0.01,192,402,47.8,892,136,33.0,31.5,194,55.7,42.2,305,23,7.5,14,0.37,14.4,Matches
54,Bartłomiej Drągowski\Bartlomiej-Dragowski,pl POL,GK,Fiorentina,it Serie A,19,1997,2.4,8,0,1,1,0,5.9,0.36,-2.1,-0.87,9,26,34.6,35,5,57.1,46.8,8,75.0,55.6,20,1,5.0,1,0.42,14.5,Matches
55,Martin Dúbravka\Martin-Dubravka,sk SVK,GK,Newcastle Utd,eng Premier League,28,1989,12.0,11,0,0,0,0,13.9,0.36,+2.9,+0.24,44,174,25.3,220,25,52.3,43.1,64,92.2,67.3,125,16,12.8,11,0.92,15.9,Matches
56,Maxime Dupé\Maxime-Dupe,fr FRA,GK,Nantes,fr Ligue 1,24,1993,1.0,3,1,0,1,0,1.9,0.25,-1.1,-1.11,7,13,53.8,8,1,62.5,46.9,8,100.0,65.4,13,2,15.4,1,1.00,13.8,Matches
57,Ederson\Ederson,br BRA,GK,Manchester City,eng Premier League,23,1993,35.5,26,0,1,1,1,22.6,0.28,-2.4,-0.07,112,207,54.1,850,125,18.8,27.9,75,62.7,54.7,178,25,14.0,47,1.32,19.0,Matches
58,Rob Elliot\Rob-Elliot,ie IRL,GK,Newcastle Utd,eng Premier League,31,1986,16.0,21,1,0,3,1,19.9,0.30,-0.1,-0.01,132,317,41.6,329,39,67.8,49.2,110,85.5,60.8,193,18,9.3,7,0.44,13.7,Matches
59,Michael Esser\Michael-Esser,de GER,GK,Hannover 96,de Bundesliga,29,1987,3.0,9,0,0,0,0,5.2,0.25,-3.8,-1.27,20,54,37.0,95,18,46.3,37.1,26,38.5,38.3,32,3,9.4,2,0.67,13.2,Matches
60,Łukasz Fabiański\Lukasz-Fabianski,pl POL,GK,Swansea City,eng Premier League,32,1985,38.0,56,3,1,7,2,58.6,0.29,+4.6,+0.12,251,662,37.9,782,102,56.8,46.3,236,92.4,67.2,446,41,9.2,14,0.37,13.7,Matches
61,Ralf Fährmann\Ralf-Fahrmann,de GER,GK,Schalke 04,de Bundesliga,28,1988,33.5,37,3,0,3,1,33.2,0.26,-2.8,-0.08,180,496,36.3,699,122,49.9,41.1,217,67.7,50.7,290,37,12.8,15,0.45,14.3,Matches
62,Andrés Fernández\Andres-Fernandez,es ESP,GK,Villarreal,es La Liga,30,1986,2.5,6,1,0,1,0,5.3,0.33,-0.7,-0.28,9,26,34.6,35,4,45.7,38.3,15,66.7,50.1,25,3,12.0,1,0.40,14.5,Matches
63,Raúl Fernández\Raul-Fernandez,es ESP,GK,Levante,es La Liga,29,1988,11.0,15,0,1,3,0,16.7,0.33,+1.7,+0.15,92,206,44.7,176,22,73.3,52.8,78,98.7,69.7,121,17,14.0,12,1.09,16.1,Matches
64,Fraser Forster\Fraser-Forster,eng ENG,GK,Southampton,eng Premier League,29,1988,20.0,30,0,1,3,1,27.4,0.28,-1.6,-0.08,86,301,28.6,317,52,63.1,49.6,115,87.8,66.1,189,12,6.3,7,0.35,12.9,Matches
65,Ben Foster\Ben-Foster,eng ENG,GK,West Brom,eng Premier League,34,1983,37.0,55,1,3,7,1,50.1,0.33,-3.9,-0.11,267,711,37.6,670,51,75.2,53.9,213,97.2,72.2,463,28,6.0,15,0.41,14.1,Matches
66,Paulo Gazzaniga\Paulo-Gazzaniga,ar ARG,GK,Tottenham,eng Premier League,25,1992,1.0,0,0,0,0,0,0.7,0.22,+0.7,+0.65,2,7,28.6,16,2,37.5,36.6,3,33.3,43.7,7,2,28.6,0,0.00,21.0,Matches
67,David de Gea\David-de-Gea,es ESP,GK,Manchester Utd,eng Premier League,26,1990,37.0,28,1,1,5,2,33.9,0.24,+7.9,+0.21,194,511,38.0,663,99,52.3,43.0,194,84.5,62.7,346,23,6.6,17,0.46,13.5,Matches
68,Rafał Gikiewicz\Rafal-Gikiewicz,pl POL,GK,Freiburg,de Bundesliga,29,1987,1.7,3,0,0,0,0,2.2,0.31,-0.8,-0.47,26,59,44.1,52,8,69.2,50.3,24,95.8,68.2,28,4,14.3,2,1.18,14.2,Matches
69,Dani Giménez\Dani-Gimenez,es ESP,GK,Betis,es La Liga,34,1983,3.4,0,0,0,0,0,2.2,0.31,+2.2,+0.64,10,38,26.3,82,8,41.5,39.1,9,44.4,40.0,39,1,2.6,0,0.00,10.6,Matches
70,Pierluigi Gollini\Pierluigi-Gollini,it ITA,GK,Atalanta,it Serie A,22,1995,6.9,4,0,0,1,0,5.3,0.31,+1.3,+0.19,33,58,56.9,145,26,26.9,32.5,40,47.5,45.5,51,2,3.9,5,0.72,17.4,Matches
71,Heurelho Gomes\Heurelho-Gomes,br BRA,GK,Watford,eng Premier League,36,1981,23.6,40,3,1,4,1,34.3,0.33,-4.7,-0.20,156,393,39.7,474,89,62.4,47.4,108,89.8,67.5,253,27,10.7,14,0.59,15.2,Matches
72,Alfred Gomis\Alfred-Gomis,sn SEN,GK,SPAL,it Serie A,23,1993,25.1,43,6,1,5,2,43.5,0.29,+2.5,+0.10,173,489,35.4,557,101,61.9,47.8,206,69.9,53.4,257,14,5.4,12,0.48,12.9,Matches
73,Mathieu Gorgelin\Mathieu-Gorgelin,fr FRA,GK,Lyon,fr Ligue 1,26,1990,4.0,6,0,1,0,0,3.5,0.29,-2.5,-0.64,4,24,16.7,54,6,35.2,38.4,9,55.6,50.3,44,6,13.6,2,0.50,14.4,Matches
74,Lee Grant\Lee-Grant,eng ENG,GK,Stoke City,eng Premier League,34,1983,3.0,7,0,0,1,0,4.5,0.32,-2.5,-0.83,23,49,46.9,59,11,64.4,49.0,12,91.7,69.4,23,2,8.7,3,1.00,19.7,Matches
75,Vicente Guaita\Vicente-Guaita,es ESP,GK,Getafe,es La Liga,30,1987,33.0,26,1,0,3,0,28.8,0.25,+2.8,+0.09,211,685,30.8,604,60,76.0,55.2,227,99.6,69.6,314,45,14.3,19,0.58,14.7,Matches
76,Péter Gulácsi\Peter-Gulacsi,hu HUN,GK,RB Leipzig,de Bundesliga,27,1990,33.0,52,5,0,9,0,50.7,0.33,-1.3,-0.04,226,550,41.1,870,141,46.3,39.9,196,75.0,55.2,278,24,8.6,32,0.97,17.2,Matches
77,Régis Gurtner\Regis-Gurtner,fr FRA,GK,Amiens,fr Ligue 1,30,1986,37.0,41,4,0,2,0,50.7,0.28,+9.7,+0.26,246,725,33.9,739,71,62.5,47.2,269,97.8,65.6,475,36,7.6,21,0.57,14.9,Matches
78,Ben Hamer\Ben-Hamer,eng ENG,GK,Leicester City,eng Premier League,29,1987,3.1,7,1,0,0,0,4.7,0.30,-2.3,-0.76,14,35,40.0,56,13,46.4,42.3,10,90.0,64.7,28,1,3.6,0,0.00,15.2,Matches
79,Samir Handanović\Samir-Handanovic,si SVN,GK,Inter,it Serie A,33,1984,38.0,30,2,1,2,4,33.2,0.26,+7.2,+0.19,167,321,52.0,781,234,24.7,28.5,268,47.8,39.1,369,21,5.7,10,0.26,12.9,Matches
80,Joe Hart\Joe-Hart,eng ENG,GK,West Ham,eng Premier League,30,1987,19.0,39,4,0,3,0,35.5,0.37,-3.5,-0.18,148,386,38.3,386,38,73.8,54.3,103,98.1,73.2,198,17,8.6,8,0.42,14.3,Matches
81,Tom Heaton\Tom-Heaton,eng ENG,GK,Burnley,eng Premier League,31,1986,3.4,4,0,0,2,0,4.3,0.33,+0.3,+0.09,23,63,36.5,70,18,65.7,53.8,22,77.3,65.3,30,2,6.7,0,0.00,11.2,Matches
82,Wayne Hennessey\Wayne-Hennessey,wal WAL,GK,Crystal Palace,eng Premier League,30,1987,27.0,41,1,1,7,2,39.3,0.31,+0.3,+0.01,193,508,38.0,482,75,71.2,54.1,173,95.4,75.2,308,25,8.1,14,0.52,13.9,Matches
83,Iago Herrerín\Iago-Herrerin,es ESP,GK,Athletic Club,es La Liga,29,1988,8.0,6,2,0,0,0,8.2,0.22,+2.2,+0.28,82,173,47.4,199,21,69.8,48.8,36,94.4,65.9,86,6,7.0,5,0.63,14.6,Matches
84,Marwin Hitz\Marwin-Hitz,ch SUI,GK,Augsburg,de Bundesliga,29,1987,32.0,42,1,2,10,1,42.8,0.26,+1.8,+0.06,272,576,47.2,860,136,49.5,41.2,246,61.0,48.5,246,18,7.3,23,0.72,14.4,Matches
85,Timo Horn\Timo-Horn,de GER,GK,Köln,de Bundesliga,24,1993,34.0,70,8,0,7,0,71.7,0.33,+1.7,+0.05,293,755,38.8,774,82,66.3,48.9,279,86.7,61.7,370,28,7.6,33,0.97,15.7,Matches
86,Lukáš Hrádecký\Lukas-Hradecky,fi FIN,GK,Eint Frankfurt,de Bundesliga,27,1989,34.0,45,2,2,8,2,41.0,0.30,-2.0,-0.06,282,704,40.1,1060,164,50.8,41.5,216,76.9,58.9,301,24,8.0,35,1.03,15.2,Matches
87,Gorka Iraizoz\Gorka-Iraizoz,es ESP,GK,Girona,es La Liga,36,1981,8.5,13,0,1,0,2,9.6,0.27,-1.4,-0.17,56,135,41.5,156,35,66.0,46.5,33,97.0,65.1,61,9,14.8,10,1.18,17.0,Matches
88,Eldin Jakupović\Eldin-Jakupovic,ch SUI,GK,Leicester City,eng Premier League,32,1984,2.0,6,0,0,0,1,5.0,0.43,0.0,0.00,10,26,38.5,33,7,60.6,53.6,7,85.7,66.4,19,1,5.3,4,2.00,15.6,Matches
89,Rune Jarstein\Rune-Jarstein,no NOR,GK,Hertha BSC,de Bundesliga,32,1984,31.0,44,5,0,8,1,36.7,0.25,-6.3,-0.20,297,772,38.5,860,90,65.6,47.1,233,89.3,63.0,292,20,6.8,14,0.45,13.2,Matches
90,Karl-Johan Johnsson\Karl-Johan-Johnsson,se SWE,GK,Guingamp,fr Ligue 1,27,1990,38.0,59,5,0,7,1,54.8,0.29,-3.2,-0.08,195,558,34.9,719,110,52.2,43.6,209,87.6,65.5,394,39,9.9,16,0.42,15.3,Matches
91,Bingourou Kamara\Bingourou-Kamara,sn SEN,GK,Strasbourg,fr Ligue 1,20,1996,18.8,32,2,0,6,0,24.9,0.26,-7.1,-0.38,102,255,40.0,362,42,46.1,40.1,101,87.1,61.4,212,21,9.9,6,0.32,11.6,Matches
92,Loris Karius\Loris-Karius,de GER,GK,Liverpool,eng Premier League,24,1993,19.0,14,2,0,3,0,15.2,0.31,+1.2,+0.06,63,205,30.7,480,87,35.2,35.4,53,67.9,53.4,161,15,9.3,12,0.63,15.9,Matches
93,Orestis Karnezis\Orestis-Karnezis,gr GRE,GK,Watford,eng Premier League,32,1985,14.4,24,3,0,2,0,21.4,0.37,-2.6,-0.18,93,261,35.6,267,21,80.9,55.1,47,95.7,64.1,139,11,7.9,5,0.35,14.0,Matches
94,Eiji Kawashima\Eiji-Kawashima,jp JPN,GK,Metz,fr Ligue 1,34,1983,28.6,60,0,1,10,1,54.5,0.32,-4.5,-0.16,151,449,33.6,522,98,57.5,45.2,158,94.3,67.3,274,19,6.9,24,0.84,15.6,Matches
95,Hervé Koffi\Herve-Koffi,bf BFA,GK,Lille,fr Ligue 1,20,1996,4.0,11,1,0,2,1,8.0,0.39,-2.0,-0.50,13,45,28.9,79,10,43.0,40.3,14,78.6,63.9,49,5,10.2,5,1.25,14.7,Matches
96,Tomáš Koubek\Tomas-Koubek,cz CZE,GK,Rennes,fr Ligue 1,24,1992,34.0,36,2,0,6,2,39.6,0.28,+5.6,+0.16,158,475,33.3,573,81,57.1,46.1,167,88.6,65.1,347,36,10.4,33,0.97,16.9,Matches
97,Maksym Koval\Maksym-Koval,ua UKR,GKMF,La Coruña,es La Liga,24,1992,1.3,3,0,0,0,0,1.5,0.29,-1.5,-1.14,6,17,35.3,27,9,40.7,37.2,7,85.7,67.9,16,1,6.3,3,2.23,22.0,Matches
98,Thomas Kraft\Thomas-Kraft,de GER,GK,Hertha BSC,de Bundesliga,29,1988,3.0,2,1,0,0,0,3.8,0.24,+1.8,+0.59,27,81,33.3,108,6,61.1,43.7,28,53.6,46.3,25,0,0.0,3,1.00,16.0,Matches
99,Alban Lafont\Alban-Lafont,fr FRA,GK,Toulouse,fr Ligue 1,18,1999,38.0,54,6,3,9,0,52.9,0.31,-1.1,-0.03,239,615,38.9,793,115,55.0,44.3,206,86.9,61.5,448,41,9.2,44,1.16,17.1,Matches
100,Eugenio Lamanna\Eugenio-Lamanna,it ITA,GK,Genoa,it Serie A,27,1989,1.0,1,0,0,0,0,1.6,0.54,+0.6,+0.62,7,16,43.8,16,1,56.3,47.3,9,77.8,55.3,11,0,0.0,0,0.00,13.5,Matches
101,Benjamin Lecomte\Benjamin-Lecomte,fr FRA,GK,Montpellier,fr Ligue 1,26,1991,38.0,33,5,1,4,0,38.0,0.28,+5.0,+0.13,217,510,42.5,761,178,52.0,41.4,161,70.8,51.8,336,46,13.7,18,0.47,16.0,Matches
102,Bernd Leno\Bernd-Leno,de GER,GK,Leverkusen,de Bundesliga,25,1992,33.0,40,5,2,3,0,34.5,0.29,-5.5,-0.17,216,578,37.4,982,131,44.6,38.8,225,62.2,50.6,223,12,5.4,32,0.97,18.0,Matches
103,Alexandre Letellier\Alexandre-Letellier,fr FRA,GK,Angers,fr Ligue 1,26,1990,13.0,17,2,0,3,1,13.5,0.27,-2.5,-0.20,72,164,43.9,197,44,53.3,43.9,59,100.0,72.1,133,9,6.8,6,0.46,16.5,Matches
104,Raúl Lizoain\Raul-Lizoain,es ESP,GK,Las Palmas,es La Liga,26,1991,11.0,27,2,0,3,0,21.5,0.33,-5.5,-0.50,35,83,42.2,236,42,26.3,30.0,31,67.7,48.4,103,8,7.8,4,0.36,14.1,Matches
105,Hugo Lloris\Hugo-Lloris,fr FRA,GK,Tottenham,eng Premier League,30,1986,36.0,35,2,1,8,0,36.2,0.29,+1.2,+0.03,145,339,42.8,835,144,31.9,34.8,121,60.3,48.9,310,26,8.4,34,0.94,16.5,Matches
106,Anthony Lopes\Anthony-Lopes,pt POR,GK,Lyon,fr Ligue 1,26,1990,34.0,37,5,1,3,3,35.7,0.22,+1.7,+0.05,110,285,38.6,688,113,31.8,34.4,123,53.7,48.5,365,29,7.9,18,0.53,14.8,Matches
107,Diego López\Diego-Lopez,es ESP,GK,Espanyol,es La Liga,35,1981,10.5,11,1,0,0,2,10.3,0.24,+1.3,+0.14,47,132,35.6,139,28,50.4,41.7,65,95.4,61.7,92,7,7.6,2,0.21,12.4,Matches
108,Pau López\Pau-Lopez,es ESP,GK,Espanyol,es La Liga,22,1994,27.5,31,3,0,5,0,40.3,0.30,+9.3,+0.33,147,416,35.3,480,104,57.7,44.5,148,93.9,65.6,281,33,11.7,16,0.56,15.0,Matches
109,Pedro López\Pedro-Lopez,es ESP,GK,Betis,es La Liga,22,1995,4.6,8,0,0,2,0,6.9,0.39,-1.1,-0.23,19,47,40.4,122,16,27.9,30.6,21,61.9,43.9,39,3,7.7,3,0.66,14.5,Matches
110,Jonas Lössl\Jonas-Lossl,dk DEN,GK,Huddersfield,eng Premier League,28,1989,38.0,57,4,0,6,1,56.1,0.34,-0.9,-0.02,326,793,41.1,956,79,62.6,48.8,217,89.9,67.4,343,27,7.9,43,1.13,17.6,Matches
111,Andreas Luthe\Andreas-Luthe,de GER,GK,Augsburg,de Bundesliga,30,1987,2.0,4,1,0,1,0,3.4,0.41,-0.6,-0.31,13,29,44.8,66,12,36.4,35.8,14,35.7,39.3,20,4,20.0,3,1.50,16.5,Matches
112,Raïs M'Bolhi\Rais-MBolhi,dz ALG,GK,Rennes,fr Ligue 1,31,1986,1.0,3,2,0,1,0,3.4,0.40,+0.4,+0.42,2,14,14.3,18,2,66.7,50.5,2,100.0,70.0,9,3,33.3,1,1.00,27.5,Matches
113,Mike Maignan\Mike-Maignan,fr FRA,GK,Lille,fr Ligue 1,21,1995,33.7,53,3,1,2,2,51.4,0.30,+0.4,+0.01,111,286,38.8,723,133,26.0,30.8,141,69.5,56.8,301,33,11.0,32,0.95,16.4,Matches
114,Steve Mandanda\Steve-Mandanda,fr FRA,GK,Marseille,fr Ligue 1,32,1985,29.8,37,4,2,5,1,36.4,0.29,+0.4,+0.01,122,329,37.1,601,101,42.3,37.8,108,69.4,52.5,242,24,9.9,10,0.33,14.1,Matches
115,Gabriele Marchegiani\Gabriele-Marchegiani,it ITA,GK,SPAL,it Serie A,21,1996,0.0,0,0,0,0,0,0.0,,0.0,,0,0,,0,0,,,0,,,0,0,,0,,,Matches
116,Emiliano Martínez\Emiliano-Martinez,ar ARG,GK,Getafe,es La Liga,24,1992,5.0,7,1,0,2,0,6.4,0.29,-0.6,-0.11,47,115,40.9,90,8,82.2,59.6,41,100.0,73.0,51,7,13.7,3,0.60,13.9,Matches
117,Christian Mathenia\Christian-Mathenia,de GER,GK,Hamburger SV,de Bundesliga,25,1992,24.0,38,3,0,4,1,36.4,0.38,-0.6,-0.02,126,432,29.2,507,73,57.2,44.7,181,78.5,58.5,180,9,5.0,11,0.46,14.3,Matches
118,Alex McCarthy\Alex-McCarthy,eng ENG,GK,Southampton,eng Premier League,27,1989,18.0,26,1,0,4,0,22.8,0.35,-3.2,-0.18,83,272,30.5,245,39,67.3,50.4,110,97.3,68.8,207,24,11.6,4,0.22,12.6,Matches
119,Alex Meret\Alex-Meret,it ITA,GK,SPAL,it Serie A,20,1997,12.9,16,3,0,2,2,19.4,0.28,+5.4,+0.42,88,229,38.4,250,25,56.0,42.5,107,83.2,55.6,132,13,9.8,3,0.23,13.0,Matches
120,Mathieu Michel\Mathieu-Michel,fr FRA,GK,Angers,fr Ligue 1,25,1991,6.6,13,2,0,0,1,9.0,0.27,-3.0,-0.45,34,80,42.5,103,29,48.5,40.1,34,88.2,61.3,59,1,1.7,2,0.30,16.0,Matches
121,Simon Mignolet\Simon-Mignolet,be BEL,GK,Liverpool,eng Premier League,29,1988,19.0,24,2,0,3,0,20.7,0.33,-3.3,-0.17,56,190,29.5,460,83,35.4,34.6,59,45.8,44.3,148,12,8.1,13,0.68,15.3,Matches
122,Vanja Milinković-Savić\Vanja-Milinkovic-Savic,rs SRB,GK,Torino,it Serie A,20,1997,1.0,1,0,0,0,0,1.1,0.27,+0.1,+0.09,8,23,34.8,41,6,39.0,41.5,8,87.5,66.8,11,1,9.1,0,0.00,14.0,Matches
123,Antonio Mirante\Antonio-Mirante,it ITA,GK,Bologna,it Serie A,34,1983,33.0,46,2,1,5,3,41.6,0.28,-1.4,-0.04,372,715,52.0,922,139,53.5,42.7,289,76.8,54.0,403,28,6.9,31,0.94,15.1,Matches
124,Jessy Moulin\Jessy-Moulin,fr FRA,GK,Saint-Étienne,fr Ligue 1,31,1986,3.4,6,1,1,1,0,7.5,0.26,+1.5,+0.43,21,59,35.6,74,10,47.3,41.7,24,100.0,69.6,47,6,12.8,0,0.00,10.6,Matches
125,Florian Müller\Florian-Muller,de GER,GK,Mainz 05,de Bundesliga,19,1997,5.0,7,0,0,2,0,6.1,0.30,-0.9,-0.18,31,98,31.6,119,24,52.9,42.0,41,85.4,60.6,51,1,2.0,3,0.60,13.6,Matches
126,Yvon Mvogo\Yvon-Mvogo,ch SUI,GK,RB Leipzig,de Bundesliga,23,1994,1.0,1,0,0,0,0,1.2,0.29,+0.2,+0.16,7,14,50.0,32,5,31.3,29.9,4,100.0,70.0,6,0,0.0,4,4.00,21.7,Matches
127,Boaz Myhill\Boaz-Myhill,wal WAL,GK,West Brom,eng Premier League,34,1982,1.0,1,0,0,0,0,1.3,0.43,+0.3,+0.28,6,12,50.0,10,0,80.0,49.9,5,80.0,53.4,15,2,13.3,0,0.00,6.0,Matches
128,Keylor Navas\Keylor-Navas,cr CRC,GK,Real Madrid,es La Liga,30,1986,27.0,31,2,0,8,1,33.8,0.28,+3.8,+0.14,59,153,38.6,434,90,24.7,31.7,63,73.0,57.6,215,22,10.2,19,0.70,15.1,Matches
129,Neto\Neto,br BRA,GK,Valencia,es La Liga,28,1989,33.0,33,3,1,5,0,44.2,0.27,+11.2,+0.34,143,383,37.3,420,92,55.7,44.0,171,87.1,63.5,353,27,7.6,6,0.18,13.1,Matches
130,Manuel Neuer\Manuel-Neuer,de GER,GK,Bayern Munich,de Bundesliga,31,1986,3.0,2,0,0,0,0,1.5,0.19,-0.5,-0.17,18,28,64.3,73,8,35.6,34.3,8,25.0,32.6,5,0,0.0,1,0.33,12.1,Matches
131,Alexander Nübel\Alexander-Nubel,de GER,GK,Schalke 04,de Bundesliga,20,1996,0.5,0,0,0,0,0,0.4,0.19,+0.4,+0.75,6,13,46.2,13,3,38.5,42.2,9,88.9,53.6,5,0,0.0,0,0.00,12.5,Matches
132,Jan Oblak\Jan-Oblak,si SVN,GK,Atlético Madrid,es La Liga,24,1993,37.0,22,1,1,2,1,32.5,0.24,+11.5,+0.31,151,447,33.8,497,70,60.0,45.1,181,82.3,58.2,378,30,7.9,10,0.27,14.1,Matches
133,Oier Olazábal\Oier-Olazabal,es ESP,GK,Levante,es La Liga,27,1989,26.0,39,5,0,4,3,41.2,0.33,+5.2,+0.20,151,397,38.0,395,49,67.1,48.8,144,91.7,61.5,278,27,9.7,12,0.46,13.3,Matches
134,David Ospina\David-Ospina,co COL,GK,Arsenal,eng Premier League,28,1988,4.2,3,0,0,1,0,3.8,0.27,+0.8,+0.20,17,35,48.6,86,11,27.9,33.0,14,78.6,53.8,53,2,3.8,3,0.71,11.8,Matches
135,Alexandre Oukidja\Alexandre-Oukidja,dz ALG,GK,Strasbourg,fr Ligue 1,29,1988,16.2,29,4,0,1,0,27.6,0.34,-1.4,-0.09,102,290,35.2,299,44,65.2,48.0,102,93.1,67.3,156,16,10.3,7,0.43,13.9,Matches
136,Ramazan Özcan\Ramazan-Ozcan,at AUT,GK,Leverkusen,de Bundesliga,33,1984,1.0,4,0,0,0,0,3.2,0.42,-0.8,-0.78,4,12,33.3,32,6,31.3,34.1,6,33.3,32.8,6,0,0.0,1,1.00,19.2,Matches
137,Fernando Pacheco\Fernando-Pacheco,es ESP,GK,Alavés,es La Liga,25,1992,37.3,50,7,2,7,2,53.3,0.28,+5.3,+0.14,248,586,42.3,532,69,70.1,47.4,228,93.4,62.2,413,21,5.1,9,0.24,12.9,Matches
138,Costel Pantilimon\Costel-Pantilimon,ro ROU,GK,La Coruña,es La Liga,30,1987,6.0,9,1,0,0,1,7.1,0.28,-0.9,-0.16,37,85,43.5,96,15,60.4,43.2,31,87.1,61.6,48,2,4.2,2,0.33,16.0,Matches
139,Jiří Pavlenka\Jiri-Pavlenka,cz CZE,GK,Werder Bremen,de Bundesliga,25,1992,34.0,40,2,0,6,2,44.1,0.27,+6.1,+0.18,250,613,40.8,901,175,50.9,42.4,244,63.1,51.7,282,18,6.4,14,0.41,13.3,Matches
140,Gianluca Pegolo\Gianluca-Pegolo,it ITA,GK,Sassuolo,it Serie A,36,1981,1.2,1,0,0,0,1,0.7,0.15,+0.7,+0.65,5,26,19.2,27,7,66.7,42.7,11,72.7,48.9,14,0,0.0,0,0.00,11.0,Matches
141,Yohann Pelé\Yohann-Pele,fr FRA,GK,Marseille,fr Ligue 1,34,1982,8.2,10,0,0,0,1,7.8,0.27,-1.2,-0.15,36,83,43.4,149,26,37.6,34.8,35,77.1,56.2,69,4,5.8,7,0.88,16.2,Matches
142,Mattia Perin\Mattia-Perin,it ITA,GK,Genoa,it Serie A,24,1992,37.0,42,4,1,2,2,43.5,0.24,+3.5,+0.10,323,791,40.8,874,114,58.0,43.9,319,89.0,60.2,365,21,5.8,20,0.54,13.9,Matches
143,Jordan Pickford\Jordan-Pickford,eng ENG,GK,Everton,eng Premier League,23,1994,38.0,58,3,0,7,0,57.8,0.31,-0.2,-0.01,285,834,34.2,884,129,67.4,53.7,257,92.6,74.0,413,30,7.3,28,0.74,15.3,Matches
144,Carlo Pinsoglio\Carlo-Pinsoglio,it ITA,GK,Juventus,it Serie A,27,1990,0.3,1,0,0,0,0,0.8,0.42,-0.2,-0.55,1,2,50.0,6,3,33.3,28.5,0,,,4,2,50.0,0,0.00,,Matches
145,Julian Pollersbeck\Julian-Pollersbeck,de GER,GK,Hamburger SV,de Bundesliga,22,1994,10.0,15,0,1,1,0,16.5,0.37,+1.5,+0.15,80,213,37.6,481,46,38.3,36.7,63,46.0,44.0,72,9,12.5,20,2.00,18.8,Matches
146,Nick Pope\Nick-Pope,eng ENG,GK,Burnley,eng Premier League,25,1992,34.6,35,3,0,3,1,44.7,0.28,+10.7,+0.31,295,868,34.0,791,90,80.8,59.0,238,96.2,74.9,442,52,11.8,20,0.58,15.2,Matches
147,Andrés Prieto\Andres-Prieto,es ESP,GK,Málaga,es La Liga,23,1993,4.0,10,2,0,0,0,9.2,0.43,-0.8,-0.21,24,65,36.9,57,1,75.4,53.9,22,100.0,70.3,32,4,12.5,0,0.00,11.5,Matches
148,Jérôme Prior\Jerome-Prior,fr FRA,GK,Bordeaux,fr Ligue 1,21,1995,2.0,3,0,0,0,0,2.0,0.24,-1.0,-0.52,4,15,26.7,20,2,55.0,39.8,5,80.0,55.8,21,1,4.8,1,0.50,14.1,Matches
149,Christian Puggioni\Christian-Puggioni,it ITA,GK,Sampdoria,it Serie A,36,1981,9.0,12,3,0,1,0,15.4,0.27,+3.4,+0.38,54,127,42.5,217,45,43.8,36.9,64,50.0,41.2,93,10,10.8,13,1.44,16.6,Matches
150,Christian Puggioni\Christian-Puggioni,it ITA,GK,Benevento,it Serie A,36,1981,13.1,26,5,0,3,0,23.9,0.34,-2.1,-0.16,81,187,43.3,326,71,36.5,34.9,107,63.6,46.9,147,16,10.9,9,0.69,14.3,Matches
151,Rafael\Rafael,br BRA,GK,Cagliari,it Serie A,35,1982,8.8,11,1,0,3,0,14.5,0.35,+3.5,+0.40,72,173,41.6,156,25,64.7,43.9,91,79.1,53.2,113,10,8.8,2,0.23,13.1,Matches
152,Toño Ramírez\Tono-Ramirez,es ESP,GK,Real Sociedad,es La Liga,30,1986,3.5,6,0,0,1,0,3.5,0.32,-2.5,-0.71,17,50,34.0,103,10,35.9,32.2,15,86.7,58.4,29,1,3.4,0,0.00,11.7,Matches
153,Pepe Reina\Pepe-Reina,es ESP,GK,Napoli,it Serie A,34,1982,37.0,29,2,2,4,0,26.1,0.25,-2.9,-0.08,173,361,47.9,885,150,30.5,33.3,191,47.6,41.7,223,10,4.5,31,0.84,16.7,Matches
154,Baptiste Reynet\Baptiste-Reynet,fr FRA,GK,Dijon,fr Ligue 1,26,1990,38.0,73,11,2,7,3,74.5,0.32,+4.5,+0.12,285,650,43.8,1153,171,45.8,40.2,182,67.0,52.6,446,47,10.5,48,1.26,16.9,Matches
155,Sergio Rico\Sergio-Rico,es ESP,GK,Sevilla,es La Liga,23,1993,24.0,39,3,1,5,0,32.6,0.32,-6.4,-0.27,93,254,36.6,411,93,42.6,36.2,101,78.2,56.0,231,26,11.3,6,0.25,12.5,Matches
156,Asier Riesgo\Asier-Riesgo,es ESP,GK,Eibar,es La Liga,33,1983,1.0,1,0,0,1,0,1.6,0.40,+0.6,+0.62,10,28,35.7,19,1,100.0,60.3,9,100.0,67.3,16,3,18.8,0,0.00,7.0,Matches
157,Roberto\Roberto,es ESP,GK,Málaga,es La Liga,31,1986,34.0,51,4,1,3,0,49.0,0.32,-2.0,-0.06,238,604,39.4,576,62,69.1,50.5,221,93.2,66.4,344,37,10.8,15,0.44,12.5,Matches
158,Sergio Romero\Sergio-Romero,ar ARG,GK,Manchester Utd,eng Premier League,30,1987,1.0,0,0,0,0,0,1.1,0.29,+1.1,+1.15,9,13,69.2,12,2,66.7,43.8,6,83.3,60.7,9,1,11.1,0,0.00,13.0,Matches
159,Francesco Rossi\Francesco-Rossi,it ITA,GK,Atalanta,it Serie A,26,1991,0.1,1,0,0,1,0,0.9,0.46,-0.1,-1.15,1,1,100.0,3,2,33.3,29.7,0,,,0,0,,0,0.00,9.0,Matches
160,Rubén\Ruben,es ESP,GK,La Coruña,es La Liga,33,1984,27.6,58,2,3,9,2,49.0,0.34,-7.0,-0.26,112,323,34.7,377,72,55.4,43.1,137,83.2,62.1,308,30,9.7,8,0.29,13.3,Matches
161,Stéphane Ruffier\Stephane-Ruffier,fr FRA,GK,Saint-Étienne,fr Ligue 1,30,1986,34.6,44,5,2,3,1,46.1,0.28,+3.1,+0.09,164,465,35.3,737,90,46.8,38.6,151,79.5,53.1,359,32,8.9,15,0.43,14.6,Matches
162,Gerónimo Rulli\Geronimo-Rulli,ar ARG,GK,Real Sociedad,es La Liga,25,1992,26.0,45,4,2,6,1,35.7,0.32,-8.3,-0.32,157,348,45.1,848,69,36.0,34.8,68,63.2,47.3,212,24,11.3,22,0.85,15.7,Matches
163,Mathew Ryan\Mathew-Ryan,au AUS,GK,Brighton,eng Premier League,25,1992,38.0,54,1,1,15,4,54.2,0.31,+4.2,+0.11,301,753,40.0,697,91,71.3,49.1,264,97.0,65.4,416,24,5.8,11,0.29,12.5,Matches
164,Mamadou Samassa\Mamadou-Samassa,ml MLI,GK,Troyes,fr Ligue 1,27,1990,21.0,31,2,0,4,1,29.1,0.25,+0.1,+0.01,92,318,28.9,380,75,53.2,43.9,119,97.5,65.5,269,23,8.6,11,0.52,15.6,Matches
165,Brice Samba\Brice-Samba,cg CGO,GK,Caen,fr Ligue 1,23,1994,3.5,4,1,0,0,0,5.6,0.27,+1.6,+0.45,23,56,41.1,63,10,57.1,45.3,24,83.3,62.3,21,0,0.0,1,0.29,11.4,Matches
166,Antonio Santurro\Antonio-Santurro,it ITA,GK,Bologna,it Serie A,25,1992,1.0,1,0,0,0,0,2.1,0.42,+1.1,+1.08,10,33,30.3,29,3,69.0,54.2,13,100.0,62.0,14,0,0.0,1,1.00,10.9,Matches
167,Kasper Schmeichel\Kasper-Schmeichel,dk DEN,GK,Leicester City,eng Premier League,30,1986,32.9,47,1,3,10,1,39.3,0.28,-6.7,-0.20,258,694,37.2,739,79,66.4,49.9,210,96.7,72.2,338,31,9.2,28,0.85,15.9,Matches
168,Alexander Schwolow\Alexander-Schwolow,de GER,GK,Freiburg,de Bundesliga,25,1992,32.3,53,4,1,9,4,44.6,0.30,-4.4,-0.14,319,791,40.3,1022,116,52.4,42.7,288,88.5,66.0,326,19,5.8,30,0.93,18.2,Matches
169,Simone Scuffet\Simone-Scuffet,it ITA,GK,Udinese,it Serie A,21,1996,6.0,11,0,0,2,1,8.1,0.27,-1.9,-0.32,36,99,36.4,113,20,60.2,43.1,36,86.1,55.9,52,6,11.5,1,0.17,12.4,Matches
170,Luigi Sepe\Luigi-Sepe,it ITA,GK,Napoli,it Serie A,26,1991,1.0,0,0,0,0,0,0.3,0.28,+0.3,+0.28,3,4,75.0,14,2,14.3,27.7,5,40.0,42.0,5,1,20.0,0,0.00,14.5,Matches
171,Marco Silvestri\Marco-Silvestri,it ITA,GK,Hellas Verona,it Serie A,26,1991,2.0,7,0,0,1,0,7.5,0.30,+0.5,+0.25,13,24,54.2,29,10,31.0,31.9,20,75.0,54.0,21,2,9.5,0,0.00,12.3,Matches
172,Tobias Sippel\Tobias-Sippel,de GER,GK,M'Gladbach,de Bundesliga,29,1988,4.8,10,0,0,0,0,10.0,0.42,0.0,0.00,34,90,37.8,148,14,45.3,41.0,29,79.3,58.2,41,2,4.9,6,1.25,18.0,Matches
173,Salvatore Sirigu\Salvatore-Sirigu,it ITA,GK,Torino,it Serie A,30,1987,37.0,45,5,3,5,0,48.4,0.27,+3.4,+0.09,255,571,44.7,943,185,42.0,37.4,270,64.8,47.9,399,31,7.8,34,0.92,14.6,Matches
174,Antonio Sivera\Antonio-Sivera,es ESP,GK,Alavés,es La Liga,20,1996,0.7,1,0,0,0,0,0.3,0.17,+0.3,+0.47,5,10,50.0,8,2,75.0,50.1,4,100.0,67.8,5,1,20.0,0,0.00,11.5,Matches
175,Łukasz Skorupski\Lukasz-Skorupski,pl POL,GK,Roma,it Serie A,26,1991,1.0,0,0,0,0,0,0.5,0.15,+0.5,+0.46,6,12,50.0,30,11,33.3,34.7,6,33.3,36.3,10,0,0.0,1,1.00,13.4,Matches
176,Yann Sommer\Yann-Sommer,ch SUI,GK,M'Gladbach,de Bundesliga,28,1988,29.2,42,4,0,6,1,40.8,0.27,-0.2,-0.01,199,520,38.3,986,132,38.5,35.8,228,61.4,48.1,315,26,8.3,16,0.55,13.8,Matches
177,David Soria\David-Soria,es ESP,GK,Sevilla,es La Liga,24,1993,14.0,19,2,0,1,1,17.5,0.29,-0.5,-0.04,51,126,40.5,228,44,36.8,33.6,56,75.0,52.6,134,14,10.4,6,0.43,14.4,Matches
178,Stefano Sorrentino\Stefano-Sorrentino,it ITA,GK,Chievo,it Serie A,38,1979,38.0,59,4,2,13,4,55.8,0.28,+0.8,+0.02,257,653,39.4,774,170,51.0,39.7,361,71.5,46.2,434,16,3.7,14,0.37,12.6,Matches
179,Julián Speroni\Julian-Speroni,ar ARG,GK,Crystal Palace,eng Premier League,38,1979,11.0,14,1,0,4,0,10.9,0.25,-3.1,-0.28,58,180,32.2,178,15,71.3,50.0,54,98.1,62.0,140,8,5.7,5,0.45,12.0,Matches
180,Marco Sportiello\Marco-Sportiello,it ITA,GK,Fiorentina,it Serie A,25,1992,35.6,38,2,2,5,0,40.8,0.29,+2.8,+0.08,153,394,38.8,750,185,36.8,34.8,235,50.2,42.2,318,40,12.6,11,0.31,13.7,Matches
181,Tom Starke\Tom-Starke,de GER,GK,Bayern Munich,de Bundesliga,36,1981,2.0,0,0,0,0,0,1.5,0.25,+1.5,+0.76,10,22,45.5,46,9,34.8,33.3,9,66.7,46.7,15,2,13.3,3,1.50,23.6,Matches
182,Thomas Strakosha\Thomas-Strakosha,al ALB,GK,Lazio,it Serie A,22,1995,38.0,49,9,2,5,2,51.1,0.29,+4.1,+0.11,248,509,48.7,854,163,45.8,37.9,250,47.2,43.2,290,12,4.1,23,0.61,15.2,Matches
183,Danijel Subašić\Danijel-Subasic,hr CRO,GK,Monaco,fr Ligue 1,32,1984,32.7,41,4,1,3,1,38.4,0.27,-1.6,-0.05,117,348,33.6,503,86,50.7,42.8,140,66.4,53.7,356,30,8.4,21,0.64,15.8,Matches
184,Seydou Sy\Seydou-Sy,sn SEN,GK,Monaco,fr Ligue 1,21,1995,2.8,4,1,0,1,0,5.3,0.29,+1.3,+0.47,18,47,38.3,48,9,45.8,38.0,27,92.6,59.6,40,5,12.5,0,0.00,10.9,Matches
185,Wojciech Szczęsny\Wojciech-Szczesny,pl POL,GK,Juventus,it Serie A,27,1990,17.0,9,0,1,2,0,11.5,0.34,+2.5,+0.15,107,194,55.2,354,74,38.4,36.2,85,68.2,49.4,126,6,4.8,2,0.12,12.5,Matches
186,Ciprian Tătărușanu\Ciprian-Tatarusanu,ro ROU,GK,Nantes,fr Ligue 1,31,1986,37.0,38,2,0,7,0,31.6,0.23,-6.4,-0.17,157,494,31.8,657,122,46.9,40.7,207,89.9,64.6,425,50,11.8,13,0.35,13.7,Matches
187,Marc-André ter Stegen\Marc-Andre-ter-Stegen,de GER,GK,Barcelona,es La Liga,25,1992,37.0,28,2,0,1,0,35.7,0.27,+7.7,+0.21,147,308,47.7,917,126,27.0,30.1,98,61.2,47.8,290,27,9.3,22,0.59,15.9,Matches
188,Kevin Trapp\Kevin-Trapp,de GER,GK,Paris S-G,fr Ligue 1,27,1990,4.0,4,2,0,0,0,6.7,0.33,+2.7,+0.68,4,6,66.7,55,11,10.9,21.5,5,0.0,21.4,48,3,6.3,0,0.00,12.3,Matches
189,Philipp Tschauner\Philipp-Tschauner,de GER,GK,Hannover 96,de Bundesliga,31,1985,31.0,45,2,1,12,0,47.5,0.31,+2.5,+0.08,271,579,46.8,852,150,49.3,38.8,252,63.1,45.7,297,10,3.4,21,0.68,15.3,Matches
190,Przemysław Tytoń\Przemyslaw-Tyton,pl POL,GK,La Coruña,es La Liga,30,1987,1.1,4,0,0,2,0,1.7,0.35,-2.3,-2.11,3,12,25.0,15,1,53.3,41.4,7,57.1,44.0,11,1,9.1,1,0.93,14.0,Matches
191,Sven Ulreich\Sven-Ulreich,de GER,GK,Bayern Munich,de Bundesliga,28,1988,29.0,26,1,1,2,3,25.0,0.28,+2.0,+0.07,130,337,38.6,790,139,35.2,34.1,136,43.4,41.7,168,12,7.1,25,0.86,16.8,Matches
192,Francis Uzoho\Francis-Uzoho,ng NGA,GK,La Coruña,es La Liga,18,1998,2.0,2,1,0,1,0,2.9,0.24,+0.9,+0.43,10,30,33.3,26,6,61.5,46.9,14,100.0,61.1,19,2,10.5,0,0.00,13.0,Matches
193,Koke Vegas\Koke-Vegas,es ESP,GK,Levante,es La Liga,21,1995,1.0,4,0,0,1,0,3.6,0.45,-0.4,-0.41,5,17,29.4,18,2,66.7,42.3,5,100.0,55.6,13,0,0.0,1,1.00,9.8,Matches
194,Rémy Vercoutre\Remy-Vercoutre,fr FRA,GK,Caen,fr Ligue 1,37,1980,34.5,48,4,0,6,4,38.7,0.27,-5.3,-0.15,303,657,46.1,712,74,68.7,50.5,176,95.5,64.6,360,33,9.2,17,0.49,14.5,Matches
195,Emiliano Viviano\Emiliano-Viviano,it ITA,GK,Sampdoria,it Serie A,31,1985,27.0,43,2,1,5,1,42.2,0.30,+0.2,+0.01,182,445,40.9,606,82,52.1,41.6,183,70.5,53.4,275,12,4.4,16,0.59,15.1,Matches
196,Michel Vorm\Michel-Vorm,nl NED,GK,Tottenham,eng Premier League,33,1983,1.0,1,0,0,0,1,0.2,0.04,+0.2,+0.17,4,7,57.1,19,7,26.3,29.3,9,22.2,34.1,12,0,0.0,1,1.00,20.5,Matches
197,Roman Weidenfeller\Roman-Weidenfeller,de GER,GK,Dortmund,de Bundesliga,36,1980,1.0,4,0,0,1,0,3.4,0.49,-0.6,-0.59,4,26,15.4,34,1,55.9,40.3,8,87.5,60.8,7,0,0.0,1,1.00,17.4,Matches
198,Axel Werner\Axel-Werner,ar ARG,GK,Atlético Madrid,es La Liga,21,1996,1.0,0,0,0,0,0,0.5,0.16,+0.5,+0.47,2,10,20.0,9,1,66.7,49.9,4,100.0,60.3,12,0,0.0,0,0.00,9.7,Matches
199,Yoel\Yoel,es ESP,GK,Eibar,es La Liga,28,1988,1.0,1,0,0,0,0,0.8,0.16,+0.8,+0.80,9,25,36.0,22,1,95.5,58.4,4,100.0,65.3,13,1,7.7,3,3.00,16.3,Matches
200,Erwin Zelazny\Erwin-Zelazny,fr FRA,GK,Troyes,fr Ligue 1,25,1991,17.0,28,2,0,4,0,25.1,0.26,-2.9,-0.17,118,341,34.6,396,49,55.6,44.8,126,96.0,65.4,224,24,10.7,9,0.53,15.2,Matches
201,Robin Zentner\Robin-Zentner,de GER,GK,Mainz 05,de Bundesliga,22,1994,15.0,27,4,1,3,1,25.6,0.34,-0.4,-0.03,97,298,32.6,387,79,53.0,42.4,124,75.0,57.3,116,11,9.5,19,1.27,15.6,Matches
202,Luca Zidane\Luca-Zidane,fr FRA,GK,Real Madrid,es La Liga,19,1998,1.0,2,0,0,0,0,1.0,0.25,-1.0,-0.99,0,1,0.0,18,3,5.6,25.2,2,0.0,23.0,5,1,20.0,0,0.00,11.2,Matches
203,Ron-Robert Zieler\Ron-Robert-Zieler,de GER,GK,Stuttgart,de Bundesliga,28,1989,34.0,36,4,2,2,0,42.9,0.27,+6.9,+0.20,299,880,34.0,1015,111,63.6,46.8,279,83.9,62.8,359,28,7.8,23,0.68,14.9,Matches
