Player,Nation,Pos,Born,Rk,Squad,Age,MP,Starts,Min,90s,GA,GA90,SoTA,Saves,Save%,W,D,L,CS,CS%,PKatt,PKA,PKsv,PKm,Save%.1,Matches
Antonio Adán,es ESP,GK,1987,,,,,,,,,,,,,,,,,,,,,,,
René Adler,de GER,GK,1985,,,,,,,,,,,,,,,,,,,,,,,
Adrián,es ESP,GK,1987,,,,,,,,,,,,,,,,,,,,,,,
Ryan Allsop,eng ENG,GK,1992,,,,,,,,,,,,,,,,,,,,,,,
Sergio Álvarez,es ESP,GK,1986,,,,,,,,,,,,,,,,,,,,,,,
Diego Alves,br BRA,GK,1985,,,,,,,,,,,,,,,,,,,,,,,
Jon Ander Serantes,es ESP,GK,1989,,,,,,,,,,,,,,,,,,,,,,,
Miguel Ángel Moyá,es ESP,GK,1984,,,,,,,,,,,,,,,,,,,,,,,
Markel Areitio,es ESP,GK,1996,,,,,,,,,,,,,,,,,,,,,,,
Alphonse Areola,fr FRA,GK,1993,,,,,,,,,,,,,,,,,,,,,,,
Kepa Arrizabalaga,es ESP,GK,1994,,,,,,,,,,,,,,,,,,,,,,,
Sergio Asenjo,es ESP,GK,1989,,,,,,,,,,,,,,,,,,,,,,,
Emil Audero,it ITA,GK,1997,,,,,,,,,,,,,,,,,,,,,,,
Loic Badiashile,fr FRA,GK,1998,,,,,,,,,,,,,,,,,,,,,,,
Diego Barrios,es ESP,GK,1994,,,,,,,,,,,,,,,,,,,,,,,
Oliver Baumann,de GER,GK,1990,,,,,,,,,,,,,,,,,,,,,,,
Asmir Begović,ba BIH,GK,1987,,,,,,,,,,,,,,,,,,,,,,,
Diego Benaglio,ch SUI,GK,1983,,,,,,,,,,,,,,,,,,,,,,,
Walter Benítez,ar ARG,GK,1993,,,,,,,,,,,,,,,,,,,,,,,
Etrit Berisha,al ALB,GK,1989,,,,,,,,,,,,,,,,,,,,,,,
Albano Bizzarri,ar ARG,GK,1977,,,,,,,,,,,,,,,,,,,,,,,
Rubén Blanco,es ESP,GK,1995,,,,,,,,,,,,,,,,,,,,,,,
Artur Boruc,pl POL,GK,1980,,,,,,,,,,,,,,,,,,,,,,,
Denys Boyko,ua UKR,GK,1988,,,,,,,,,,,,,,,,,,,,,,,
Claudio Bravo,cl CHI,GK,1983,,,,,,,,,,,,,,,,,,,,,,,
Alberto Brignoli,it ITA,GK,1991,,,,,,,,,,,,,,,,,,,,,,,
Gianluigi Buffon,it ITA,GK,1978,,,,,,,,,,,,,,,,,,,,,,,
Roman Bürki,ch SUI,GK,1990,,,,,,,,,,,,,,,,,,,,,,,
Jack Butland,eng ENG,GK,1993,,,,,,,,,,,,,,,,,,,,,,,
Willy Caballero,ar ARG,GK,1981,,,,,,,,,,,,,,,,,,,,,,,
Rafael Cabral,br BRA,GK,1990,,,,,,,,,,,,,,,,,,,,,,,
Yoan Cardinale,fr FRA,GK,1994,,,,,,,,,,,,,,,,,,,,,,,
Cédric Carrasso,fr FRA,GK,1981,,,,,,,,,,,,,,,,,,,,,,,
Kiko Casilla,es ESP,GK,1986,,,,,,,,,,,,,,,,,,,,,,,
Koen Casteels,be BEL,GK,1992,,,,,,,,,,,,,,,,,,,,,,,
Joel Castro Pereira,pt POR,GK,1996,,,,,,,,,,,,,,,,,,,,,,,
Petr Čech,cz CZE,GK,1982,,,,,,,,,,,,,,,,,,,,,,,
Nereo Champagne,ar ARG,GK,1985,,,,,,,,,,,,,,,,,,,,,,,
Paul Charruau,fr FRA,GK,1993,,,,,,,,,,,,,,,,,,,,,,,
Sergei Chernik,by BLR,GK,1988,,,,,,,,,,,,,,,,,,,,,,,
Jasper Cillessen,nl NED,GK,1989,,,,,,,,,,,,,,,,,,,,,,,
Fabio Coltorti,ch SUI,GK,1980,,,,,,,,,,,,,,,,,,,,,,,
Andrea Consigli,it ITA,GK,1987,,,,,,,,,,,,,,,,,,,,,,,
Alex Cordaz,it ITA,GK,1983,,,,,,,,,,,,,,,,,,,,,,,
Angelo da Costa Júnior,br BRA,GK,1983,,,,,,,,,,,,,,,,,,,,,,,
Benoît Costil,fr FRA,GK,1987,,,,,,,,,,,,,,,,,,,,,,,
Thibaut Courtois,be BEL,GK,1992,,,,,,,,,,,,,,,,,,,,,,,
Luca Crosta,it ITA,GK,1998,,,,,,,,,,,,,,,,,,,,,,,
Iván Cuéllar,es ESP,GK,1984,,,,,,,,,,,,,,,,,,,,,,,
Morgan De Sanctis,it ITA,GK,1977,,,,,,,,,,,,,,,,,,,,,,,
Paul Delecroix,fr FRA,GK,1988,,,,,,,,,,,,,,,,,,,,,,,
Thomas Didillon,fr FRA,GK,1995,,,,,,,,,,,,,,,,,,,,,,,
Jaume Doménech,es ESP,GK,1990,,,,,,,,,,,,,,,,,,,,,,,
Gianluigi Donnarumma,it ITA,GK,1999,,,,,,,,,,,,,,,,,,,,,,,
Bartłomiej Drągowski,pl POL,GK,1997,,,,,,,,,,,,,,,,,,,,,,,
Matthieu Dreyer,fr FRA,GK,1989,,,,,,,,,,,,,,,,,,,,,,,
Jaroslav Drobný,cz CZE,GK,1979,,,,,,,,,,,,,,,,,,,,,,,
Maxime Dupé,fr FRA,GK,1993,,,,,,,,,,,,,,,,,,,,,,,
Vincent Enyeama,ng NGA,GK,1982,,,,,,,,,,,,,,,,,,,,,,,
Michael Esser,de GER,GK,1987,,,,,,,,,,,,,,,,,,,,,,,
Łukasz Fabiański,pl POL,GK,1985,,,,,,,,,,,,,,,,,,,,,,,
Ralf Fährmann,de GER,GK,1988,,,,,,,,,,,,,,,,,,,,,,,
Adam Federici,au AUS,GK,1985,,,,,,,,,,,,,,,,,,,,,,,
Álvaro Fernández,es ESP,GK,1998,,,,,,,,,,,,,,,,,,,,,,,
Andrés Fernández,es ESP,GK,1986,,,,,,,,,,,,,,,,,,,,,,,
Mario Fernández,es ESP,GK,1988,,,,,,,,,,,,,,,,,,,,,,,
Marco Festa,it ITA,GK,1992,,,,,,,,,,,,,,,,,,,,,,,
Vincenzo Fiorillo,it ITA,GK,1990,,,,,,,,,,,,,,,,,,,,,,,
Fraser Forster,eng ENG,GK,1988,,,,,,,,,,,,,,,,,,,,,,,
Ben Foster,eng ENG,GK,1983,,,,,,,,,,,,,,,,,,,,,,,
Andrea Fulignati,it ITA,GK,1994,,,,,,,,,,,,,,,,,,,,,,,
Gabriel,br BRA,GK,1992,,,,,,,,,,,,,,,,,,,,,,,
David de Gea,es ESP,GK,1990,,,,,,,,,,,,,,,,,,,,,,,
Dani Giménez,es ESP,GK,1983,,,,,,,,,,,,,,,,,,,,,,,
Shay Given,ie IRL,GK,1976,,,,,,,,,,,,,,,,,,,,,,,
Mauro Goicoechea,uy URU,GK,1988,,,,,,,,,,,,,,,,,,,,,,,
Pierluigi Gollini,it ITA,GK,1995,,,,,,,,,,,,,,,,,,,,,,,
Heurelho Gomes,br BRA,GK,1981,,,,,,,,,,,,,,,,,,,,,,,
Mathieu Gorgelin,fr FRA,GK,1990,,,,,,,,,,,,,,,,,,,,,,,
Lee Grant,eng ENG,GK,1983,,,,,,,,,,,,,,,,,,,,,,,
Théo Guivarch,fr FRA,GK,1995,,,,,,,,,,,,,,,,,,,,,,,
Péter Gulácsi,hu HUN,GK,1990,,,,,,,,,,,,,,,,,,,,,,,
Brad Guzan,us USA,GK,1984,,,,,,,,,,,,,,,,,,,,,,,
Samir Handanović,si SVN,GK,1984,,,,,,,,,,,,,,,,,,,,,,,
Martin Hansen,dk DEN,GK,1990,,,,,,,,,,,,,,,,,,,,,,,
Joe Hart,eng ENG,GK,1987,,,,,,,,,,,,,,,,,,,,,,,
Tom Heaton,eng ENG,GK,1986,,,,,,,,,,,,,,,,,,,,,,,
Wayne Hennessey,wal WAL,GK,1987,,,,,,,,,,,,,,,,,,,,,,,
Iago Herrerín,es ESP,GK,1988,,,,,,,,,,,,,,,,,,,,,,,
Daniel Heuer Fernandes,pt POR,GK,1992,,,,,,,,,,,,,,,,,,,,,,,
Marwin Hitz,ch SUI,GK,1987,,,,,,,,,,,,,,,,,,,,,,,
Timo Horn,de GER,GK,1993,,,,,,,,,,,,,,,,,,,,,,,
Lukáš Hrádecký,fi FIN,GK,1989,,,,,,,,,,,,,,,,,,,,,,,
Jannik Huth,de GER,GK,1994,,,,,,,,,,,,,,,,,,,,,,,
Gorka Iraizoz,es ESP,GK,1981,,,,,,,,,,,,,,,,,,,,,,,
Eldin Jakupović,ch SUI,GK,1984,,,,,,,,,,,,,,,,,,,,,,,
Rune Jarstein,no NOR,GK,1984,,,,,,,,,,,,,,,,,,,,,,,
Karl-Johan Johnsson,se SWE,GK,1990,,,,,,,,,,,,,,,,,,,,,,,
Geoffrey Jourdren,fr FRA,GK,1986,,,,,,,,,,,,,,,,,,,,,,,
Carlos Kameni,cm CMR,GK,1984,,,,,,,,,,,,,,,,,,,,,,,
Loris Karius,de GER,GK,1993,,,,,,,,,,,,,,,,,,,,,,,
Orestis Karnezis,gr GRE,GK,1985,,,,,,,,,,,,,,,,,,,,,,,
Eiji Kawashima,jp JPN,GK,1983,,,,,,,,,,,,,,,,,,,,,,,
Thomas Kessler,de GER,GK,1986,,,,,,,,,,,,,,,,,,,,,,,
Alban Lafont,fr FRA,GK,1999,,,,,,,,,,,,,,,,,,,,,,,
Eugenio Lamanna,it ITA,GK,1989,,,,,,,,,,,,,,,,,,,,,,,
Jean-Louis Leca,fr FRA,GK,1985,,,,,,,,,,,,,,,,,,,,,,,
Benjamin Lecomte,fr FRA,GK,1991,,,,,,,,,,,,,,,,,,,,,,,
Bernd Leno,de GER,GK,1992,,,,,,,,,,,,,,,,,,,,,,,
Benjamin Leroy,fr FRA,GK,1989,,,,,,,,,,,,,,,,,,,,,,,
Alexandre Letellier,fr FRA,GK,1990,,,,,,,,,,,,,,,,,,,,,,,
Luca Lezzerini,it ITA,GK,1995,,,,,,,,,,,,,,,,,,,,,,,
Heinz Lindner,at AUT,GK,1990,,,,,,,,,,,,,,,,,,,,,,,
Raúl Lizoain,es ESP,GK,1991,,,,,,,,,,,,,,,,,,,,,,,
Hugo Lloris,fr FRA,GK,1986,,,,,,,,,,,,,,,,,,,,,,,
Anthony Lopes,pt POR,GK,1990,,,,,,,,,,,,,,,,,,,,,,,
Diego López,es ESP,GK,1981,,,,,,,,,,,,,,,,,,,,,,,
Jonas Lössl,dk DEN,GK,1989,,,,,,,,,,,,,,,,,,,,,,,
Andreas Luthe,de GER,GK,1987,,,,,,,,,,,,,,,,,,,,,,,
Germán Lux,ar ARG,GK,1982,,,,,,,,,,,,,,,,,,,,,,,
Mike Maignan,fr FRA,GK,1995,,,,,,,,,,,,,,,,,,,,,,,
Anthony Maisonnial,fr FRA,GK,1998,,,,,,,,,,,,,,,,,,,,,,,
Steve Mandanda,fr FRA,GK,1985,,,,,,,,,,,,,,,,,,,,,,,
Vito Mannone,it ITA,GK,1988,,,,,,,,,,,,,,,,,,,,,,,
Federico Marchetti,it ITA,GK,1983,,,,,,,,,,,,,,,,,,,,,,,
Diego Mariño,es ESP,GK,1990,,,,,,,,,,,,,,,,,,,,,,,
David Marshall,sco SCO,GK,1985,,,,,,,,,,,,,,,,,,,,,,,
Emiliano Martínez,ar ARG,GK,1992,,,,,,,,,,,,,,,,,,,,,,,
Christian Mathenia,de GER,GK,1992,,,,,,,,,,,,,,,,,,,,,,,
Mathieu Michel,fr FRA,GK,1991,,,,,,,,,,,,,,,,,,,,,,,
Tom Mickel,de GER,GK,1989,,,,,,,,,,,,,,,,,,,,,,,
Simon Mignolet,be BEL,GK,1988,,,,,,,,,,,,,,,,,,,,,,,
Antonio Mirante,it ITA,GK,1983,,,,,,,,,,,,,,,,,,,,,,,
Jessy Moulin,fr FRA,GK,1986,,,,,,,,,,,,,,,,,,,,,,,
Sven Müller,de GER,GK,1996,,,,,,,,,,,,,,,,,,,,,,,
Guy N'dy Assembé,cm CMR,GK,1986,,,,,,,,,,,,,,,,,,,,,,,
Keylor Navas,cr CRC,GK,1986,,,,,,,,,,,,,,,,,,,,,,,
Neto,br BRA,GK,1989,,,,,,,,,,,,,,,,,,,,,,,
Manuel Neuer,de GER,GK,1986,,,,,,,,,,,,,,,,,,,,,,,
Kristoffer Nordfeldt,se SWE,GK,1989,,,,,,,,,,,,,,,,,,,,,,,
Ørjan Nyland,no NOR,GK,1990,,,,,,,,,,,,,,,,,,,,,,,
David Oberhauser,fr FRA,GK,1990,,,,,,,,,,,,,,,,,,,,,,,
Jan Oblak,si SVN,GK,1993,,,,,,,,,,,,,,,,,,,,,,,
Guillermo Ochoa,mx MEX,GK,1985,,,,,,,,,,,,,,,,,,,,,,,
Adrián Ortolá,es ESP,GK,1993,,,,,,,,,,,,,,,,,,,,,,,
David Ospina,co COL,GK,1988,,,,,,,,,,,,,,,,,,,,,,,
Juan Pablo Carrizo,ar ARG,GK,1984,,,,,,,,,,,,,,,,,,,,,,,
Fernando Pacheco,es ESP,GK,1992,,,,,,,,,,,,,,,,,,,,,,,
Daniele Padelli,it ITA,GK,1985,,,,,,,,,,,,,,,,,,,,,,,
Costel Pantilimon,ro ROU,GK,1987,,,,,,,,,,,,,,,,,,,,,,,
Alberto Pelagotti,it ITA,GK,1989,,,,,,,,,,,,,,,,,,,,,,,
Yohann Pelé,fr FRA,GK,1982,,,,,,,,,,,,,,,,,,,,,,,
Nauzet Pérez,es ESP,GK,1985,,,,,,,,,,,,,,,,,,,,,,,
Mattia Perin,it ITA,GK,1992,,,,,,,,,,,,,,,,,,,,,,,
Denis Petrić,rs SRB,GK,1988,,,,,,,,,,,,,,,,,,,,,,,
Jordan Pickford,eng ENG,GK,1994,,,,,,,,,,,,,,,,,,,,,,,
Laurent Pionnier,fr FRA,GK,1982,,,,,,,,,,,,,,,,,,,,,,,
Josip Posavec,hr CRO,GK,1996,,,,,,,,,,,,,,,,,,,,,,,
Jérôme Prior,fr FRA,GK,1995,,,,,,,,,,,,,,,,,,,,,,,
Christian Puggioni,it ITA,GK,1981,,,,,,,,,,,,,,,,,,,,,,,
Rafael,br BRA,GK,1982,,,,,,,,,,,,,,,,,,,,,,,
Darren Randolph,ie IRL,GK,1987,,,,,,,,,,,,,,,,,,,,,,,
Pepe Reina,es ESP,GK,1982,,,,,,,,,,,,,,,,,,,,,,,
Paul Reulet,fr FRA,GK,1994,,,,,,,,,,,,,,,,,,,,,,,
Baptiste Reynet,fr FRA,GK,1990,,,,,,,,,,,,,,,,,,,,,,,
Sergio Rico,es ESP,GK,1993,,,,,,,,,,,,,,,,,,,,,,,
Asier Riesgo,es ESP,GK,1983,,,,,,,,,,,,,,,,,,,,,,,
Rémy Riou,fr FRA,GK,1987,,,,,,,,,,,,,,,,,,,,,,,
Roberto,es ESP,GK,1986,,,,,,,,,,,,,,,,,,,,,,,
Paul Robinson,eng ENG,GK,1979,,,,,,,,,,,,,,,,,,,,,,,
Joel Robles,es ESP,GK,1990,,,,,,,,,,,,,,,,,,,,,,,
Davy Roef,be BEL,GK,1994,,,,,,,,,,,,,,,,,,,,,,,
Sergio Romero,ar ARG,GK,1987,,,,,,,,,,,,,,,,,,,,,,,
Rubinho,br BRA,GK,1982,,,,,,,,,,,,,,,,,,,,,,,
Stéphane Ruffier,fr FRA,GK,1986,,,,,,,,,,,,,,,,,,,,,,,
Gerónimo Rulli,ar ARG,GK,1992,,,,,,,,,,,,,,,,,,,,,,,
Mathew Ryan,au AUS,GK,1992,,,,,,,,,,,,,,,,,,,,,,,
Romain Salin,fr FRA,GK,1984,,,,,,,,,,,,,,,,,,,,,,,
Kasper Schmeichel,dk DEN,GK,1986,,,,,,,,,,,,,,,,,,,,,,,
Alexander Schwolow,de GER,GK,1992,,,,,,,,,,,,,,,,,,,,,,,
Simone Scuffet,it ITA,GK,1996,,,,,,,,,,,,,,,,,,,,,,,
Andrea Seculin,it ITA,GK,1990,,,,,,,,,,,,,,,,,,,,,,,
Salvatore Sirigu,it ITA,GK,1987,,,,,,,,,,,,,,,,,,,,,,,
Łukasz Skorupski,pl POL,GK,1991,,,,,,,,,,,,,,,,,,,,,,,
Yann Sommer,ch SUI,GK,1988,,,,,,,,,,,,,,,,,,,,,,,
David Soria,es ESP,GK,1993,,,,,,,,,,,,,,,,,,,,,,,
Stefano Sorrentino,it ITA,GK,1979,,,,,,,,,,,,,,,,,,,,,,,
Marco Sportiello,it ITA,GK,1992,,,,,,,,,,,,,,,,,,,,,,,
Tom Starke,de GER,GK,1981,,,,,,,,,,,,,,,,,,,,,,,
Maarten Stekelenburg,nl NED,GK,1982,,,,,,,,,,,,,,,,,,,,,,,
Marco Storari,it ITA,GK,1977,,,,,,,,,,,,,,,,,,,,,,,
Thomas Strakosha,al ALB,GK,1995,,,,,,,,,,,,,,,,,,,,,,,
Danijel Subašić,hr CRO,GK,1984,,,,,,,,,,,,,,,,,,,,,,,
Seydou Sy,sn SEN,GK,1995,,,,,,,,,,,,,,,,,,,,,,,
Wojciech Szczęsny,pl POL,GK,1990,,,,,,,,,,,,,,,,,,,,,,,
Ciprian Tătărușanu,ro ROU,GK,1986,,,,,,,,,,,,,,,,,,,,,,,
Marc-André ter Stegen,de GER,GK,1992,,,,,,,,,,,,,,,,,,,,,,,
Alexis Thébaux,fr FRA,GK,1985,,,,,,,,,,,,,,,,,,,,,,,
Kevin Trapp,de GER,GK,1990,,,,,,,,,,,,,,,,,,,,,,,
Przemysław Tytoń,pl POL,GK,1987,,,,,,,,,,,,,,,,,,,,,,,
Sven Ulreich,de GER,GK,1988,,,,,,,,,,,,,,,,,,,,,,,
Víctor Valdés,es ESP,GK,1982,,,,,,,,,,,,,,,,,,,,,,,
Javi Varas,es ESP,GK,1982,,,,,,,,,,,,,,,,,,,,,,,
Ivan Vargić,hr CRO,GK,1987,,,,,,,,,,,,,,,,,,,,,,,
Rémy Vercoutre,fr FRA,GK,1980,,,,,,,,,,,,,,,,,,,,,,,
Iván Villar,es ESP,GK,1997,,,,,,,,,,,,,,,,,,,,,,,
Thomas Vincensini,fr FRA,GK,1993,,,,,,,,,,,,,,,,,,,,,,,
Emiliano Viviano,it ITA,GK,1985,,,,,,,,,,,,,,,,,,,,,,,
Michel Vorm,nl NED,GK,1983,,,,,,,,,,,,,,,,,,,,,,,
Roman Weidenfeller,de GER,GK,1980,,,,,,,,,,,,,,,,,,,,,,,
Felix Wiedwald,de GER,GK,1990,,,,,,,,,,,,,,,,,,,,,,,
Yoel,es ESP,GK,1988,,,,,,,,,,,,,,,,,,,,,,,
Ron-Robert Zieler,de GER,GK,1989,,,,,,,,,,,,,,,,,,,,,,,
Rúnar Alex Rúnarsson,is ISL,GK,1995,,,,,,,,,,,,,,,,,,,,,,,
Alisson,br BRA,GK,1992,,,,,,,,,,,,,,,,,,,,,,,
Bobby Allain,fr FRA,GK,1991,,,,,,,,,,,,,,,,,,,,,,,
Francesco Bardi,it ITA,GK,1992,,,,,,,,,,,,,,,,,,,,,,,
Paul Bernardoni,fr FRA,GK,1997,,,,,,,,,,,,,,,,,,,,,,,
Dimitry Bertaud,fr FRA,GK,1998,,,,,,,,,,,,,,,,,,,,,,,
Marcus Bettinelli,eng ENG,GK,1992,,,,,,,,,,,,,,,,,,,,,,,
Zacharie Boucher,fr FRA,GK,1992,,,,,,,,,,,,,,,,,,,,,,,
Yassine Bounou,ma MAR,GK,1991,,,,,,,,,,,,,,,,,,,,,,,
Fabian Bredlow,de GER,GK,1995,,,,,,,,,,,,,,,,,,,,,,,
Ludovic Butelle,fr FRA,GK,1983,,,,,,,,,,,,,,,,,,,,,,,
David Button,eng ENG,GK,1989,,,,,,,,,,,,,,,,,,,,,,,
Marc-Aurèle Caillard,fr FRA,GK,1994,,,,,,,,,,,,,,,,,,,,,,,
Leandro Chichizola,ar ARG,GK,1990,,,,,,,,,,,,,,,,,,,,,,,
Joel Coleman,eng ENG,GK,1995,,,,,,,,,,,,,,,,,,,,,,,
Alessio Cragno,it ITA,GK,1994,,,,,,,,,,,,,,,,,,,,,,,
Abdoulaye Diallo,sn SEN,GK,1992,,,,,,,,,,,,,,,,,,,,,,,
Javier Díaz,es ESP,GK,1997,,,,,,,,,,,,,,,,,,,,,,,
Stole Dimitrievski,mk MKD,GK,1993,,,,,,,,,,,,,,,,,,,,,,,
Marko Dmitrović,rs SRB,GK,1992,,,,,,,,,,,,,,,,,,,,,,,
Martin Dúbravka,sk SVK,GK,1989,,,,,,,,,,,,,,,,,,,,,,,
Ederson,br BRA,GK,1993,,,,,,,,,,,,,,,,,,,,,,,
Neil Etheridge,ph PHI,GK,1990,,,,,,,,,,,,,,,,,,,,,,,
Fabricio,es ESP,GK,1987,,,,,,,,,,,,,,,,,,,,,,,
Aitor Fernández,es ESP,GK,1991,,,,,,,,,,,,,,,,,,,,,,,
Mark Flekken,nl NED,GK,1993,,,,,,,,,,,,,,,,,,,,,,,
Pierluigi Frattali,it ITA,GK,1985,,,,,,,,,,,,,,,,,,,,,,,
Alberto García,es ESP,GK,1985,,,,,,,,,,,,,,,,,,,,,,,
Paulo Gazzaniga,ar ARG,GK,1992,,,,,,,,,,,,,,,,,,,,,,,
Fabian Giefer,de GER,GK,1990,,,,,,,,,,,,,,,,,,,,,,,
Alfred Gomis,sn SEN,GK,1993,,,,,,,,,,,,,,,,,,,,,,,
Vicente Guaita,es ESP,GK,1987,,,,,,,,,,,,,,,,,,,,,,,
Guido Guerrieri,it ITA,GK,1996,,,,,,,,,,,,,,,,,,,,,,,
Angus Gunn,eng ENG,GK,1996,,,,,,,,,,,,,,,,,,,,,,,
Régis Gurtner,fr FRA,GK,1986,,,,,,,,,,,,,,,,,,,,,,,
Ben Hamer,eng ENG,GK,1987,,,,,,,,,,,,,,,,,,,,,,,
Salvador Ichazo,uy URU,GK,1992,,,,,,,,,,,,,,,,,,,,,,,
Jandrei,br BRA,GK,1993,,,,,,,,,,,,,,,,,,,,,,,
Aleksandar Jovanović,rs SRB,GK,1992,,,,,,,,,,,,,,,,,,,,,,,
Stefanos Kapino,gr GRE,GK,1994,,,,,,,,,,,,,,,,,,,,,,,
Gregor Kobel,ch SUI,GK,1997,,,,,,,,,,,,,,,,,,,,,,,
Tomáš Koubek,cz CZE,GK,1992,,,,,,,,,,,,,,,,,,,,,,,
Thomas Kraft,de GER,GK,1988,,,,,,,,,,,,,,,,,,,,,,,
Pau López,es ESP,GK,1994,,,,,,,,,,,,,,,,,,,,,,,
Andriy Lunin,ua UKR,GK,1999,,,,,,,,,,,,,,,,,,,,,,,
Jordi Masip,es ESP,GK,1989,,,,,,,,,,,,,,,,,,,,,,,
Alex McCarthy,eng ENG,GK,1989,,,,,,,,,,,,,,,,,,,,,,,
Edouard Mendy,sn SEN,GK,1992,,,,,,,,,,,,,,,,,,,,,,,
Alex Meret,it ITA,GK,1997,,,,,,,,,,,,,,,,,,,,,,,
Vanja Milinković-Savić,rs SRB,GK,1997,,,,,,,,,,,,,,,,,,,,,,,
Florian Müller,de GER,GK,1997,,,,,,,,,,,,,,,,,,,,,,,
Juan Musso,ar ARG,GK,1994,,,,,,,,,,,,,,,,,,,,,,,
Yvon Mvogo,ch SUI,GK,1994,,,,,,,,,,,,,,,,,,,,,,,
Will Norris,eng ENG,GK,1993,,,,,,,,,,,,,,,,,,,,,,,
Alexander Nübel,de GER,GK,1996,,,,,,,,,,,,,,,,,,,,,,,
Oier Olazábal,es ESP,GK,1989,,,,,,,,,,,,,,,,,,,,,,,
Alexandre Olliero,fr FRA,GK,1996,,,,,,,,,,,,,,,,,,,,,,,
Robin Olsen,se SWE,GK,1990,,,,,,,,,,,,,,,,,,,,,,,
Ramazan Özcan,at AUT,GK,1984,,,,,,,,,,,,,,,,,,,,,,,
Rui Patrício,pt POR,GK,1988,,,,,,,,,,,,,,,,,,,,,,,
Jiří Pavlenka,cz CZE,GK,1992,,,,,,,,,,,,,,,,,,,,,,,
Gianluca Pegolo,it ITA,GK,1981,,,,,,,,,,,,,,,,,,,,,,,
Pavao Pervan,at AUT,GK,1987,,,,,,,,,,,,,,,,,,,,,,,
Carlo Pinsoglio,it ITA,GK,1990,,,,,,,,,,,,,,,,,,,,,,,
Luca Plogmann,de GER,GK,2000,,,,,,,,,,,,,,,,,,,,,,,
Giacomo Poluzzi,it ITA,GK,1988,,,,,,,,,,,,,,,,,,,,,,,
Gaëtan Poussin,fr FRA,GK,1999,,,,,,,,,,,,,,,,,,,,,,,
Silvio Proto,be BEL,GK,1983,,,,,,,,,,,,,,,,,,,,,,,
Ivan Provedel,it ITA,GK,1994,,,,,,,,,,,,,,,,,,,,,,,
Ionuț Radu,ro ROU,GK,1997,,,,,,,,,,,,,,,,,,,,,,,
Michael Rensing,de GER,GK,1984,,,,,,,,,,,,,,,,,,,,,,,
Francesco Rossi,it ITA,GK,1991,,,,,,,,,,,,,,,,,,,,,,,
John Ruddy,eng ENG,GK,1986,,,,,,,,,,,,,,,,,,,,,,,
Frederik Rønnow,dk DEN,GK,1992,,,,,,,,,,,,,,,,,,,,,,,
Samuel Şahin-Radlinger,at AUT,GK,1992,,,,,,,,,,,,,,,,,,,,,,,
Brice Samba,cg CGO,GK,1994,,,,,,,,,,,,,,,,,,,,,,,
Roberto Santamaría,es ESP,GK,1985,,,,,,,,,,,,,,,,,,,,,,,
Matz Sels,be BEL,GK,1992,,,,,,,,,,,,,,,,,,,,,,,
Adrian Šemper,hr CRO,GK,1998,,,,,,,,,,,,,,,,,,,,,,,
Luigi Sepe,it ITA,GK,1991,,,,,,,,,,,,,,,,,,,,,,,
Unai Simón,es ESP,GK,1997,,,,,,,,,,,,,,,,,,,,,,,
Antonio Sivera,es ESP,GK,1996,,,,,,,,,,,,,,,,,,,,,,,
Juan Soriano,es ESP,GK,1997,,,,,,,,,,,,,,,,,,,,,,,
Julián Speroni,ar ARG,GK,1979,,,,,,,,,,,,,,,,,,,,,,,
Pietro Terracciano,it ITA,GK,1990,,,,,,,,,,,,,,,,,,,,,,,
Mark Travers,ie IRL,GK,1999,,,,,,,,,,,,,,,,,,,,,,,
Philipp Tschauner,de GER,GK,1985,,,,,,,,,,,,,,,,,,,,,,,
Tomáš Vaclík,cz CZE,GK,1989,,,,,,,,,,,,,,,,,,,,,,,
Koke Vegas,es ESP,GK,1995,,,,,,,,,,,,,,,,,,,,,,,
Axel Werner,ar ARG,GK,1996,,,,,,,,,,,,,,,,,,,,,,,
Robin Zentner,de GER,GK,1994,,,,,,,,,,,,,,,,,,,,,,,
Luca Zidane,fr FRA,GK,1998,,,,,,,,,,,,,,,,,,,,,,,
Nícolas Andrade,br BRA,GK,1988,,,,,,,,,,,,,,,,,,,,,,,
Mariano Barbosa,ar ARG,GK,1984,,,,,,,,,,,,,,,,,,,,,,,
Vid Belec,si SVN,GK,1990,,,,,,,,,,,,,,,,,,,,,,,
Quentin Beunardeau,fr FRA,GK,1994,,,,,,,,,,,,,,,,,,,,,,,
Landry Bonnefoi,fr FRA,GK,1983,,,,,,,,,,,,,,,,,,,,,,,
Jean-Christophe Bouet,fr FRA,GK,1983,,,,,,,,,,,,,,,,,,,,,,,
Karl Darlow,eng ENG,GK,1990,,,,,,,,,,,,,,,,,,,,,,,
Rob Elliot,ie IRL,GK,1986,,,,,,,,,,,,,,,,,,,,,,,
Raúl Fernández,es ESP,GK,1988,,,,,,,,,,,,,,,,,,,,,,,
Rafał Gikiewicz,pl POL,GK,1987,,,,,,,,,,,,,,,,,,,,,,,
Bingourou Kamara,sn SEN,GK,1996,,,,,,,,,,,,,,,,,,,,,,,
Hervé Koffi,bf BFA,GK,1996,,,,,,,,,,,,,,,,,,,,,,,
Maksym Koval,ua UKR,"GK,MF",1992,,,,,,,,,,,,,,,,,,,,,,,
Pedro López,es ESP,GK,1995,,,,,,,,,,,,,,,,,,,,,,,
Raïs M'Bolhi,dz ALG,GK,1986,,,,,,,,,,,,,,,,,,,,,,,
Gabriele Marchegiani,it ITA,GK,1996,,,,,,,,,,,,,,,,,,,,,,,
Boaz Myhill,wal WAL,GK,1982,,,,,,,,,,,,,,,,,,,,,,,
Alexandre Oukidja,dz ALG,GK,1988,,,,,,,,,,,,,,,,,,,,,,,
Julian Pollersbeck,de GER,GK,1994,,,,,,,,,,,,,,,,,,,,,,,
Nick Pope,eng ENG,GK,1992,,,,,,,,,,,,,,,,,,,,,,,
Andrés Prieto,es ESP,GK,1993,,,,,,,,,,,,,,,,,,,,,,,
Toño Ramírez,es ESP,GK,1986,,,,,,,,,,,,,,,,,,,,,,,
Rubén,es ESP,GK,1984,,,,,,,,,,,,,,,,,,,,,,,
Mamadou Samassa,ml MLI,GK,1990,,,,,,,,,,,,,,,,,,,,,,,
Antonio Santurro,it ITA,GK,1992,,,,,,,,,,,,,,,,,,,,,,,
Marco Silvestri,it ITA,GK,1991,,,,,,,,,,,,,,,,,,,,,,,
Tobias Sippel,de GER,GK,1988,,,,,,,,,,,,,,,,,,,,,,,
Francis Uzoho,ng NGA,GK,1998,,,,,,,,,,,,,,,,,,,,,,,
Erwin Zelazny,fr FRA,GK,1991,,,,,,,,,,,,,,,,,,,,,,,
Enrico Alfonso,it ITA,GK,1988,,,,,,,,,,,,,,,,,,,,,,,
Lorenzo Andrenacci,it ITA,GK,1995,,,,,,,,,,,,,,,,,,,,,,,
Stefan Bajic,fr FRA,GK,2001,,,,,,,,,,,,,,,,,,,,,,,
Federico Brancolini,it ITA,GK,2001,,,,,,,,,,,,,,,,,,,,,,,
Marcin Bułka,pl POL,GK,1999,,,,,,,,,,,,,,,,,,,,,,,
Matis Carvalho,pt POR,GK,1999,,,,,,,,,,,,,,,,,,,,,,,
Churripi,es ESP,GK,1994,,,,,,,,,,,,,,,,,,,,,,,
Yannis Clementia,fr FRA,GK,1997,,,,,,,,,,,,,,,,,,,,,,,
Simone Colombi,it ITA,GK,1991,,,,,,,,,,,,,,,,,,,,,,,
Lucas Dias,fr FRA,GK,1999,,,,,,,,,,,,,,,,,,,,,,,
Aarón Escandell,es ESP,GK,1995,,,,,,,,,,,,,,,,,,,,,,,
Wladimiro Falcone,it ITA,GK,1995,,,,,,,,,,,,,,,,,,,,,,,
Daniel Fuzato,br BRA,GK,1997,,,,,,,,,,,,,,,,,,,,,,,
Dean Henderson,eng ENG,GK,1997,,,,,,,,,,,,,,,,,,,,,,,
Sergio Herrera,es ESP,GK,1993,,,,,,,,,,,,,,,,,,,,,,,
Jesse Joronen,fi FIN,GK,1993,,,,,,,,,,,,,,,,,,,,,,,
Lovre Kalinić,hr CRO,GK,1990,,,,,,,,,,,,,,,,,,,,,,,
Florian Kastenmeier,de GER,GK,1997,,,,,,,,,,,,,,,,,,,,,,,
Tim Krul,nl NED,GK,1988,,,,,,,,,,,,,,,,,,,,,,,
Gautier Larsonneur,fr FRA,GK,1997,,,,,,,,,,,,,,,,,,,,,,,
Nicolas Lemaître,fr FRA,GK,1997,,,,,,,,,,,,,,,,,,,,,,,
Donovan Léon,gf GUF,GK,1992,,,,,,,,,,,,,,,,,,,,,,,
Karlo Letica,hr CRO,GK,1997,,,,,,,,,,,,,,,,,,,,,,,
Daniel Martín,es ESP,GK,1998,,,,,,,,,,,,,,,,,,,,,,,
David Martin,eng ENG,GK,1986,,,,,,,,,,,,,,,,,,,,,,,
Michael McGovern,nir NIR,GK,1984,,,,,,,,,,,,,,,,,,,,,,,
Simon Moore,eng ENG,GK,1990,,,,,,,,,,,,,,,,,,,,,,,
Moritz Nicolas,de GER,GK,1997,,,,,,,,,,,,,,,,,,,,,,,
Miquel Parera,es ESP,GK,1996,,,,,,,,,,,,,,,,,,,,,,,
Philipp Pentke,de GER,GK,1985,,,,,,,,,,,,,,,,,,,,,,,
Juan Pérez,es ESP,GK,1996,,,,,,,,,,,,,,,,,,,,,,,
Samu Pérez,es ESP,GK,1997,,,,,,,,,,,,,,,,,,,,,,,
Danijel Petković,me MNE,GK,1993,,,,,,,,,,,,,,,,,,,,,,,
Boris Radunović,rs SRB,GK,1996,,,,,,,,,,,,,,,,,,,,,,,
Predrag Rajković,rs SRB,GK,1995,,,,,,,,,,,,,,,,,,,,,,,
Aaron Ramsdale,eng ENG,GK,1998,,,,,,,,,,,,,,,,,,,,,,,
Manolo Reina,es ESP,GK,1985,,,,,,,,,,,,,,,,,,,,,,,
Álex Remiro,es ESP,GK,1995,,,,,,,,,,,,,,,,,,,,,,,
Antonio Rosati,it ITA,GK,1983,,,,,,,,,,,,,,,,,,,,,,,
Markus Schubert,de GER,GK,1998,,,,,,,,,,,,,,,,,,,,,,,
Rui Silva,pt POR,GK,1994,,,,,,,,,,,,,,,,,,,,,,,
Dennis Smarsch,de GER,GK,1999,,,,,,,,,,,,,,,,,,,,,,,
Jed Steer,eng ENG,GK,1992,,,,,,,,,,,,,,,,,,,,,,,
Zack Steffen,us USA,GK,1995,,,,,,,,,,,,,,,,,,,,,,,
Demba Thiam,sn SEN,GK,1998,,,,,,,,,,,,,,,,,,,,,,,
Niclas Thiede,de GER,GK,1999,,,,,,,,,,,,,,,,,,,,,,,
Stefano Turati,it ITA,GK,2001,,,,,,,,,,,,,,,,,,,,,,,
Samir Ujkani,xk KVX,GK,1988,,,,,,,,,,,,,,,,,,,,,,,
Mauro Vigorito,it ITA,GK,1990,,,,,,,,,,,,,,,,,,,,,,,
Leopold Zingerle,de GER,GK,1994,,,,,,,,,,,,,,,,,,,,,,,
Saturnin Allagbé,bj BEN,GK,1993,,,,,,,,,,,,,,,,,,,,,,,
Ángel,es ESP,GK,2002,,,,,,,,,,,,,,,,,,,,,,,
Édgar Badía,es ESP,GK,1992,,,,,,,,,,,,,,,,,,,,,,,
Cárdenas,es ESP,GK,1997,,,,,,,,,,,,,,,,,,,,,,,
Sébastien Cibois,fr FRA,GK,1998,,,,,,,,,,,,,,,,,,,,,,,
Alberto Cifuentes,es ESP,GK,1979,,,,,,,,,,,,,,,,,,,,,,,
Finn Dahmen,de GER,GK,1998,,,,,,,,,,,,,,,,,,,,,,,
Yehvann Diouf,fr FRA,GK,1999,,,,,,,,,,,,,,,,,,,,,,,
Wuilker Faríñez,ve VEN,GK,1998,,,,,,,,,,,,,,,,,,,,,,,
David Gil,es ESP,GK,1994,,,,,,,,,,,,,,,,,,,,,,,
Lennart Grill,de GER,GK,1999,,,,,,,,,,,,,,,,,,,,,,,
Sam Johnstone,eng ENG,GK,1993,,,,,,,,,,,,,,,,,,,,,,,
Caoimhín Kelleher,ie IRL,GK,1998,,,,,,,,,,,,,,,,,,,,,,,
Michael Langer,at AUT,GK,1985,,,,,,,,,,,,,,,,,,,,,,,
Jeremías Ledesma,ar ARG,GK,1993,,,,,,,,,,,,,,,,,,,,,,,
Niklas Lomb,de GER,GK,1993,,,,,,,,,,,,,,,,,,,,,,,
Radosław Majecki,pl POL,GK,1999,,,,,,,,,,,,,,,,,,,,,,,
Illan Meslier,fr FRA,GK,2000,,,,,,,,,,,,,,,,,,,,,,,
Lorenzo Montipò,it ITA,GK,1996,,,,,,,,,,,,,,,,,,,,,,,
Paul Nardi,fr FRA,GK,1994,,,,,,,,,,,,,,,,,,,,,,,
Jonas Omlin,ch SUI,GK,1994,,,,,,,,,,,,,,,,,,,,,,,
Stefan Ortega,de GER,GK,1992,,,,,,,,,,,,,,,,,,,,,,,
Alberto Paleari,it ITA,GK,1992,,,,,,,,,,,,,,,,,,,,,,,
Bailey Peacock-Farrell,nir NIR,GK,1996,,,,,,,,,,,,,,,,,,,,,,,
Anthony Racioppi,ch SUI,GK,1998,,,,,,,,,,,,,,,,,,,,,,,
Federico Ravaglia,it ITA,GK,1999,,,,,,,,,,,,,,,,,,,,,,,
Marek Rodák,sk SVK,GK,1996,,,,,,,,,,,,,,,,,,,,,,,
Rubén,es ESP,"GK,MF",1984,,,,,,,,,,,,,,,,,,,,,,,
Robert Sánchez,es ESP,GK,1997,,,,,,,,,,,,,,,,,,,,,,,
João Virgínia,pt POR,GK,1999,,,,,,,,,,,,,,,,,,,,,,,
Rubén Yáñez,es ESP,GK,1993,,,,,,,,,,,,,,,,,,,,,,,
Jeroen Zoet,nl NED,GK,1991,,,,,,,,,,,,,,,,,,,,,,,
Igor Akinfeev,ru RUS,GK,1986,1.0,ru CSKA Moscow,30,6.0,6.0,540.0,6.0,11.0,1.83,40.0,29.0,72.5,0.0,3.0,3.0,0.0,0.0,0.0,0.0,0.0,0.0,,Matches
Miguel Ángel Moyá,es ESP,GK,1984,2.0,es Atlético Madrid,32,1.0,1.0,90.0,1.0,2.0,2.0,5.0,3.0,60.0,1.0,0.0,0.0,0.0,0.0,0.0,0.0,0.0,0.0,,Matches
Alphonse Areola,fr FRA,GK,1993,3.0,fr Paris S-G,23,6.0,6.0,540.0,6.0,7.0,1.17,13.0,6.0,53.8,3.0,3.0,0.0,1.0,16.7,2.0,1.0,1.0,0.0,50.0,Matches
Milan Borjan,ca CAN,GK,1987,4.0,bg Ludogorets,28,1.0,1.0,90.0,1.0,3.0,3.0,4.0,1.0,25.0,0.0,0.0,1.0,0.0,0.0,0.0,0.0,0.0,0.0,,Matches
Claudio Bravo,cl CHI,GK,1983,5.0,eng Manchester City,33,4.0,4.0,323.0,3.6,5.0,1.39,12.0,7.0,58.3,1.0,2.0,1.0,1.0,25.0,1.0,0.0,1.0,0.0,100.0,Matches
Gianluigi Buffon,it ITA,GK,1978,6.0,it Juventus,38,12.0,12.0,1080.0,12.0,7.0,0.58,27.0,20.0,74.1,8.0,3.0,1.0,8.0,66.7,1.0,0.0,1.0,0.0,100.0,Matches
Roman Bürki,ch SUI,GK,1990,7.0,de Dortmund,25,8.0,8.0,720.0,8.0,10.0,1.25,27.0,17.0,63.0,4.0,1.0,3.0,3.0,37.5,1.0,0.0,0.0,1.0,,Matches
Ludovic Butelle,fr FRA,GK,1983,8.0,be Club Brugge,33,6.0,6.0,540.0,6.0,14.0,2.33,45.0,31.0,75.6,0.0,0.0,6.0,0.0,0.0,5.0,3.0,1.0,1.0,25.0,Matches
Willy Caballero,ar ARG,GK,1981,9.0,eng Manchester City,34,5.0,4.0,393.0,4.4,11.0,2.52,23.0,12.0,52.2,2.0,1.0,1.0,0.0,0.0,1.0,0.0,1.0,0.0,100.0,Matches
Kiko Casilla,es ESP,GK,1986,10.0,es Real Madrid,29,1.0,1.0,90.0,1.0,1.0,1.0,4.0,3.0,75.0,1.0,0.0,0.0,0.0,0.0,0.0,0.0,0.0,0.0,,Matches
Iker Casillas,es ESP,GK,1981,11.0,pt Porto,35,8.0,8.0,720.0,8.0,6.0,0.75,21.0,15.0,76.2,3.0,2.0,3.0,3.0,37.5,1.0,1.0,0.0,0.0,0.0,Matches
Radosław Cierzniak,pl POL,GK,1983,12.0,pl Legia Warsaw,33,1.0,1.0,90.0,1.0,8.0,8.0,9.0,1.0,11.1,0.0,0.0,1.0,0.0,0.0,0.0,0.0,0.0,0.0,,Matches
Jasper Cillessen,nl NED,GK,1989,13.0,es Barcelona,27,1.0,1.0,90.0,1.0,0.0,0.0,3.0,3.0,100.0,1.0,0.0,0.0,1.0,100.0,0.0,0.0,0.0,0.0,,Matches
Morgan De Sanctis,it ITA,GK,1977,14.0,fr Monaco,39,1.0,1.0,90.0,1.0,3.0,3.0,7.0,4.0,57.1,0.0,0.0,1.0,0.0,0.0,1.0,0.0,0.0,1.0,,Matches
Soslan Dzhanayev,ru RUS,GK,1987,15.0,ru Rostov,29,6.0,6.0,540.0,6.0,12.0,2.0,40.0,28.0,72.5,1.0,2.0,3.0,1.0,16.7,2.0,1.0,1.0,0.0,50.0,Matches
Ederson,br BRA,GK,1993,16.0,pt Benfica,22,7.0,7.0,630.0,7.0,10.0,1.43,34.0,24.0,73.5,3.0,2.0,2.0,3.0,42.9,3.0,1.0,2.0,0.0,66.7,Matches
Craig Gordon,sco SCO,GK,1982,17.0,sco Celtic,33,5.0,5.0,450.0,5.0,9.0,1.8,26.0,17.0,69.2,0.0,3.0,2.0,0.0,0.0,1.0,1.0,0.0,0.0,0.0,Matches
Ben Hamer,eng ENG,GK,1987,18.0,eng Leicester City,28,1.0,1.0,90.0,1.0,5.0,5.0,8.0,3.0,50.0,0.0,0.0,1.0,0.0,0.0,1.0,1.0,0.0,0.0,0.0,Matches
Bernd Leno,de GER,GK,1992,19.0,de Leverkusen,24,7.0,7.0,630.0,7.0,8.0,1.14,24.0,16.0,75.0,1.0,5.0,1.0,3.0,42.9,2.0,2.0,0.0,0.0,0.0,Matches
Dominik Livaković,hr CRO,GK,1995,20.0,hr Dinamo Zagreb,21,4.0,4.0,360.0,4.0,8.0,2.0,34.0,26.0,76.5,0.0,0.0,4.0,0.0,0.0,0.0,0.0,0.0,0.0,,Matches
Hugo Lloris,fr FRA,GK,1986,21.0,eng Tottenham,29,6.0,6.0,540.0,6.0,6.0,1.0,26.0,20.0,76.9,2.0,1.0,3.0,2.0,33.3,1.0,0.0,1.0,0.0,100.0,Matches
Anthony Lopes,pt POR,GK,1990,22.0,fr Lyon,25,6.0,6.0,540.0,6.0,3.0,0.5,20.0,17.0,90.0,2.0,2.0,2.0,3.0,50.0,2.0,1.0,0.0,1.0,0.0,Matches
Arkadiusz Malarz,pl POL,GK,1980,23.0,pl Legia Warsaw,36,5.0,5.0,450.0,5.0,16.0,3.2,46.0,30.0,65.2,1.0,1.0,3.0,1.0,20.0,0.0,0.0,0.0,0.0,,Matches
Keylor Navas,cr CRC,GK,1986,24.0,es Real Madrid,29,12.0,12.0,1110.0,12.3,17.0,1.38,50.0,33.0,74.0,8.0,3.0,1.0,1.0,8.3,5.0,4.0,0.0,1.0,0.0,Matches
Neto,br BRA,GK,1989,25.0,it Juventus,27,1.0,1.0,90.0,1.0,0.0,0.0,2.0,2.0,100.0,1.0,0.0,0.0,1.0,100.0,0.0,0.0,0.0,0.0,,Matches
Manuel Neuer,de GER,GK,1986,26.0,de Bayern Munich,30,9.0,9.0,840.0,9.3,11.0,1.18,48.0,37.0,77.1,6.0,0.0,3.0,2.0,22.2,2.0,0.0,1.0,1.0,100.0,Matches
Jan Oblak,si SVN,GK,1993,27.0,es Atlético Madrid,23,11.0,11.0,990.0,11.0,7.0,0.64,48.0,41.0,85.4,7.0,2.0,2.0,6.0,54.5,1.0,0.0,1.0,0.0,100.0,Matches
Robin Olsen,se SWE,GK,1990,28.0,dk FC Copenhagen,26,6.0,6.0,540.0,6.0,2.0,0.33,16.0,14.0,87.5,2.0,3.0,1.0,4.0,66.7,0.0,0.0,0.0,0.0,,Matches
David Ospina,co COL,GK,1988,29.0,eng Arsenal,27,8.0,8.0,720.0,8.0,16.0,2.0,40.0,24.0,62.5,4.0,2.0,2.0,1.0,12.5,1.0,1.0,0.0,0.0,0.0,Matches
Ramazan Özcan,at AUT,GK,1984,30.0,de Leverkusen,32,1.0,1.0,90.0,1.0,0.0,0.0,3.0,3.0,100.0,1.0,0.0,0.0,1.0,100.0,0.0,0.0,0.0,0.0,,Matches
Remko Pasveer,nl NED,GK,1983,31.0,nl PSV Eindhoven,32,1.0,1.0,90.0,1.0,7.0,7.0,12.0,5.0,50.0,0.0,0.0,1.0,1.0,100.0,1.0,1.0,0.0,0.0,0.0,Matches
Rui Patrício,pt POR,GK,1988,32.0,pt Sporting CP,28,6.0,6.0,540.0,6.0,8.0,1.33,19.0,11.0,57.9,1.0,0.0,5.0,1.0,16.7,0.0,0.0,0.0,0.0,,Matches
Pepe Reina,es ESP,GK,1982,33.0,it Napoli,33,8.0,8.0,720.0,8.0,14.0,1.75,24.0,10.0,45.8,3.0,2.0,3.0,1.0,12.5,1.0,1.0,0.0,0.0,0.0,Matches
Sergio Rico,es ESP,GK,1993,34.0,es Sevilla,22,8.0,8.0,720.0,8.0,6.0,0.75,26.0,20.0,80.8,4.0,2.0,2.0,5.0,62.5,1.0,1.0,0.0,0.0,0.0,Matches
Artur Rudko,ua UKR,GK,1992,35.0,ua Dynamo Kyiv,24,5.0,5.0,450.0,5.0,4.0,0.8,19.0,15.0,89.5,1.0,2.0,2.0,2.0,40.0,2.0,2.0,0.0,0.0,0.0,Matches
Kasper Schmeichel,dk DEN,GK,1986,36.0,eng Leicester City,29,8.0,8.0,720.0,8.0,4.0,0.5,31.0,27.0,90.3,4.0,2.0,2.0,5.0,62.5,3.0,1.0,2.0,0.0,66.7,Matches
Adrian Šemper,hr CRO,GK,1998,37.0,hr Dinamo Zagreb,18,2.0,2.0,180.0,2.0,7.0,3.5,16.0,9.0,56.3,0.0,0.0,2.0,0.0,0.0,0.0,0.0,0.0,0.0,,Matches
Oleksandr Shovkovskiy,ua UKR,GK,1975,38.0,ua Dynamo Kyiv,41,1.0,1.0,90.0,1.0,2.0,2.0,5.0,3.0,60.0,0.0,0.0,1.0,0.0,0.0,,,,,,Matches
Yann Sommer,ch SUI,GK,1988,39.0,de M'Gladbach,27,6.0,6.0,540.0,6.0,12.0,2.0,38.0,26.0,73.7,1.0,2.0,3.0,1.0,16.7,2.0,2.0,0.0,0.0,0.0,Matches
Vladislav Stoyanov,bg BUL,GK,1987,40.0,bg Ludogorets,29,5.0,5.0,450.0,5.0,12.0,2.4,36.0,24.0,66.7,0.0,3.0,2.0,1.0,20.0,0.0,0.0,0.0,0.0,,Matches
Danijel Subašić,hr CRO,GK,1984,41.0,fr Monaco,31,11.0,11.0,990.0,11.0,17.0,1.55,49.0,32.0,67.3,6.0,2.0,3.0,1.0,9.1,1.0,1.0,0.0,0.0,0.0,Matches
Marc-André ter Stegen,de GER,GK,1992,42.0,es Barcelona,24,9.0,9.0,810.0,9.0,12.0,1.33,41.0,29.0,70.7,5.0,1.0,3.0,4.0,44.4,1.0,0.0,1.0,0.0,100.0,Matches
Kevin Trapp,de GER,GK,1990,43.0,fr Paris S-G,26,2.0,2.0,180.0,2.0,2.0,1.0,8.0,6.0,100.0,1.0,0.0,1.0,1.0,50.0,2.0,2.0,0.0,0.0,0.0,Matches
Sven Ulreich,de GER,GK,1988,44.0,de Bayern Munich,27,1.0,1.0,90.0,1.0,1.0,1.0,4.0,3.0,100.0,0.0,0.0,1.0,0.0,0.0,1.0,1.0,0.0,0.0,0.0,Matches
Tomáš Vaclík,cz CZE,GK,1989,45.0,ch Basel,27,6.0,6.0,540.0,6.0,12.0,2.0,30.0,18.0,63.3,0.0,2.0,4.0,1.0,16.7,1.0,1.0,0.0,0.0,0.0,Matches
Dorus de Vries,nl NED,GK,1980,46.0,sco Celtic,35,1.0,1.0,90.0,1.0,7.0,7.0,9.0,2.0,22.2,0.0,0.0,1.0,0.0,0.0,0.0,0.0,0.0,0.0,,Matches
Roman Weidenfeller,de GER,GK,1980,47.0,de Dortmund,35,2.0,2.0,180.0,2.0,6.0,3.0,15.0,9.0,60.0,1.0,1.0,0.0,0.0,0.0,0.0,0.0,0.0,0.0,,Matches
Tolga Zengin,tr TUR,GK,1983,48.0,tr Beşiktaş,32,1.0,1.0,90.0,1.0,1.0,1.0,6.0,5.0,83.3,0.0,1.0,0.0,0.0,0.0,0.0,0.0,0.0,0.0,,Matches
Ron-Robert Zieler,de GER,GK,1989,49.0,eng Leicester City,27,1.0,1.0,90.0,1.0,1.0,1.0,3.0,2.0,66.7,1.0,0.0,0.0,0.0,0.0,0.0,0.0,0.0,0.0,,Matches
Jeroen Zoet,nl NED,GK,1991,50.0,nl PSV Eindhoven,25,5.0,5.0,450.0,5.0,9.0,1.8,27.0,18.0,66.7,0.0,2.0,3.0,1.0,20.0,0.0,0.0,0.0,0.0,,Matches
Igor Akinfeev,ru RUS,GK,1986,1.0,ru CSKA Moscow,31,6.0,6.0,540.0,6.0,10.0,1.67,38.0,28.0,76.3,3.0,0.0,3.0,1.0,16.7,1.0,1.0,0.0,0.0,0.0,Matches
Alisson,br BRA,GK,1992,2.0,it Roma,24,12.0,12.0,1080.0,12.0,19.0,1.58,62.0,43.0,69.4,6.0,2.0,4.0,5.0,41.7,0.0,0.0,0.0,0.0,,Matches
Alphonse Areola,fr FRA,GK,1993,3.0,fr Paris S-G,24,8.0,8.0,720.0,8.0,9.0,1.13,37.0,28.0,78.4,5.0,0.0,3.0,4.0,50.0,1.0,1.0,0.0,0.0,0.0,Matches
Diego Benaglio,ch SUI,GK,1983,4.0,fr Monaco,33,3.0,3.0,270.0,3.0,7.0,2.33,17.0,10.0,58.8,0.0,1.0,2.0,0.0,0.0,0.0,0.0,0.0,0.0,,Matches
Frank Boeckx,be BEL,GK,1986,5.0,be Anderlecht,30,3.0,3.0,270.0,3.0,8.0,2.67,17.0,9.0,52.9,1.0,0.0,2.0,1.0,33.3,0.0,0.0,0.0,0.0,,Matches
Claudio Bravo,cl CHI,GK,1983,6.0,eng Manchester City,34,1.0,1.0,90.0,1.0,2.0,2.0,3.0,1.0,33.3,0.0,0.0,1.0,0.0,0.0,0.0,0.0,0.0,0.0,,Matches
Gianluigi Buffon,it ITA,GK,1978,7.0,it Juventus,39,9.0,9.0,810.0,9.0,11.0,1.22,35.0,24.0,68.6,4.0,3.0,2.0,2.0,22.2,0.0,0.0,0.0,0.0,,Matches
Roman Bürki,ch SUI,GK,1990,8.0,de Dortmund,26,6.0,6.0,540.0,6.0,13.0,2.17,36.0,23.0,63.9,0.0,2.0,4.0,0.0,0.0,0.0,0.0,0.0,0.0,,Matches
Kiko Casilla,es ESP,GK,1986,9.0,es Real Madrid,30,2.0,2.0,180.0,2.0,3.0,1.5,8.0,5.0,62.5,1.0,0.0,1.0,1.0,50.0,0.0,0.0,0.0,0.0,,Matches
Iker Casillas,es ESP,GK,1981,10.0,pt Porto,36,3.0,3.0,270.0,3.0,3.0,1.0,6.0,3.0,50.0,1.0,1.0,1.0,2.0,66.7,0.0,0.0,0.0,0.0,,Matches
Júlio César,br BRA,GK,1979,11.0,pt Benfica,37,1.0,1.0,90.0,1.0,5.0,5.0,8.0,3.0,50.0,0.0,0.0,1.0,0.0,0.0,1.0,1.0,0.0,0.0,0.0,Matches
Jasper Cillessen,nl NED,GK,1989,12.0,es Barcelona,28,1.0,1.0,90.0,1.0,0.0,0.0,3.0,3.0,100.0,1.0,0.0,0.0,1.0,100.0,0.0,0.0,0.0,0.0,,Matches
Thibaut Courtois,be BEL,GK,1992,13.0,eng Chelsea,25,8.0,8.0,720.0,8.0,12.0,1.5,33.0,21.0,66.7,3.0,3.0,2.0,2.0,25.0,1.0,1.0,0.0,0.0,0.0,Matches
Ederson,br BRA,GK,1993,14.0,eng Manchester City,23,9.0,9.0,810.0,9.0,10.0,1.11,31.0,21.0,74.2,6.0,0.0,3.0,4.0,44.4,3.0,2.0,1.0,0.0,33.3,Matches
Fabricio,es ESP,GK,1987,15.0,tr Beşiktaş,29,6.0,6.0,540.0,6.0,9.0,1.5,33.0,24.0,72.7,3.0,2.0,1.0,1.0,16.7,0.0,0.0,0.0,0.0,,Matches
David de Gea,es ESP,GK,1990,16.0,eng Manchester Utd,26,6.0,6.0,540.0,6.0,3.0,0.5,25.0,22.0,88.0,4.0,1.0,1.0,4.0,66.7,0.0,0.0,0.0,0.0,,Matches
Craig Gordon,sco SCO,GK,1982,17.0,sco Celtic,34,6.0,6.0,540.0,6.0,18.0,3.0,40.0,22.0,57.5,1.0,0.0,5.0,1.0,16.7,1.0,1.0,0.0,0.0,0.0,Matches
Raúl Gudiño,mx MEX,GK,1996,18.0,cy APOEL FC,21,1.0,0.0,45.0,0.5,1.0,2.0,3.0,2.0,66.7,0.0,0.0,0.0,0.0,,0.0,0.0,0.0,0.0,,Matches
Péter Gulácsi,hu HUN,GK,1990,19.0,de RB Leipzig,27,6.0,6.0,540.0,6.0,11.0,1.83,26.0,15.0,61.5,2.0,1.0,3.0,0.0,0.0,1.0,1.0,0.0,0.0,0.0,Matches
Jasmin Handanović,si SVN,GK,1978,20.0,si NK Maribor,39,6.0,6.0,540.0,6.0,16.0,2.67,45.0,29.0,66.7,0.0,3.0,3.0,0.0,0.0,2.0,1.0,1.0,0.0,50.0,Matches
Brad Jones,au AUS,GK,1982,21.0,nl Feyenoord,35,5.0,5.0,450.0,5.0,13.0,2.6,25.0,12.0,48.0,0.0,0.0,5.0,0.0,0.0,0.0,0.0,0.0,0.0,,Matches
Stefanos Kapino,gr GRE,GK,1994,22.0,gr Olympiacos,23,1.0,1.0,90.0,1.0,3.0,3.0,6.0,3.0,50.0,0.0,0.0,1.0,0.0,0.0,0.0,0.0,0.0,0.0,,Matches
Loris Karius,de GER,GK,1993,23.0,eng Liverpool,24,13.0,13.0,1170.0,13.0,16.0,1.23,39.0,23.0,66.7,7.0,4.0,2.0,6.0,46.2,3.0,3.0,0.0,0.0,0.0,Matches
Hugo Lloris,fr FRA,GK,1986,24.0,eng Tottenham,30,7.0,7.0,630.0,7.0,8.0,1.14,26.0,18.0,76.9,4.0,2.0,1.0,1.0,14.3,3.0,2.0,0.0,1.0,0.0,Matches
Keylor Navas,cr CRC,GK,1986,25.0,es Real Madrid,30,11.0,11.0,990.0,11.0,13.0,1.18,41.0,28.0,68.3,8.0,2.0,1.0,2.0,18.2,0.0,0.0,0.0,0.0,,Matches
Manuel Neuer,de GER,GK,1986,26.0,de Bayern Munich,31,1.0,1.0,90.0,1.0,0.0,0.0,1.0,1.0,100.0,1.0,0.0,0.0,1.0,100.0,0.0,0.0,0.0,0.0,,Matches
Jan Oblak,si SVN,GK,1993,27.0,es Atlético Madrid,24,6.0,6.0,540.0,6.0,4.0,0.67,18.0,14.0,77.8,1.0,4.0,1.0,3.0,50.0,0.0,0.0,0.0,0.0,,Matches
Rui Patrício,pt POR,GK,1988,28.0,pt Sporting CP,29,6.0,6.0,540.0,6.0,9.0,1.5,28.0,19.0,67.9,2.0,1.0,3.0,0.0,0.0,0.0,0.0,0.0,0.0,,Matches
Nauzet Pérez,es ESP,GK,1985,29.0,cy APOEL FC,32,3.0,3.0,270.0,3.0,10.0,3.33,19.0,9.0,47.4,0.0,1.0,2.0,0.0,0.0,0.0,0.0,0.0,0.0,,Matches
Silvio Proto,be BEL,GK,1983,30.0,gr Olympiacos,34,5.0,5.0,450.0,5.0,10.0,2.0,24.0,14.0,58.3,0.0,1.0,4.0,1.0,20.0,0.0,0.0,0.0,0.0,,Matches
Andriy Pyatov,ua UKR,GK,1984,31.0,ua Shakhtar,33,8.0,8.0,720.0,8.0,11.0,1.37,45.0,34.0,80.0,5.0,0.0,3.0,0.0,0.0,3.0,2.0,1.0,0.0,33.3,Matches
Artyom Rebrov,ru RUS,GK,1984,32.0,ru Spartak Moscow,33,2.0,2.0,158.0,1.8,2.0,1.14,12.0,10.0,83.3,0.0,2.0,0.0,0.0,0.0,0.0,0.0,0.0,0.0,,Matches
Pepe Reina,es ESP,GK,1982,33.0,it Napoli,34,6.0,6.0,540.0,6.0,11.0,1.83,30.0,19.0,63.3,2.0,0.0,4.0,1.0,16.7,1.0,0.0,1.0,0.0,100.0,Matches
Sergio Rico,es ESP,GK,1993,34.0,es Sevilla,23,8.0,8.0,720.0,8.0,13.0,1.62,34.0,21.0,61.8,3.0,4.0,1.0,2.0,25.0,1.0,0.0,0.0,1.0,,Matches
Sergio Romero,ar ARG,GK,1987,35.0,eng Manchester Utd,30,2.0,2.0,180.0,2.0,2.0,1.0,7.0,5.0,71.4,1.0,0.0,1.0,0.0,0.0,0.0,0.0,0.0,0.0,,Matches
José Sá,pt POR,GK,1993,36.0,pt Porto,24,5.0,5.0,450.0,5.0,12.0,2.4,25.0,13.0,56.0,2.0,1.0,2.0,0.0,0.0,1.0,1.0,0.0,0.0,0.0,Matches
Ibrahim Šehić,ba BIH,GK,1988,37.0,az Qarabağ FK,28,6.0,6.0,540.0,6.0,14.0,2.33,47.0,33.0,74.5,0.0,2.0,4.0,1.0,16.7,2.0,2.0,0.0,0.0,0.0,Matches
Aleksandr Selikhov,ru RUS,GK,1994,38.0,ru Spartak Moscow,23,5.0,4.0,382.0,4.2,11.0,2.59,25.0,14.0,60.0,1.0,1.0,2.0,0.0,0.0,1.0,1.0,0.0,0.0,0.0,Matches
Matz Sels,be BEL,GK,1992,39.0,be Anderlecht,25,3.0,3.0,270.0,3.0,9.0,3.0,14.0,5.0,42.9,0.0,0.0,3.0,0.0,0.0,1.0,1.0,0.0,0.0,0.0,Matches
David Soria,es ESP,GK,1993,40.0,es Sevilla,24,2.0,2.0,180.0,2.0,2.0,1.0,10.0,8.0,80.0,0.0,1.0,1.0,1.0,50.0,0.0,0.0,0.0,0.0,,Matches
Danijel Subašić,hr CRO,GK,1984,41.0,fr Monaco,32,3.0,3.0,270.0,3.0,7.0,2.33,11.0,4.0,54.5,0.0,1.0,2.0,0.0,0.0,2.0,2.0,0.0,0.0,0.0,Matches
Mile Svilar,be BEL,GK,1999,42.0,pt Benfica,17,3.0,3.0,270.0,3.0,5.0,1.67,13.0,8.0,69.2,0.0,0.0,3.0,0.0,0.0,2.0,1.0,1.0,0.0,50.0,Matches
Wojciech Szczęsny,pl POL,GK,1990,43.0,it Juventus,27,2.0,1.0,90.0,1.0,0.0,0.0,4.0,4.0,125.0,1.0,0.0,0.0,1.0,100.0,1.0,1.0,0.0,0.0,0.0,Matches
Marc-André ter Stegen,de GER,GK,1992,44.0,es Barcelona,25,9.0,9.0,810.0,9.0,6.0,0.67,22.0,16.0,77.3,5.0,3.0,1.0,5.0,55.6,1.0,1.0,0.0,0.0,0.0,Matches
Sven Ulreich,de GER,GK,1988,45.0,de Bayern Munich,28,11.0,11.0,990.0,11.0,12.0,1.09,41.0,29.0,70.7,7.0,2.0,2.0,3.0,27.3,0.0,0.0,0.0,0.0,,Matches
Tomáš Vaclík,cz CZE,GK,1989,46.0,ch Basel,28,8.0,8.0,720.0,8.0,10.0,1.25,27.0,17.0,63.0,5.0,0.0,3.0,4.0,50.0,0.0,0.0,0.0,0.0,,Matches
Bruno Varela,pt POR,GK,1994,47.0,pt Benfica,22,2.0,2.0,180.0,2.0,4.0,2.0,10.0,6.0,70.0,0.0,0.0,2.0,0.0,0.0,1.0,1.0,0.0,0.0,0.0,Matches
Kenneth Vermeer,nl NED,GK,1986,48.0,nl Feyenoord,31,1.0,1.0,90.0,1.0,1.0,1.0,5.0,4.0,80.0,1.0,0.0,0.0,0.0,0.0,0.0,0.0,0.0,0.0,,Matches
Michel Vorm,nl NED,GK,1983,49.0,eng Tottenham,33,1.0,1.0,90.0,1.0,0.0,0.0,1.0,1.0,100.0,1.0,0.0,0.0,1.0,100.0,0.0,0.0,0.0,0.0,,Matches
Boy Waterman,nl NED,GK,1984,50.0,cy APOEL FC,33,3.0,3.0,225.0,2.5,6.0,2.4,11.0,5.0,54.5,0.0,1.0,2.0,0.0,0.0,1.0,1.0,0.0,0.0,0.0,Matches
Igor Akinfeev,ru RUS,GK,1986,1.0,ru CSKA Moscow,32,5.0,5.0,449.0,5.0,6.0,1.2,25.0,19.0,76.0,2.0,1.0,2.0,2.0,40.0,1.0,0.0,1.0,0.0,100.0,Matches
Alisson,br BRA,GK,1992,2.0,eng Liverpool,25,13.0,13.0,1170.0,13.0,12.0,0.92,57.0,46.0,78.9,8.0,1.0,4.0,6.0,46.2,0.0,0.0,0.0,0.0,,Matches
Alphonse Areola,fr FRA,GK,1993,3.0,fr Paris S-G,25,3.0,3.0,270.0,3.0,6.0,2.0,15.0,10.0,66.7,1.0,1.0,1.0,0.0,0.0,1.0,1.0,0.0,0.0,0.0,Matches
Loic Badiashile,fr FRA,GK,1998,4.0,fr Monaco,20,1.0,1.0,90.0,1.0,1.0,1.0,5.0,4.0,80.0,0.0,1.0,0.0,0.0,0.0,0.0,0.0,0.0,0.0,,Matches
David von Ballmoos,ch SUI,GK,1994,5.0,ch Young Boys,23,4.0,4.0,360.0,4.0,10.0,2.5,20.0,11.0,55.0,0.0,0.0,4.0,0.0,0.0,1.0,1.0,0.0,0.0,0.0,Matches
Vasilios Barkas,gr GRE,GK,1994,6.0,gr AEK Athens,24,6.0,6.0,540.0,6.0,13.0,2.17,38.0,27.0,71.1,0.0,0.0,6.0,0.0,0.0,2.0,2.0,0.0,0.0,0.0,Matches
Oliver Baumann,de GER,GK,1990,7.0,de Hoffenheim,28,6.0,6.0,540.0,6.0,14.0,2.33,45.0,31.0,68.9,0.0,3.0,3.0,0.0,0.0,0.0,0.0,0.0,0.0,,Matches
Diego Benaglio,ch SUI,GK,1983,8.0,fr Monaco,34,5.0,5.0,405.0,4.5,10.0,2.22,17.0,8.0,47.1,0.0,0.0,5.0,0.0,0.0,1.0,1.0,0.0,0.0,0.0,Matches
Milan Borjan,ca CAN,GK,1987,9.0,rs Red Star,30,6.0,6.0,540.0,6.0,17.0,2.83,56.0,40.0,71.4,1.0,1.0,4.0,2.0,33.3,2.0,1.0,0.0,1.0,0.0,Matches
Gianluigi Buffon,it ITA,GK,1978,10.0,fr Paris S-G,40,5.0,5.0,450.0,5.0,6.0,1.2,11.0,8.0,72.7,3.0,1.0,1.0,1.0,20.0,3.0,3.0,0.0,0.0,0.0,Matches
Roman Bürki,ch SUI,GK,1990,11.0,de Dortmund,27,7.0,7.0,630.0,7.0,6.0,0.86,23.0,17.0,73.9,3.0,1.0,3.0,4.0,57.1,0.0,0.0,0.0,0.0,,Matches
Iker Casillas,es ESP,GK,1981,12.0,pt Porto,37,10.0,10.0,930.0,10.3,15.0,1.45,32.0,20.0,62.5,6.0,1.0,3.0,1.0,10.0,5.0,3.0,0.0,2.0,0.0,Matches
Jasper Cillessen,nl NED,GK,1989,13.0,es Barcelona,29,1.0,1.0,90.0,1.0,1.0,1.0,7.0,6.0,85.7,0.0,1.0,0.0,0.0,0.0,0.0,0.0,0.0,0.0,,Matches
Thibaut Courtois,be BEL,GK,1992,14.0,es Real Madrid,26,5.0,5.0,450.0,5.0,8.0,1.6,29.0,21.0,72.4,3.0,0.0,2.0,2.0,40.0,0.0,0.0,0.0,0.0,,Matches
Jaume Doménech,es ESP,GK,1990,15.0,es Valencia,27,1.0,1.0,90.0,1.0,1.0,1.0,5.0,4.0,80.0,1.0,0.0,0.0,0.0,0.0,0.0,0.0,0.0,0.0,,Matches
Ederson,br BRA,GK,1993,16.0,eng Manchester City,24,10.0,10.0,900.0,10.0,12.0,1.2,28.0,19.0,67.9,7.0,1.0,2.0,3.0,30.0,3.0,3.0,0.0,0.0,0.0,Matches
Ralf Fährmann,de GER,GK,1988,17.0,de Schalke 04,29,6.0,6.0,540.0,6.0,14.0,2.33,27.0,15.0,55.6,2.0,1.0,3.0,2.0,33.3,3.0,2.0,0.0,1.0,0.0,Matches
Paulo Gazzaniga,ar ARG,GK,1992,18.0,eng Tottenham,26,1.0,1.0,90.0,1.0,1.0,1.0,4.0,3.0,75.0,1.0,0.0,0.0,0.0,0.0,0.0,0.0,0.0,0.0,,Matches
David de Gea,es ESP,GK,1990,19.0,eng Manchester Utd,27,9.0,9.0,810.0,9.0,9.0,1.0,31.0,23.0,71.0,4.0,1.0,4.0,3.0,33.3,0.0,0.0,0.0,0.0,,Matches
Mathieu Gorgelin,fr FRA,GK,1990,20.0,fr Lyon,27,1.0,0.0,56.0,0.6,3.0,4.82,4.0,1.0,25.0,0.0,0.0,0.0,0.0,,0.0,0.0,0.0,0.0,,Matches
Samir Handanović,si SVN,GK,1984,21.0,it Inter,34,6.0,6.0,540.0,6.0,7.0,1.17,43.0,36.0,83.7,2.0,2.0,2.0,0.0,0.0,0.0,0.0,0.0,0.0,,Matches
Marwin Hitz,ch SUI,GK,1987,22.0,de Dortmund,30,1.0,1.0,90.0,1.0,0.0,0.0,0.0,0.0,,1.0,0.0,0.0,1.0,100.0,0.0,0.0,0.0,0.0,,Matches
Ethan Horvath,us USA,GK,1995,23.0,be Club Brugge,23,3.0,3.0,270.0,3.0,0.0,0.0,11.0,11.0,100.0,1.0,2.0,0.0,3.0,100.0,0.0,0.0,0.0,0.0,,Matches
Aleš Hruška,cz CZE,GK,1985,24.0,cz Viktoria Plzeň,32,4.0,4.0,360.0,4.0,9.0,2.25,22.0,14.0,63.6,2.0,0.0,2.0,0.0,0.0,1.0,1.0,0.0,0.0,0.0,Matches
Matúš Kozáčik,sk SVK,GK,1983,25.0,cz Viktoria Plzeň,34,2.0,2.0,180.0,2.0,7.0,3.5,19.0,13.0,68.4,0.0,1.0,1.0,0.0,0.0,1.0,1.0,0.0,0.0,0.0,Matches
Georgii Kyrnats,ru RUS,GK,1998,26.0,ru CSKA Moscow,20,1.0,0.0,,0.0,0.0,,0.0,0.0,,0.0,0.0,0.0,1.0,,0.0,0.0,0.0,0.0,,Matches
Karlo Letica,hr CRO,GK,1997,27.0,be Club Brugge,21,3.0,3.0,270.0,3.0,5.0,1.67,13.0,8.0,61.5,0.0,1.0,2.0,0.0,0.0,0.0,0.0,0.0,0.0,,Matches
Hugo Lloris,fr FRA,GK,1986,28.0,eng Tottenham,31,11.0,11.0,978.0,10.9,15.0,1.38,43.0,29.0,67.4,5.0,2.0,4.0,4.0,36.4,2.0,1.0,1.0,0.0,50.0,Matches
Anthony Lopes,pt POR,GK,1990,29.0,fr Lyon,27,8.0,8.0,664.0,7.4,13.0,1.76,48.0,36.0,75.0,1.0,6.0,1.0,1.0,12.5,1.0,1.0,0.0,0.0,0.0,Matches
Guilherme Marinato,ru RUS,GK,1985,30.0,ru Loko Moscow,32,6.0,6.0,540.0,6.0,12.0,2.0,32.0,22.0,68.8,1.0,0.0,5.0,1.0,16.7,2.0,2.0,0.0,0.0,0.0,Matches
Antonio Mirante,it ITA,GK,1983,31.0,it Roma,35,2.0,2.0,180.0,2.0,3.0,1.5,7.0,4.0,57.1,1.0,0.0,1.0,0.0,0.0,0.0,0.0,0.0,0.0,,Matches
Fernando Muslera,uy URU,GK,1986,32.0,tr Galatasaray,32,6.0,6.0,540.0,6.0,8.0,1.33,23.0,17.0,69.6,1.0,1.0,4.0,2.0,33.3,1.0,1.0,0.0,0.0,0.0,Matches
Keylor Navas,cr CRC,GK,1986,33.0,es Real Madrid,31,3.0,3.0,270.0,3.0,2.0,0.67,9.0,7.0,77.8,2.0,0.0,1.0,1.0,33.3,0.0,0.0,0.0,0.0,,Matches
Neto,br BRA,GK,1989,34.0,es Valencia,29,5.0,5.0,450.0,5.0,5.0,1.0,21.0,19.0,90.5,1.0,2.0,2.0,1.0,20.0,3.0,3.0,0.0,0.0,0.0,Matches
Manuel Neuer,de GER,GK,1986,35.0,de Bayern Munich,32,8.0,8.0,720.0,8.0,8.0,1.0,29.0,22.0,75.9,4.0,3.0,1.0,4.0,50.0,1.0,1.0,0.0,0.0,0.0,Matches
Alexander Nübel,de GER,GK,1996,36.0,de Schalke 04,21,2.0,2.0,180.0,2.0,0.0,0.0,3.0,3.0,100.0,1.0,1.0,0.0,2.0,100.0,0.0,0.0,0.0,0.0,,Matches
Jan Oblak,si SVN,GK,1993,37.0,es Atlético Madrid,25,8.0,8.0,720.0,8.0,9.0,1.13,19.0,11.0,57.9,5.0,1.0,2.0,4.0,50.0,2.0,1.0,0.0,1.0,0.0,Matches
Robin Olsen,se SWE,GK,1990,38.0,it Roma,28,6.0,6.0,570.0,6.3,9.0,1.42,37.0,29.0,78.4,3.0,0.0,3.0,2.0,33.3,1.0,1.0,0.0,0.0,0.0,Matches
André Onana,cm CMR,GK,1996,39.0,nl Ajax,22,12.0,12.0,1080.0,12.0,13.0,1.08,50.0,38.0,76.0,6.0,4.0,2.0,4.0,33.3,1.0,1.0,0.0,0.0,0.0,Matches
David Ospina,co COL,GK,1988,40.0,it Napoli,29,6.0,6.0,540.0,6.0,5.0,0.83,21.0,17.0,76.2,2.0,3.0,1.0,2.0,33.3,0.0,0.0,0.0,0.0,,Matches
Ilya Pomazun,ru RUS,GK,1996,41.0,ru CSKA Moscow,21,1.0,1.0,90.0,1.0,3.0,3.0,13.0,10.0,76.9,0.0,0.0,1.0,0.0,0.0,0.0,0.0,0.0,0.0,,Matches
Andriy Pyatov,ua UKR,GK,1984,42.0,ua Shakhtar,34,6.0,6.0,540.0,6.0,16.0,2.67,34.0,20.0,58.8,1.0,3.0,2.0,0.0,0.0,2.0,2.0,0.0,0.0,0.0,Matches
Sergio Romero,ar ARG,GK,1987,43.0,eng Manchester Utd,31,1.0,1.0,90.0,1.0,2.0,2.0,4.0,3.0,50.0,0.0,0.0,1.0,0.0,0.0,0.0,0.0,0.0,0.0,,Matches
Danijel Subašić,hr CRO,GK,1984,44.0,fr Monaco,33,1.0,0.0,45.0,0.5,3.0,6.0,5.0,2.0,40.0,,,,0.0,,1.0,0.0,0.0,1.0,,Matches
Wojciech Szczęsny,pl POL,GK,1990,45.0,it Juventus,28,10.0,10.0,900.0,10.0,9.0,0.9,31.0,24.0,74.2,5.0,1.0,4.0,5.0,50.0,2.0,1.0,0.0,1.0,0.0,Matches
Marc-André ter Stegen,de GER,GK,1992,46.0,es Barcelona,26,11.0,11.0,990.0,11.0,9.0,0.82,37.0,28.0,75.7,8.0,2.0,1.0,6.0,54.5,0.0,0.0,0.0,0.0,,Matches
Odisseas Vlachodimos,gr GRE,GK,1994,47.0,pt Benfica,24,6.0,6.0,540.0,6.0,11.0,1.83,36.0,25.0,69.4,2.0,1.0,3.0,1.0,16.7,0.0,0.0,0.0,0.0,,Matches
Michel Vorm,nl NED,GK,1983,48.0,eng Tottenham,34,2.0,1.0,99.0,1.1,3.0,2.73,5.0,2.0,40.0,0.0,0.0,1.0,0.0,0.0,0.0,0.0,0.0,0.0,,Matches
Marco Wölfli,ch SUI,GK,1982,49.0,ch Young Boys,35,2.0,2.0,180.0,2.0,2.0,1.0,10.0,8.0,80.0,1.0,1.0,0.0,0.0,0.0,0.0,0.0,0.0,0.0,,Matches
Jeroen Zoet,nl NED,GK,1991,50.0,nl PSV Eindhoven,27,6.0,6.0,540.0,6.0,13.0,2.17,51.0,38.0,74.5,0.0,2.0,4.0,0.0,0.0,0.0,0.0,0.0,0.0,,Matches
Adrián,es ESP,GK,1987,1.0,eng Liverpool,32,3.0,3.0,300.0,3.3,8.0,2.4,15.0,8.0,53.3,1.0,0.0,2.0,0.0,0.0,1.0,1.0,0.0,0.0,0.0,Matches
Alisson,br BRA,GK,1992,2.0,eng Liverpool,26,5.0,5.0,450.0,5.0,4.0,0.8,16.0,12.0,75.0,3.0,1.0,1.0,1.0,20.0,0.0,0.0,0.0,0.0,,Matches
Alphonse Areola,fr FRA,GK,1993,3.0,es Real Madrid,26,2.0,1.0,135.0,1.5,1.0,0.67,3.0,2.0,66.7,1.0,0.0,0.0,0.0,0.0,0.0,0.0,0.0,0.0,,Matches
Kepa Arrizabalaga,es ESP,GK,1994,4.0,eng Chelsea,24,6.0,6.0,540.0,6.0,9.0,1.5,18.0,11.0,50.0,3.0,2.0,1.0,1.0,16.7,1.0,0.0,1.0,0.0,100.0,Matches
Milan Borjan,ca CAN,GK,1987,5.0,rs Red Star,31,6.0,6.0,540.0,6.0,20.0,3.33,51.0,32.0,64.7,1.0,0.0,5.0,0.0,0.0,2.0,2.0,0.0,0.0,0.0,Matches
Claudio Bravo,cl CHI,GK,1983,6.0,eng Manchester City,36,2.0,1.0,125.0,1.4,2.0,1.44,3.0,1.0,33.3,1.0,0.0,0.0,0.0,0.0,0.0,0.0,0.0,0.0,,Matches
Gianluigi Buffon,it ITA,GK,1978,7.0,it Juventus,41,1.0,1.0,90.0,1.0,0.0,0.0,1.0,1.0,100.0,1.0,0.0,0.0,1.0,100.0,0.0,0.0,0.0,0.0,,Matches
Roman Bürki,ch SUI,GK,1990,8.0,de Dortmund,28,8.0,8.0,720.0,8.0,11.0,1.37,36.0,25.0,69.4,4.0,1.0,3.0,2.0,25.0,1.0,0.0,1.0,0.0,100.0,Matches
Willy Caballero,ar ARG,GK,1981,9.0,eng Chelsea,37,2.0,2.0,180.0,2.0,7.0,3.5,12.0,6.0,50.0,0.0,0.0,2.0,0.0,0.0,1.0,1.0,0.0,0.0,0.0,Matches
Leonardo César Jardim,br BRA,GK,1995,10.0,fr Lille,24,1.0,0.0,19.0,0.2,0.0,0.0,1.0,1.0,100.0,0.0,0.0,0.0,0.0,,0.0,0.0,0.0,0.0,,Matches
Jasper Cillessen,nl NED,GK,1989,11.0,es Valencia,30,6.0,6.0,540.0,6.0,11.0,1.83,30.0,20.0,70.0,2.0,2.0,2.0,1.0,16.7,3.0,2.0,0.0,1.0,0.0,Matches
Carlos Coronel,br BRA,GK,1996,12.0,at RB Salzburg,22,3.0,2.0,238.0,2.6,4.0,1.51,11.0,7.0,63.6,1.0,1.0,0.0,0.0,0.0,0.0,0.0,0.0,0.0,,Matches
Gaëtan Coucke,be BEL,GK,1998,13.0,be Genk,20,5.0,5.0,450.0,5.0,16.0,3.2,35.0,18.0,54.3,0.0,1.0,4.0,1.0,20.0,0.0,0.0,0.0,0.0,,Matches
Thibaut Courtois,be BEL,GK,1992,14.0,es Real Madrid,27,7.0,7.0,585.0,6.5,11.0,1.69,31.0,21.0,67.7,2.0,2.0,3.0,2.0,28.6,1.0,1.0,0.0,0.0,0.0,Matches
Jaume Doménech,es ESP,GK,1990,15.0,es Valencia,28,2.0,2.0,180.0,2.0,4.0,2.0,7.0,3.0,42.9,1.0,0.0,1.0,1.0,50.0,0.0,0.0,0.0,0.0,,Matches
Ederson,br BRA,GK,1993,16.0,eng Manchester City,25,8.0,8.0,675.0,7.5,7.0,0.93,22.0,16.0,72.7,5.0,2.0,1.0,2.0,25.0,1.0,1.0,0.0,0.0,0.0,Matches
Paulo Gazzaniga,ar ARG,GK,1992,17.0,eng Tottenham,27,4.0,4.0,360.0,4.0,5.0,1.25,22.0,15.0,77.3,3.0,0.0,1.0,2.0,50.0,0.0,0.0,0.0,0.0,,Matches
Pierluigi Gollini,it ITA,GK,1995,18.0,it Atalanta,24,7.0,7.0,630.0,7.0,13.0,1.86,31.0,19.0,61.3,3.0,1.0,3.0,2.0,28.6,2.0,1.0,0.0,1.0,0.0,Matches
Péter Gulácsi,hu HUN,GK,1990,19.0,de RB Leipzig,29,10.0,10.0,873.0,9.7,12.0,1.24,44.0,32.0,75.0,6.0,2.0,2.0,3.0,30.0,1.0,1.0,0.0,0.0,0.0,Matches
Samir Handanović,si SVN,GK,1984,20.0,it Inter,35,6.0,6.0,540.0,6.0,9.0,1.5,29.0,21.0,72.4,2.0,1.0,3.0,1.0,16.7,1.0,1.0,0.0,0.0,0.0,Matches
Lukáš Hrádecký,fi FIN,GK,1989,21.0,de Leverkusen,29,6.0,6.0,540.0,6.0,9.0,1.5,28.0,19.0,67.9,2.0,0.0,4.0,1.0,16.7,0.0,0.0,0.0,0.0,,Matches
Mikhail Kerzhakov,ru RUS,GK,1987,22.0,ru Zenit,32,4.0,4.0,360.0,4.0,7.0,1.75,24.0,18.0,75.0,1.0,0.0,3.0,1.0,25.0,1.0,1.0,0.0,0.0,0.0,Matches
Anton Kochenkov,ru RUS,GK,1987,23.0,ru Loko Moscow,32,1.0,1.0,90.0,1.0,2.0,2.0,4.0,3.0,75.0,0.0,0.0,1.0,0.0,0.0,2.0,1.0,1.0,0.0,50.0,Matches
Ondřej Kolář,cz CZE,GK,1994,24.0,cz Slavia Prague,24,6.0,6.0,540.0,6.0,10.0,1.67,35.0,26.0,71.4,0.0,2.0,4.0,1.0,16.7,0.0,0.0,0.0,0.0,,Matches
Dominik Livaković,hr CRO,GK,1995,25.0,hr Dinamo Zagreb,24,6.0,6.0,540.0,6.0,13.0,2.17,32.0,21.0,65.6,1.0,2.0,3.0,1.0,16.7,2.0,2.0,0.0,0.0,0.0,Matches
Hugo Lloris,fr FRA,GK,1986,26.0,eng Tottenham,32,4.0,4.0,360.0,4.0,13.0,3.25,24.0,12.0,54.2,0.0,1.0,3.0,0.0,0.0,2.0,2.0,0.0,0.0,0.0,Matches
Anthony Lopes,pt POR,GK,1990,27.0,fr Lyon,28,10.0,10.0,900.0,10.0,14.0,1.4,37.0,26.0,70.3,4.0,2.0,4.0,2.0,20.0,3.0,3.0,0.0,0.0,0.0,Matches
Andrey Lunyov,ru RUS,GK,1991,28.0,ru Zenit,27,2.0,2.0,180.0,2.0,2.0,1.0,14.0,13.0,92.9,1.0,1.0,0.0,0.0,0.0,1.0,1.0,0.0,0.0,0.0,Matches
Mike Maignan,fr FRA,GK,1995,29.0,fr Lille,23,6.0,6.0,521.0,5.8,14.0,2.42,31.0,19.0,58.1,0.0,1.0,5.0,0.0,0.0,1.0,1.0,0.0,0.0,0.0,Matches
Guilherme Marinato,ru RUS,GK,1985,30.0,ru Loko Moscow,33,5.0,5.0,450.0,5.0,9.0,1.8,35.0,28.0,74.3,1.0,0.0,4.0,0.0,0.0,0.0,0.0,0.0,0.0,,Matches
Alex Meret,it ITA,GK,1997,31.0,it Napoli,22,6.0,6.0,540.0,6.0,4.0,0.67,17.0,15.0,88.2,3.0,3.0,0.0,3.0,50.0,2.0,2.0,0.0,0.0,0.0,Matches
Simon Mignolet,be BEL,GK,1988,32.0,be Club Brugge,31,6.0,6.0,540.0,6.0,12.0,2.0,24.0,12.0,50.0,0.0,3.0,3.0,1.0,16.7,0.0,0.0,0.0,0.0,,Matches
Fernando Muslera,uy URU,GK,1986,33.0,tr Galatasaray,33,6.0,6.0,540.0,6.0,14.0,2.33,46.0,34.0,73.9,0.0,2.0,4.0,1.0,16.7,2.0,2.0,0.0,0.0,0.0,Matches
Yvon Mvogo,ch SUI,GK,1994,34.0,de RB Leipzig,25,1.0,0.0,27.0,0.3,0.0,0.0,2.0,2.0,100.0,0.0,0.0,0.0,0.0,,0.0,0.0,0.0,0.0,,Matches
Keylor Navas,cr CRC,GK,1986,35.0,fr Paris S-G,32,9.0,9.0,798.0,8.9,6.0,0.68,28.0,22.0,78.6,6.0,1.0,2.0,5.0,55.6,1.0,0.0,1.0,0.0,100.0,Matches
Neto,br BRA,GK,1989,36.0,es Barcelona,30,1.0,1.0,90.0,1.0,1.0,1.0,7.0,6.0,85.7,1.0,0.0,0.0,0.0,0.0,0.0,0.0,0.0,0.0,,Matches
Manuel Neuer,de GER,GK,1986,37.0,de Bayern Munich,33,11.0,11.0,990.0,11.0,8.0,0.73,33.0,27.0,78.8,11.0,0.0,0.0,6.0,54.5,1.0,1.0,0.0,0.0,0.0,Matches
Jan Oblak,si SVN,GK,1993,38.0,es Atlético Madrid,26,9.0,9.0,840.0,9.3,9.0,0.96,30.0,22.0,70.0,5.0,1.0,3.0,4.0,44.4,0.0,0.0,0.0,0.0,,Matches
André Onana,cm CMR,GK,1996,39.0,nl Ajax,23,6.0,6.0,540.0,6.0,6.0,1.0,28.0,24.0,85.7,3.0,1.0,2.0,3.0,50.0,3.0,2.0,0.0,1.0,0.0,Matches
David Ospina,co COL,GK,1988,40.0,it Napoli,30,2.0,2.0,180.0,2.0,4.0,2.0,4.0,1.0,25.0,0.0,1.0,1.0,0.0,0.0,1.0,1.0,0.0,0.0,0.0,Matches
Andriy Pyatov,ua UKR,GK,1984,41.0,ua Shakhtar,35,6.0,6.0,540.0,6.0,13.0,2.17,32.0,20.0,62.5,1.0,3.0,2.0,0.0,0.0,2.0,1.0,1.0,0.0,50.0,Matches
Sergio Rico,es ESP,GK,1993,42.0,fr Paris S-G,25,3.0,2.0,192.0,2.1,0.0,0.0,3.0,3.0,100.0,2.0,0.0,0.0,2.0,100.0,0.0,0.0,0.0,0.0,,Matches
José Sá,pt POR,GK,1993,43.0,gr Olympiacos,26,6.0,6.0,540.0,6.0,14.0,2.33,34.0,21.0,61.8,1.0,1.0,4.0,1.0,16.7,2.0,1.0,0.0,1.0,0.0,Matches
Marco Sportiello,it ITA,GK,1992,44.0,it Atalanta,27,2.0,2.0,180.0,2.0,5.0,2.5,13.0,8.0,61.5,1.0,0.0,1.0,0.0,0.0,0.0,0.0,0.0,0.0,,Matches
Cican Stankovic,at AUT,GK,1992,45.0,at RB Salzburg,26,4.0,4.0,302.0,3.4,9.0,2.68,18.0,9.0,50.0,1.0,0.0,3.0,0.0,0.0,0.0,0.0,0.0,0.0,,Matches
Wojciech Szczęsny,pl POL,GK,1990,46.0,it Juventus,29,7.0,7.0,630.0,7.0,6.0,0.86,21.0,16.0,76.2,5.0,1.0,1.0,2.0,28.6,1.0,1.0,0.0,0.0,0.0,Matches
Marc-André ter Stegen,de GER,GK,1992,47.0,es Barcelona,27,8.0,8.0,720.0,8.0,13.0,1.62,36.0,23.0,66.7,4.0,3.0,1.0,2.0,25.0,2.0,1.0,1.0,0.0,50.0,Matches
Maarten Vandevoordt,be BEL,GK,2002,48.0,be Genk,17,1.0,1.0,90.0,1.0,4.0,4.0,3.0,1.0,33.3,0.0,0.0,1.0,0.0,0.0,2.0,2.0,0.0,0.0,0.0,Matches
Odisseas Vlachodimos,gr GRE,GK,1994,49.0,pt Benfica,25,6.0,6.0,540.0,6.0,11.0,1.83,27.0,18.0,63.0,2.0,1.0,3.0,1.0,16.7,1.0,1.0,0.0,0.0,0.0,Matches
Kyle Walker,eng ENG,DF,1990,50.0,eng Manchester City,29,1.0,0.0,3.0,4.9,0.0,0.0,1.0,1.0,100.0,0.0,0.0,0.0,0.0,,0.0,0.0,0.0,0.0,,Matches
Adrián,es ESP,GK,1987,1.0,eng Liverpool,34-091,1.0,1.0,90.0,1.0,0.0,0.0,3.0,3.0,100.0,1.0,0.0,0.0,1.0,100.0,0.0,0.0,0.0,0.0,,Matches
Alisson,br BRA,GK,1992,2.0,eng Liverpool,28-184,5.0,5.0,450.0,5.0,2.0,0.4,15.0,13.0,86.7,4.0,0.0,1.0,4.0,80.0,0.0,0.0,0.0,0.0,,Matches
Mikkel Andersen,dk DEN,GK,1988,3.0,dk Midtjylland,32-108,2.0,2.0,180.0,2.0,4.0,2.0,5.0,2.0,40.0,0.0,0.0,2.0,0.0,0.0,1.0,1.0,0.0,0.0,0.0,Matches
Kepa Arrizabalaga,es ESP,GK,1994,4.0,eng Chelsea,26-183,1.0,1.0,90.0,1.0,1.0,1.0,2.0,1.0,50.0,0.0,1.0,0.0,0.0,0.0,0.0,0.0,0.0,0.0,,Matches
Yassine Bounou,ma MAR,GK,1991,5.0,es Sevilla,29-364,5.0,5.0,450.0,5.0,6.0,1.2,20.0,16.0,80.0,2.0,2.0,1.0,2.0,40.0,3.0,2.0,1.0,0.0,33.3,Matches
Denys Boyko,ua UKR,GK,1988,6.0,ua Dynamo Kyiv,33-065,1.0,1.0,90.0,1.0,2.0,2.0,4.0,2.0,50.0,0.0,1.0,0.0,0.0,0.0,0.0,0.0,0.0,0.0,,Matches
Gianluigi Buffon,it ITA,GK,1978,7.0,it Juventus,43-066,1.0,1.0,90.0,1.0,0.0,0.0,7.0,7.0,100.0,1.0,0.0,0.0,1.0,100.0,0.0,0.0,0.0,0.0,,Matches
Roman Bürki,ch SUI,GK,1990,8.0,de Dortmund,30-141,4.0,4.0,360.0,4.0,1.0,0.25,9.0,9.0,100.0,3.0,1.0,0.0,3.0,75.0,1.0,1.0,0.0,0.0,0.0,Matches
Heorhiy Bushchan,ua UKR,GK,1994,9.0,ua Dynamo Kyiv,26-308,4.0,4.0,360.0,4.0,9.0,2.25,21.0,13.0,61.9,1.0,0.0,3.0,1.0,25.0,1.0,1.0,0.0,0.0,0.0,Matches
Diogo Costa,pt POR,GK,1999,10.0,pt Porto,21-197,1.0,1.0,90.0,1.0,0.0,0.0,1.0,1.0,100.0,1.0,0.0,0.0,1.0,100.0,0.0,0.0,0.0,0.0,,Matches
Thibaut Courtois,be BEL,GK,1992,11.0,es Real Madrid,28-328,8.0,8.0,720.0,8.0,10.0,1.25,24.0,15.0,58.3,5.0,1.0,2.0,3.0,37.5,0.0,0.0,0.0,0.0,,Matches
Dénes Dibusz,hu HUN,GK,1990,12.0,hu Ferencváros,30-139,6.0,6.0,540.0,6.0,17.0,2.83,33.0,20.0,57.6,0.0,1.0,5.0,0.0,0.0,3.0,3.0,0.0,0.0,0.0,Matches
Ederson,br BRA,GK,1993,13.0,eng Manchester City,27-230,7.0,7.0,630.0,7.0,1.0,0.14,10.0,8.0,90.0,6.0,1.0,0.0,6.0,85.7,0.0,0.0,0.0,0.0,,Matches
David de Gea,es ESP,GK,1990,14.0,eng Manchester Utd,30-148,5.0,5.0,450.0,5.0,8.0,1.6,20.0,13.0,60.0,3.0,0.0,2.0,1.0,20.0,0.0,0.0,0.0,0.0,,Matches
Pierluigi Gollini,it ITA,GK,1995,15.0,it Atalanta,26-017,3.0,3.0,270.0,3.0,1.0,0.33,6.0,5.0,83.3,2.0,0.0,1.0,2.0,66.7,0.0,0.0,0.0,0.0,,Matches
Alfred Gomis,sn SEN,GK,1993,16.0,fr Rennes,27-211,4.0,4.0,360.0,4.0,7.0,1.75,17.0,12.0,70.6,0.0,1.0,3.0,0.0,0.0,2.0,2.0,0.0,0.0,0.0,Matches
Yevgeni Gorodov,ru RUS,GK,1985,17.0,ru Krasnodar,35-112,2.0,2.0,180.0,2.0,3.0,1.5,12.0,10.0,83.3,0.0,1.0,1.0,0.0,0.0,1.0,1.0,0.0,0.0,0.0,Matches
Péter Gulácsi,hu HUN,GK,1990,18.0,de RB Leipzig,30-333,8.0,8.0,720.0,8.0,16.0,2.0,33.0,21.0,60.6,4.0,0.0,4.0,1.0,12.5,4.0,3.0,1.0,0.0,25.0,Matches
Mert Günok,tr TUR,GK,1989,19.0,tr Başakşehir,32-034,6.0,6.0,540.0,6.0,18.0,3.0,35.0,19.0,54.3,1.0,0.0,5.0,0.0,0.0,2.0,2.0,0.0,0.0,0.0,Matches
Samir Handanović,si SVN,GK,1984,20.0,it Inter,36-264,6.0,6.0,540.0,6.0,9.0,1.5,21.0,15.0,66.7,1.0,3.0,2.0,2.0,33.3,2.0,2.0,0.0,0.0,0.0,Matches
Jesper Hansen,dk DEN,GK,1985,21.0,dk Midtjylland,36-004,4.0,4.0,360.0,4.0,9.0,2.25,30.0,20.0,70.0,0.0,2.0,2.0,0.0,0.0,0.0,0.0,0.0,0.0,,Matches
Dean Henderson,eng ENG,GK,1997,22.0,eng Manchester Utd,24-023,1.0,1.0,90.0,1.0,2.0,2.0,3.0,1.0,33.3,0.0,0.0,1.0,0.0,0.0,0.0,0.0,0.0,0.0,,Matches
Marwin Hitz,ch SUI,GK,1987,23.0,de Dortmund,33-198,4.0,4.0,360.0,4.0,8.0,2.0,20.0,14.0,65.0,2.0,1.0,1.0,0.0,0.0,1.0,1.0,0.0,0.0,0.0,Matches
Ethan Horvath,us USA,GK,1995,24.0,be Club Brugge,25-299,1.0,1.0,90.0,1.0,1.0,1.0,3.0,3.0,66.7,1.0,0.0,0.0,0.0,0.0,0.0,0.0,0.0,0.0,,Matches
Caoimhín Kelleher,ie IRL,GK,1998,25.0,eng Liverpool,22-132,2.0,2.0,180.0,2.0,1.0,0.5,9.0,9.0,100.0,1.0,1.0,0.0,1.0,50.0,1.0,1.0,0.0,0.0,0.0,Matches
Mikhail Kerzhakov,ru RUS,GK,1987,26.0,ru Zenit,34-066,6.0,6.0,540.0,6.0,13.0,2.17,26.0,16.0,61.5,0.0,1.0,5.0,0.0,0.0,3.0,3.0,0.0,0.0,0.0,Matches
Steve Mandanda,fr FRA,GK,1985,27.0,fr Marseille,36-007,6.0,6.0,540.0,6.0,13.0,2.17,26.0,16.0,57.7,1.0,0.0,5.0,0.0,0.0,2.0,2.0,0.0,0.0,0.0,Matches
Agustín Marchesín,ar ARG,GK,1988,28.0,pt Porto,33-019,7.0,7.0,660.0,7.3,7.0,0.95,31.0,24.0,80.6,4.0,1.0,2.0,4.0,57.1,2.0,1.0,0.0,1.0,0.0,Matches
Guilherme Marinato,ru RUS,GK,1985,29.0,ru Loko Moscow,35-113,6.0,6.0,540.0,6.0,11.0,1.83,33.0,23.0,66.7,0.0,3.0,3.0,1.0,16.7,0.0,0.0,0.0,0.0,,Matches
Edouard Mendy,sn SEN,GK,1992,30.0,eng Chelsea,29-034,7.0,7.0,630.0,7.0,1.0,0.14,19.0,18.0,94.7,6.0,1.0,0.0,6.0,85.7,0.0,0.0,0.0,0.0,,Matches
Simon Mignolet,be BEL,GK,1988,31.0,be Club Brugge,33-029,5.0,5.0,450.0,5.0,9.0,1.8,24.0,16.0,66.7,1.0,2.0,2.0,1.0,20.0,1.0,1.0,0.0,0.0,0.0,Matches
Keylor Navas,cr CRC,GK,1986,32.0,fr Paris S-G,34-110,8.0,8.0,720.0,8.0,8.0,1.0,37.0,31.0,86.5,5.0,1.0,2.0,2.0,25.0,4.0,3.0,1.0,0.0,25.0,Matches
Ruslan Neshcheret,ua UKR,GK,2002,33.0,ua Dynamo Kyiv,19-072,1.0,1.0,90.0,1.0,2.0,2.0,13.0,12.0,92.3,0.0,0.0,1.0,0.0,0.0,1.0,1.0,0.0,0.0,0.0,Matches
Neto,br BRA,GK,1989,34.0,es Barcelona,31-259,3.0,3.0,270.0,3.0,2.0,0.67,3.0,3.0,66.7,3.0,0.0,0.0,2.0,66.7,1.0,1.0,0.0,0.0,0.0,Matches
Manuel Neuer,de GER,GK,1986,35.0,de Bayern Munich,35-008,6.0,6.0,540.0,6.0,5.0,0.83,36.0,31.0,86.1,6.0,0.0,0.0,2.0,33.3,0.0,0.0,0.0,0.0,,Matches
Alexander Nübel,de GER,GK,1996,36.0,de Bayern Munich,24-186,2.0,2.0,180.0,2.0,2.0,1.0,5.0,3.0,60.0,1.0,1.0,0.0,0.0,0.0,0.0,0.0,0.0,0.0,,Matches
Jan Oblak,si SVN,GK,1993,37.0,es Atlético Madrid,28-087,8.0,8.0,720.0,8.0,11.0,1.37,23.0,14.0,60.9,2.0,3.0,3.0,2.0,25.0,2.0,2.0,0.0,0.0,0.0,Matches
André Onana,cm CMR,GK,1996,38.0,nl Ajax,25-002,6.0,6.0,540.0,6.0,7.0,1.17,27.0,22.0,77.8,2.0,1.0,3.0,0.0,0.0,1.0,1.0,0.0,0.0,0.0,Matches
Alfonso Pastor,es ESP,GK,2000,39.0,es Sevilla,20-182,1.0,1.0,90.0,1.0,4.0,4.0,5.0,2.0,40.0,0.0,0.0,1.0,0.0,0.0,1.0,1.0,0.0,0.0,0.0,Matches
Andriy Pyatov,ua UKR,GK,1984,40.0,ua Shakhtar,36-280,1.0,1.0,90.0,1.0,4.0,4.0,5.0,2.0,40.0,0.0,0.0,1.0,0.0,0.0,1.0,1.0,0.0,0.0,0.0,Matches
Pepe Reina,es ESP,GK,1982,41.0,it Lazio,38-216,7.0,7.0,630.0,7.0,12.0,1.71,26.0,17.0,61.5,1.0,4.0,2.0,0.0,0.0,2.0,2.0,0.0,0.0,0.0,Matches
José Sá,pt POR,GK,1993,42.0,gr Olympiacos,28-077,6.0,6.0,540.0,6.0,10.0,1.67,31.0,24.0,77.4,1.0,0.0,5.0,1.0,16.7,3.0,3.0,0.0,0.0,0.0,Matches
Matvei Safonov,ru RUS,GK,1999,43.0,ru Krasnodar,22-038,4.0,4.0,360.0,4.0,8.0,2.0,28.0,21.0,78.6,1.0,1.0,2.0,1.0,25.0,3.0,2.0,0.0,1.0,0.0,Matches
Romain Salin,fr FRA,GK,1984,44.0,fr Rennes,36-249,2.0,2.0,180.0,2.0,4.0,2.0,8.0,4.0,50.0,0.0,0.0,2.0,0.0,0.0,0.0,0.0,0.0,0.0,,Matches
Yann Sommer,ch SUI,GK,1988,45.0,de M'Gladbach,32-108,8.0,8.0,720.0,8.0,13.0,1.62,35.0,21.0,62.9,2.0,2.0,4.0,2.0,25.0,0.0,0.0,0.0,0.0,,Matches
Marco Sportiello,it ITA,GK,1992,46.0,it Atalanta,28-329,5.0,5.0,450.0,5.0,11.0,2.2,29.0,20.0,69.0,1.0,2.0,2.0,1.0,20.0,2.0,2.0,0.0,0.0,0.0,Matches
Cican Stankovic,at AUT,GK,1992,47.0,at RB Salzburg,28-151,6.0,6.0,540.0,6.0,17.0,2.83,30.0,16.0,50.0,1.0,1.0,4.0,0.0,0.0,2.0,2.0,0.0,0.0,0.0,Matches
Zack Steffen,us USA,GK,1995,48.0,eng Manchester City,26-002,1.0,1.0,90.0,1.0,0.0,0.0,2.0,2.0,100.0,1.0,0.0,0.0,1.0,100.0,0.0,0.0,0.0,0.0,,Matches
Thomas Strakosha,al ALB,GK,1995,49.0,it Lazio,26-016,1.0,1.0,90.0,1.0,1.0,1.0,7.0,6.0,85.7,1.0,0.0,0.0,0.0,0.0,0.0,0.0,0.0,0.0,,Matches
Wojciech Szczęsny,pl POL,GK,1990,50.0,it Juventus,30-351,7.0,7.0,660.0,7.3,8.0,1.09,26.0,20.0,76.9,5.0,0.0,2.0,2.0,28.6,2.0,2.0,0.0,0.0,0.0,Matches
Marc-André ter Stegen,de GER,GK,1992,51.0,es Barcelona,28-339,5.0,5.0,450.0,5.0,9.0,1.8,22.0,16.0,72.7,2.0,1.0,2.0,1.0,20.0,3.0,3.0,0.0,0.0,0.0,Matches
Anatolii Trubin,ua UKR,GK,2001,52.0,ua Shakhtar,19-246,5.0,5.0,450.0,5.0,8.0,1.6,31.0,23.0,74.2,2.0,2.0,1.0,3.0,60.0,0.0,0.0,0.0,0.0,,Matches
Tomáš Vaclík,cz CZE,GK,1989,53.0,es Sevilla,32-006,2.0,2.0,180.0,2.0,3.0,1.5,5.0,3.0,60.0,2.0,0.0,0.0,0.0,0.0,1.0,1.0,0.0,0.0,0.0,Matches
